B005,147
B023,147
B950,147
B951,147
B952,147
B953,147
B954,147
B955,147
B956,147
B957,147
B958,147
B960,147
B961,147
B962,147
B963,147
B964,147
B965,147
B966,147
B967,147
B968,147
B971,147
B972,147
B974,147
B976,147
B977,147
B978,147
B980,147
E050,147
E051,147
E052,147
E054,147
E058,147
E059,147
E060,147
E063,147
E064,147
E065,147
E069,147
E071,147
E078,147
E079,147
E103,147
E113,147
E133,147
E143,147
E507,147
F000,147
F001,147
F002,147
F009,147
F011,147
F012,147
F013,147
F019,147
F020,147
F021,147
F022,147
F023,147
F028,147
F03X,147
F051,147
F107,147
F117,147
F147,147
F177,147
F700,147
F709,147
F711,147
F719,147
F721,147
F728,147
F729,147
F739,147
F781,147
F789,147
F810,147
F818,147
F819,147
F840,147
F841,147
F842,147
F845,147
F848,147
F849,147
G20X,147
G210,147
G211,147
G214,147
G219,147
G231,147
G233,147
H020,147
H021,147
H022,147
H023,147
H024,147
H025,147
H026,147
H028,147
H029,147
H050,147
H052,147
H053,147
H054,147
H058,147
H100,147
H101,147
H103,147
H104,147
H105,147
H108,147
H109,147
H133,147
H160,147
H161,147
H162,147
H163,147
H164,147
H169,147
H180,147
H181,147
H182,147
H183,147
H184,142
H185,140
H186,75
H187,142
H188,144
H189,55
H191,147
H192,147
H193,147
H198,147
H200,147
H201,147
H208,147
H209,147
H210,147
H211,147
H212,147
H220,147
H250,147
H251,147
H268,147
H270,147
H280,147
H302,147
H309,147
H330,147
H332,147
H333,147
H334,147
H335,147
H350,147
H351,147
H352,147
H353,147
H354,147
H355,147
H356,147
H357,147
H358,147
H359,147
H400,147
H401,144
H402,147
H403,147
H404,147
H405,147
H406,147
H408,147
H409,144
H430,147
H431,147
H440,147
H441,147
H442,147
H444,147
H445,147
H447,145
H449,145
H490,147
H491,147
H492,147
H494,147
H498,147
H499,147
H522,147
H540,147
H541,147
H542,147
H544,147
H545,147
H546,147
H55X,147
H590,147
H598,143
H811,147
H814,147
H910,147
H911,147
H912,147
H913,147
H918,147
I120,147
I350,147
I351,147
I352,147
I358,147
I359,147
I471,147
I480,147
I481,147
I482,147
I483,147
I484,147
I489,147
I500,147
I670,147
I671,147
I672,147
I674,147
I675,147
I677,147
I678,147
I679,147
I694,147
I710,147
I711,147
I712,147
I713,147
I714,147
I716,147
I718,147
I719,147
I730,147
J09X,147
J100,147
J101,147
J108,147
J110,147
J111,147
J118,147
J121,147
J122,147
J123,147
J128,147
J129,147
J13X,147
J14X,147
J150,147
J151,147
J152,147
J153,147
J154,147
J155,147
J156,147
J157,147
J158,147
J159,147
J168,147
J171,147
J172,147
J173,147
J180,147
J181,147
J182,147
J189,147
J202,147
J205,147
J208,147
J209,147
J210,147
J211,147
J218,147
J219,147
J22X,147
J440,147
J441,147
J448,147
J449,147
K20X,147
K210,147
K219,147
K221,147
K30X,147
K440,147
K441,147
K449,147
K500,147
K501,147
K508,147
K509,147
K510,147
K512,147
K513,147
K514,147
K515,147
K518,147
K519,147
K520,147
K521,147
K522,147
K523,147
K528,147
K529,147
K570,147
K571,147
K572,147
K573,147
K574,147
K575,147
K578,147
K579,147
K580,147
K589,147
K590,147
K700,147
K701,147
K702,147
K703,147
K704,147
K709,147
K800,147
K801,147
K802,147
K900,147
L121,147
L97X,147
N083,147
N170,147
N171,147
N172,147
N179,147
N181,147
N182,147
N183,147
N184,147
N185,147
N189,147
N19X,147
N280,147
N281,147
N288,147
N390,147
N40X,147
P050,147
P051,147
P059,147
P070,147
P071,147
P072,147
P073,147
Q000,147
Q019,147
Q02X,147
Q030,147
Q031,147
Q038,147
Q039,147
Q040,147
Q043,147
Q044,147
Q045,147
Q046,147
Q048,147
Q049,147
Q054,147
Q057,147
Q059,147
Q068,147
Q070,147
Q078,147
Q100,147
Q103,147
Q105,147
Q112,147
Q120,147
Q128,147
Q130,147
Q131,147
Q134,147
Q138,147
Q141,147
Q142,147
Q150,147
Q158,147
Q159,147
Q161,147
Q163,147
Q170,147
Q172,147
Q173,147
Q174,147
Q175,147
Q178,147
Q179,147
Q180,147
Q181,147
Q183,147
Q184,147
Q188,147
Q189,147
Q201,147
Q206,147
Q208,147
Q209,147
Q210,147
Q211,147
Q212,147
Q213,147
Q214,147
Q218,147
Q219,147
Q220,147
Q221,147
Q223,147
Q224,147
Q225,147
Q226,147
Q228,147
Q230,147
Q231,147
Q232,147
Q233,147
Q234,147
Q238,147
Q239,147
Q240,147
Q244,147
Q245,147
Q246,147
Q248,147
Q249,147
Q250,147
Q251,147
Q254,147
Q255,147
Q256,147
Q257,147
Q258,147
Q260,147
Q261,147
Q263,147
Q265,147
Q268,147
Q270,147
Q271,147
Q272,147
Q273,147
Q278,147
Q279,147
Q281,147
Q282,147
Q283,147
Q288,147
Q300,147
Q310,147
Q311,147
Q315,147
Q318,147
Q319,147
Q320,147
Q321,147
Q322,147
Q330,147
Q332,147
Q334,147
Q336,147
Q338,147
Q339,147
Q341,147
Q348,147
Q355,147
Q357,147
Q359,147
Q369,147
Q371,147
Q373,147
Q374,147
Q375,147
Q378,147
Q379,147
Q380,147
Q381,147
Q382,147
Q383,147
Q385,147
Q387,147
Q388,147
Q390,147
Q391,147
Q396,147
Q399,147
Q400,147
Q401,147
Q402,147
Q403,147
Q408,147
Q410,147
Q419,147
Q420,147
Q423,147
Q429,147
Q430,147
Q431,147
Q433,147
Q436,147
Q438,147
Q439,147
Q441,147
Q442,147
Q444,147
Q445,147
Q446,147
Q447,147
Q451,147
Q453,147
Q458,147
Q501,147
Q502,147
Q503,147
Q504,147
Q505,147
Q506,147
Q512,147
Q513,147
Q514,147
Q518,147
Q519,147
Q521,147
Q524,147
Q525,147
Q527,147
Q528,147
Q531,147
Q532,147
Q539,147
Q540,147
Q541,147
Q542,147
Q544,147
Q548,147
Q549,147
Q550,147
Q552,147
Q554,147
Q555,147
Q556,147
Q558,147
Q560,147
Q564,147
Q600,147
Q601,147
Q602,147
Q605,147
Q610,147
Q611,147
Q612,147
Q613,147
Q614,147
Q615,147
Q618,147
Q619,147
Q620,147
Q621,147
Q622,147
Q623,147
Q625,147
Q627,147
Q630,147
Q631,147
Q632,147
Q638,147
Q639,147
Q640,147
Q641,147
Q643,147
Q644,147
Q647,147
Q648,147
Q650,147
Q651,147
Q652,147
Q654,147
Q656,147
Q658,147
Q660,147
Q661,147
Q662,147
Q663,147
Q664,147
Q665,147
Q666,147
Q667,147
Q668,147
Q669,147
Q670,147
Q672,147
Q673,147
Q674,147
Q675,147
Q676,147
Q677,147
Q678,147
Q680,147
Q681,147
Q682,147
Q685,147
Q688,147
Q690,147
Q691,147
Q692,147
Q699,147
Q700,147
Q701,147
Q702,147
Q703,147
Q709,147
Q712,147
Q713,147
Q718,147
Q722,147
Q723,147
Q724,147
Q728,147
Q729,147
Q738,147
Q740,147
Q741,147
Q742,147
Q743,147
Q748,147
Q749,147
Q750,147
Q751,147
Q752,147
Q753,147
Q758,147
Q760,147
Q761,147
Q762,147
Q763,147
Q764,147
Q766,147
Q772,147
Q774,147
Q780,147
Q781,147
Q782,147
Q783,147
Q785,147
Q786,147
Q788,147
Q789,147
Q790,147
Q791,147
Q792,147
Q793,147
Q795,147
Q796,147
Q798,147
Q803,147
Q808,147
Q809,147
Q810,147
Q812,147
Q819,147
Q820,147
Q822,147
Q823,147
Q824,147
Q825,147
Q828,147
Q829,147
Q831,147
Q833,147
Q838,147
Q839,147
Q840,147
Q848,147
Q850,147
Q851,147
Q858,147
Q859,147
Q860,147
Q862,147
Q868,147
Q870,147
Q871,147
Q872,147
Q873,147
Q874,147
Q875,147
Q878,147
Q890,147
Q891,147
Q892,147
Q893,147
Q898,147
Q900,147
Q901,147
Q902,147
Q909,147
Q913,147
Q917,147
Q921,147
Q925,147
Q926,147
Q928,147
Q933,147
Q934,147
Q935,147
Q937,147
Q938,147
Q939,147
Q952,147
Q959,147
Q968,147
Q969,147
Q970,147
Q979,147
Q980,147
Q981,147
Q984,147
Q985,147
Q988,147
Q992,147
Q998,147
R001,147
R02X,147
R031,147
R040,147
R13X,147
R15X,147
R260,147
R262,147
R263,147
R268,147
R31X,147
R32X,147
R33X,147
R400,147
R401,147
R402,147
R410,147
R411,147
R412,147
R413,147
R418,147
R440,147
R441,147
R442,147
R443,147
R451,147
R54X,147
R570,147
R572,147
R600,147
R601,147
R609,147
R651,147
R653,147
R836,147
R945,147
S000,147
S001,147
S002,147
S003,147
S004,147
S005,147
S007,147
S008,147
S009,147
S011,146
S0230,147
S050,147
S051,146
S052,147
S053,147
S054,147
S055,147
S056,147
S058,147
S059,146
T852,147
T853,146
U071,147
U072,147
Z223,147
Z515,147
Z602,147
Z614,147
Z720,147
Z738,147
Z740,147
Z741,147
Z742,147
Z748,147
Z750,147
Z751,147
Z753,147
Z754,147
Z755,147
Z861,147
Z863,147
Z864,147
Z866,147
Z867,147
Z871,147
Z876,147
Z880,147
Z921,147
Z923,147
Z930,147
Z931,147
Z932,147
Z933,147
Z934,147
Z935,147
Z936,147
Z938,147
Z939,147
Z940,147
Z941,147
Z942,147
Z944,147
Z946,147
Z947,147
Z948,147
Z949,147
Z993,147
