A045,128
A047,128
A048,128
A081,128
A400,128
A401,128
A402,128
A403,128
A408,128
A409,128
A410,128
A411,128
A412,128
A414,128
A415,128
A418,128
A419,128
A490,128
B370,128
B371,128
B372,128
B373,128
B374,128
B377,128
B378,128
B379,128
C150,128
C153,128
C154,127
C155,126
C158,128
C159,124
C160,128
C161,128
C162,128
C163,128
C164,128
C165,128
C166,128
C168,128
C169,128
C172,128
C180,128
C181,128
C182,128
C183,128
C184,128
C185,128
C186,128
C187,125
C188,128
C189,125
C19X,128
C20X,126
C220,128
C221,128
C222,128
C229,128
C250,128
C251,128
C252,128
C253,128
C257,128
C258,128
C259,128
C480,128
C481,128
C482,128
C784,128
C785,128
C786,128
C787,128
C793,128
D500,128
D501,128
D508,128
D509,128
D510,128
D511,128
D513,128
D519,128
D521,128
D528,128
D529,128
D531,128
D539,128
D550,128
D552,128
D560,128
D561,128
D562,128
D563,128
D564,128
D568,128
D569,128
D570,128
D571,128
D572,128
D573,128
D580,128
D581,128
D582,128
D588,128
D589,128
D591,128
D593,128
D594,128
D595,128
D596,128
D599,128
D600,128
D608,128
D609,128
D610,128
D611,128
D612,128
D613,128
D618,128
D619,128
D62X,128
D630,128
D638,128
D643,128
D648,128
D649,128
D680,128
D681,128
D682,128
D683,128
D684,128
D685,128
D686,128
D688,128
D689,128
D693,128
D694,128
D695,128
D696,128
D70X,128
D728,128
E031,128
E032,128
E034,128
E038,128
E039,128
E101,128
E102,128
E103,128
E104,128
E105,128
E106,128
E109,128
E110,128
E111,128
E112,128
E113,128
E114,128
E115,128
E116,128
E117,128
E128,128
E131,128
E133,128
E134,128
E135,128
E136,128
E138,128
E139,128
E141,128
E142,128
E143,128
E144,128
E145,128
E146,128
E148,128
E340,128
E41X,128
E43X,128
E441,128
E46X,128
E662,128
E668,128
E86X,128
E872,128
E875,128
E876,128
E877,128
E878,128
E880,128
F000,128
F001,128
F002,128
F009,128
F011,128
F012,128
F013,128
F019,128
F020,128
F021,128
F022,128
F023,128
F028,128
F03X,128
F050,128
F051,128
F058,128
F059,128
F840,128
F841,128
F842,128
F845,128
F848,128
F849,128
G20X,128
G300,128
G301,128
G308,128
G309,128
G310,128
G311,128
G312,128
G318,128
G319,128
G450,128
G453,128
G454,128
G458,128
G459,128
G700,128
G800,128
G820,128
G821,128
G822,128
G824,128
G825,128
H612,128
I120,128
I200,128
I201,128
I208,128
I209,128
I210,128
I211,128
I212,128
I213,128
I214,128
I219,128
I220,128
I221,128
I229,128
I250,128
I251,128
I252,128
I253,128
I254,128
I255,128
I256,128
I258,128
I259,128
I260,128
I269,128
I420,128
I421,128
I422,128
I423,128
I424,128
I425,128
I426,128
I427,128
I428,128
I429,128
I460,128
I480,128
I481,128
I482,128
I483,128
I484,128
I489,128
I490,128
I491,128
I492,128
I493,128
I494,128
I495,128
I498,128
I500,128
I610,128
I611,128
I612,128
I613,128
I614,128
I615,128
I616,128
I618,128
I619,128
I620,128
I629,128
I630,128
I631,128
I632,128
I633,128
I634,128
I635,128
I636,128
I638,128
I639,128
I64X,128
I694,128
I801,128
I802,128
J09X,128
J100,128
J101,128
J108,128
J110,128
J111,128
J118,128
J121,128
J122,128
J123,128
J128,128
J129,128
J13X,128
J14X,128
J150,128
J151,128
J152,128
J153,128
J154,128
J155,128
J156,128
J157,128
J158,128
J159,128
J168,128
J171,128
J172,128
J173,128
J180,128
J181,128
J182,128
J189,128
J202,128
J205,128
J208,128
J209,128
J210,128
J211,128
J218,128
J219,128
J22X,128
J410,128
J42X,128
J431,128
J432,128
J438,128
J439,128
J440,128
J441,128
J448,128
J449,128
J690,128
J698,128
J90X,128
J950,128
J960,128
J9600,128
J9601,128
J9609,128
J961,128
J9610,128
J9611,128
J9619,128
J969,128
J9690,128
J9691,128
J9699,128
J981,128
K20X,127
K210,128
K226,128
K250,128
K254,128
K260,128
K264,128
K266,128
K274,128
K284,128
K290,128
K291,128
K315,128
K500,128
K501,128
K508,128
K509,128
K510,128
K512,128
K513,128
K514,128
K515,128
K518,128
K519,127
K520,128
K521,128
K522,128
K523,128
K528,128
K529,128
K550,128
K563,128
K564,128
K565,128
K566,128
K570,128
K572,128
K574,128
K578,128
K613,128
K614,128
K625,128
K631,128
K632,128
K650,128
K658,128
K659,128
K660,128
K720,128
K721,128
K729,128
K800,128
K801,128
K803,128
K804,128
K805,128
K810,128
K830,128
K831,128
K850,128
K851,128
K852,128
K853,128
K858,128
K859,127
K914,128
K918,128
K920,128
K921,128
K922,128
L030,128
L031,128
L032,128
L033,128
L038,128
L039,128
L050,128
L080,128
L081,128
L088,128
L089,128
L892,128
L893,128
M051,128
M0510,128
M052,128
M053,128
M058,128
M059,128
M0590,128
M0591,128
M0593,128
M0594,128
M0595,128
M0596,128
M0597,128
M0599,128
M060,128
M0600,128
M0604,128
M0605,128
M0606,128
M0608,128
M0609,128
M061,128
M0610,128
M063,128
M0630,128
M0634,128
M064,128
M0640,128
M0644,128
M0646,128
M0649,128
M068,128
M069,128
M0690,128
M0691,128
M0692,128
M0693,128
M0694,128
M0695,128
M0696,128
M0697,128
M0698,128
M0699,128
M150,128
M151,128
M152,128
M154,128
M158,128
M159,128
N170,128
N171,128
N172,128
N179,128
N181,128
N182,128
N183,128
N184,128
N185,128
N189,128
N19X,128
N321,128
N390,128
N823,128
P050,128
P051,128
P059,128
P070,128
P071,128
P072,128
P073,128
P220,128
P251,128
P271,128
P278,128
P279,128
P293,128
P298,128
P590,128
P704,128
Q210,128
Q211,128
Q250,128
Q431,128
Q900,128
Q901,128
Q902,128
Q909,128
R001,128
R02X,128
R031,128
R040,128
R092,128
R100,128
R11X,128
R13X,128
R15X,128
R17X,128
R18X,128
R260,128
R262,128
R263,128
R268,128
R31X,128
R32X,128
R33X,128
R400,128
R401,128
R402,128
R410,128
R411,128
R412,128
R413,128
R418,128
R440,128
R441,128
R442,128
R443,128
R451,128
R471,128
R502,128
R508,128
R509,128
R521,128
R54X,128
R570,128
R572,128
R600,128
R601,128
R609,128
R628,128
R630,128
R64X,128
R651,128
R653,128
R836,128
R945,128
S7200,128
T810,128
T813,128
T814,128
T818,128
T827,128
T855,128
T857,128
U071,128
U072,128
Z515,128
Z602,128
Z614,128
Z738,128
Z740,128
Z741,128
Z742,128
Z748,128
Z750,128
Z751,128
Z753,128
Z754,128
Z755,128
Z850,128
Z867,128
Z921,128
Z930,128
Z931,128
Z932,128
Z933,128
Z934,128
Z935,128
Z936,128
Z938,128
Z939,128
Z940,128
Z941,128
Z942,128
Z944,128
Z946,128
Z947,128
Z948,128
Z949,128
Z992,128
