A040,25
A042,25
A043,25
A044,25
A045,25
A046,25
A047,25
A048,25
A080,25
A081,25
A083,25
A084,25
A085,25
A090,25
A099,25
A150,25
A151,25
A152,25
A153,25
A154,25
A156,25
A157,25
A400,25
A401,25
A402,25
A403,25
A408,25
A409,25
A410,25
A411,25
A412,25
A414,25
A415,25
A418,25
A419,25
B964,25
B965,25
C220,25
C221,24
C222,25
C229,24
C250,23
C251,24
C252,24
C253,25
C257,25
C258,25
C259,19
C780,25
C786,25
D130,25
D131,25
D132,25
D133,25
D134,25
D135,25
D136,25
D137,25
D139,25
D65X,25
D680,25
D681,25
D682,25
D683,25
D684,25
D685,25
D686,25
D688,25
D689,25
D690,25
D691,25
D692,25
D693,25
D694,25
D695,25
D696,25
D698,25
D699,25
D730,25
D731,25
D733,25
D734,25
D735,25
D738,25
E101,25
E102,25
E103,25
E104,25
E105,25
E106,25
E109,25
E110,25
E111,25
E112,25
E113,25
E114,25
E115,25
E116,25
E117,25
E128,25
E131,25
E133,25
E134,25
E135,25
E136,25
E138,25
E139,25
E141,25
E142,25
E143,25
E144,25
E145,25
E146,25
E148,25
E340,25
E41X,25
E43X,25
E441,25
E46X,25
E86X,25
E870,25
E871,25
E872,25
E873,25
E874,25
E875,25
E876,25
E877,25
E878,25
F000,25
F001,25
F002,25
F009,25
F011,25
F012,25
F013,25
F019,25
F020,25
F021,25
F022,25
F023,25
F028,25
F03X,25
F050,25
F051,25
F058,25
F059,25
F062,25
F067,25
F068,25
F100,25
F101,25
F102,25
F103,25
F104,25
F105,25
F106,25
F107,25
F109,25
F220,25
F228,25
F229,25
F840,25
F841,25
F842,25
F845,25
F848,25
F849,25
G300,25
G301,25
G308,25
G309,25
G310,25
G311,25
G312,25
G318,25
G319,25
G800,25
G930,25
G931,25
G932,25
G934,25
G935,25
G936,25
G938,25
I050,25
I051,25
I052,25
I058,25
I059,25
I080,25
I081,25
I082,25
I083,25
I088,25
I089,25
I120,25
I129,25
I200,25
I201,25
I208,25
I209,25
I210,25
I211,25
I212,25
I213,25
I214,25
I219,25
I250,25
I251,25
I252,25
I253,25
I254,25
I255,25
I256,25
I258,25
I259,25
I260,25
I269,25
I311,25
I312,25
I313,25
I319,25
I350,25
I351,25
I352,25
I358,25
I359,25
I420,25
I421,25
I422,25
I423,25
I424,25
I425,25
I426,25
I427,25
I428,25
I429,25
I460,25
I470,25
I471,25
I472,25
I479,25
I480,25
I481,25
I482,25
I483,25
I484,25
I489,25
I490,25
I491,25
I492,25
I493,25
I494,25
I495,25
I498,25
I499,25
I500,25
I501,25
I509,25
I610,25
I611,25
I612,25
I613,25
I614,25
I615,25
I616,25
I618,25
I619,25
I620,25
I629,25
I630,25
I631,25
I632,25
I633,25
I634,25
I635,25
I636,25
I638,25
I639,25
I64X,25
I670,25
I671,25
I672,25
I674,25
I675,25
I677,25
I678,25
I679,25
I690,25
I691,25
I692,25
I693,25
I694,25
I698,25
I700,25
I7000,25
I7001,25
I701,25
I7010,25
I7011,25
I7020,25
I7021,25
I708,25
I7080,25
I7081,25
I7090,25
I740,25
I741,25
I742,25
I743,25
I744,25
I745,25
I748,25
I749,25
I81X,25
I820,25
I822,25
I823,25
I828,25
I829,25
I850,25
I859,25
I950,25
I951,25
I952,25
I958,25
I959,25
J060,25
J068,25
J09X,25
J100,25
J101,25
J108,25
J110,25
J111,25
J118,25
J121,25
J122,25
J123,25
J128,25
J129,25
J13X,25
J14X,25
J150,25
J151,25
J152,25
J153,25
J154,25
J155,25
J156,25
J157,25
J158,25
J159,25
J168,25
J171,25
J172,25
J173,25
J180,25
J181,25
J182,25
J189,25
J202,25
J205,25
J208,25
J209,25
J210,25
J211,25
J218,25
J219,25
J22X,25
J431,25
J432,25
J438,25
J439,25
J440,25
J441,25
J448,25
J449,25
J80X,25
J81X,25
J840,25
J841,25
J848,25
J849,25
J90X,25
J960,25
J9600,25
J9601,25
J9609,25
J961,25
J9610,25
J9611,25
J9619,25
J969,25
J9690,25
J9691,25
J9699,25
J980,25
J981,25
J982,25
J984,25
J985,25
J986,25
J988,25
K250,25
K251,25
K253,25
K254,25
K255,25
K257,25
K259,25
K260,25
K261,25
K263,25
K264,25
K265,25
K266,25
K267,25
K269,25
K271,25
K274,25
K277,25
K279,25
K283,25
K284,25
K289,25
K290,25
K291,25
K292,25
K293,25
K294,25
K295,25
K296,25
K297,25
K298,25
K299,25
K500,25
K501,25
K508,25
K509,25
K520,25
K521,25
K522,25
K523,25
K528,25
K529,25
K560,25
K561,25
K562,25
K563,25
K564,25
K565,25
K566,25
K567,25
K570,25
K571,25
K572,25
K573,25
K574,25
K575,25
K578,25
K579,25
K590,25
K630,25
K631,25
K632,25
K633,25
K634,25
K635,25
K638,25
K639,25
K650,25
K658,25
K659,25
K661,25
K668,25
K700,25
K701,25
K702,25
K703,25
K704,25
K709,25
K710,25
K711,25
K712,25
K716,25
K717,25
K718,25
K719,25
K720,25
K721,25
K729,25
K730,25
K732,25
K738,25
K739,25
K740,25
K743,25
K744,25
K745,25
K746,25
K760,25
K761,25
K763,25
K764,25
K766,25
K767,25
K768,25
K769,25
K800,25
K801,25
K802,25
K803,25
K804,25
K805,25
K808,25
K810,25
K811,25
K818,25
K819,25
K830,25
K831,25
K832,25
K833,25
K834,25
K835,25
K838,25
K839,25
K850,25
K851,25
K852,25
K853,25
K858,25
K859,25
K860,25
K861,25
K862,25
K863,25
K868,25
K869,25
K918,25
K920,25
K921,25
K922,25
K928,25
L080,25
L081,25
L088,25
L089,25
M051,25
M0510,25
M052,25
M053,25
M058,25
M059,25
M0590,25
M0591,25
M0593,25
M0594,25
M0595,25
M0596,25
M0597,25
M0599,25
M060,25
M0600,25
M0604,25
M0605,25
M0606,25
M0608,25
M0609,25
M061,25
M0610,25
M063,25
M0630,25
M0634,25
M064,25
M0640,25
M0644,25
M0646,25
M0649,25
M068,25
M069,25
M0690,25
M0691,25
M0692,25
M0693,25
M0694,25
M0695,25
M0696,25
M0697,25
M0698,25
M0699,25
N170,25
N171,25
N172,25
N179,25
N181,25
N182,25
N183,25
N184,25
N185,25
N189,25
N19X,25
N280,25
N281,25
N288,25
N390,25
P050,25
P051,25
P059,25
P070,25
P071,25
P072,25
P073,25
P220,25
P251,25
P293,25
P298,25
P590,25
P704,25
Q210,25
Q211,25
Q250,25
Q900,25
Q901,25
Q902,25
Q909,25
R001,25
R02X,25
R031,25
R040,25
R13X,25
R15X,25
R17X,25
R18X,25
R260,25
R262,25
R263,25
R268,25
R31X,25
R32X,25
R33X,25
R400,25
R401,25
R402,25
R410,25
R411,25
R412,25
R413,25
R418,25
R440,25
R441,25
R442,25
R443,25
R451,25
R54X,25
R570,25
R572,25
R600,25
R601,25
R609,25
R628,25
R634,25
R651,25
R653,25
R836,25
R945,25
S7200,25
S7210,25
S722,25
S7220,25
S7230,25
S7231,25
S724,25
S7240,25
S7241,25
S7280,25
S7290,25
T810,25
T811,25
T813,25
T814,25
T817,25
T818,25
T827,25
T860,25
T861,25
T868,25
U071,25
U072,25
Z515,25
Z602,25
Z614,25
Z738,25
Z740,25
Z741,25
Z742,25
Z748,25
Z749,25
Z750,25
Z751,25
Z753,25
Z754,25
Z755,25
Z867,25
Z930,25
Z931,25
Z932,25
Z933,25
Z934,25
Z935,25
Z936,25
Z938,25
Z939,25
Z940,25
Z941,25
Z942,25
Z944,25
Z946,25
Z947,25
Z948,25
Z949,25
Z950,25
Z951,25
Z952,25
Z953,25
Z954,25
Z955,25
C787,10
