A040,3
A042,3
A043,3
A044,3
A045,3
A046,3
A047,3
A048,3
A180,3
A400,3
A401,3
A402,3
A403,3
A408,3
A409,3
A410,3
A411,3
A412,3
A414,3
A415,3
A418,3
A419,3
A490,3
B182,3
B203,3
B204,3
B206,3
B209,3
B213,3
B220,3
B227,3
B232,3
B24X,3
B900,3
B908,3
B909,3
B91X,3
B950,3
B951,3
B952,3
B953,3
B954,3
B955,3
B956,3
B957,3
B958,3
B960,3
B961,3
B962,3
B963,3
B964,3
B965,3
B966,3
B967,3
B968,3
C20X,3
C340,3
C341,3
C342,3
C343,3
C348,3
C349,3
C500,3
C501,3
C502,3
C503,3
C504,3
C505,3
C506,3
C508,3
C509,3
C61X,3
C64X,3
C670,3
C671,3
C672,3
C673,3
C674,3
C675,3
C676,3
C677,3
C678,3
C679,3
C780,3
C787,3
C793,3
C795,3
C798,3
C800,3
C900,3
C902,3
C911,3
C920,3
D250,3
D251,3
D252,3
D259,3
D461,3
D462,3
D464,3
D465,3
D466,3
D467,3
D469,3
D500,3
D501,3
D508,3
D509,3
D510,3
D511,3
D513,3
D519,3
D521,3
D528,3
D529,3
D531,3
D539,3
D550,3
D552,3
D560,3
D561,3
D562,3
D563,3
D564,3
D568,3
D569,3
D570,3
D571,3
D572,3
D573,3
D580,3
D581,3
D582,3
D588,3
D589,3
D591,3
D593,3
D594,3
D595,3
D596,3
D599,3
D600,3
D608,3
D609,3
D610,3
D611,3
D612,3
D613,3
D618,3
D619,3
D62X,3
D630,3
D638,3
D643,3
D648,3
D649,3
D66X,3
D680,3
D682,3
D683,3
D693,3
D694,3
D695,3
D696,3
D70X,3
D730,3
E031,3
E032,3
E034,3
E038,3
E039,3
E050,3
E051,3
E052,3
E054,3
E058,3
E059,3
E101,3
E102,3
E103,3
E104,3
E105,3
E106,3
E109,3
E110,3
E111,3
E112,3
E113,3
E114,3
E115,3
E116,3
E117,3
E119,3
E128,3
E131,3
E133,3
E134,3
E135,3
E136,3
E138,3
E139,3
E160,3
E161,3
E162,3
E559,3
E660,3
E661,3
E662,3
E668,3
E669,3
E835,3
E86X,3
E871,3
E872,3
E875,3
E876,3
E890,3
F000,3
F001,3
F002,3
F009,3
F011,3
F012,3
F013,3
F019,3
F020,3
F021,3
F022,3
F023,3
F028,3
F03X,3
F050,3
F051,3
F058,3
F059,3
F101,3
F102,3
F103,3
F111,3
F112,3
F113,3
F200,3
F202,3
F204,3
F209,3
F310,3
F311,3
F312,3
F313,3
F314,3
F315,3
F316,3
F317,3
F318,3
F319,3
F840,3
F841,3
F842,3
F845,3
F848,3
F849,3
G061,3
G122,3
G20X,3
G300,3
G301,3
G308,3
G309,3
G310,3
G311,3
G312,3
G318,3
G319,3
G35X,3
G400,3
G401,3
G402,3
G403,3
G404,3
G405,3
G406,3
G407,3
G408,3
G409,3
G410,3
G411,3
G412,3
G418,3
G419,3
G450,3
G453,3
G454,3
G458,3
G459,3
G473,3
G546,3
G610,3
G800,3
G801,3
G802,3
G803,3
G804,3
G808,3
G809,3
G810,3
G811,3
G819,3
G820,3
G821,3
G822,3
G824,3
G825,3
G830,3
G831,3
G832,3
G834,3
G835,3
G838,3
G839,3
G910,3
G911,3
G912,3
G913,3
G918,3
G919,3
G932,3
G950,3
G951,3
G952,3
G960,3
G992,3
H540,3
H900,3
H903,3
H906,3
I050,3
I051,3
I052,3
I058,3
I059,3
I060,3
I071,3
I078,3
I079,3
I080,3
I081,3
I082,3
I083,3
I088,3
I089,3
I090,3
I092,3
I098,3
I099,3
I10X,3
I120,3
I129,3
I200,3
I201,3
I208,3
I209,3
I210,3
I211,3
I212,3
I213,3
I214,3
I219,3
I220,3
I221,3
I229,3
I250,3
I251,3
I252,3
I253,3
I254,3
I255,3
I256,3
I258,3
I259,3
I260,3
I269,3
I270,3
I340,3
I350,3
I351,3
I440,3
I444,3
I445,3
I446,3
I447,3
I450,3
I451,3
I460,3
I471,3
I480,3
I481,3
I482,3
I483,3
I484,3
I489,3
I490,3
I491,3
I492,3
I493,3
I494,3
I495,3
I498,3
I499,3
I500,3
I501,3
I509,3
I517,3
I652,3
I672,3
I693,3
I694,3
I730,3
I731,3
I738,3
I739,3
I801,3
I802,3
I872,3
I890,3
J09X,3
J100,3
J101,3
J108,3
J110,3
J111,3
J118,3
J121,3
J122,3
J123,3
J128,3
J129,3
J13X,3
J14X,3
J150,3
J151,3
J152,3
J153,3
J154,3
J155,3
J156,3
J157,3
J158,3
J159,3
J168,3
J171,3
J172,3
J173,3
J180,3
J181,3
J182,3
J189,3
J202,3
J205,3
J208,3
J209,3
J210,3
J211,3
J218,3
J219,3
J22X,3
J431,3
J432,3
J438,3
J439,3
J440,3
J441,3
J448,3
J449,3
J47X,3
J690,3
J90X,3
J960,3
J9600,3
J9601,3
J9609,3
J961,3
J9610,3
J9611,3
J9619,3
J969,3
J9690,3
J9691,3
J9699,3
J981,3
K590,3
K625,3
K700,3
K701,3
K702,3
K703,3
K704,3
K709,3
K720,3
K721,3
K729,3
K730,3
K732,3
K738,3
K739,3
K740,3
K743,3
K744,3
K745,3
K746,3
K766,3
K850,3
K851,3
K852,3
K853,3
K858,3
K859,3
K860,3
K861,3
K920,3
K921,3
K922,3
L890,3
L891,3
L892,3
L893,3
L899,3
L97X,3
M0001,3
M0003,3
M0004,3
M0005,3
M0006,3
M0007,3
M0021,3
M0023,3
M0024,3
M0025,3
M0026,3
M0027,3
M0081,3
M0086,3
M009,3
M0090,3
M0091,3
M0092,3
M0093,3
M0094,3
M0095,3
M0096,3
M0097,3
M051,3
M0510,3
M052,3
M053,3
M058,3
M059,3
M0590,3
M0591,3
M0593,3
M0594,3
M0595,3
M0596,3
M0597,3
M0599,3
M060,3
M0600,3
M0604,3
M0605,3
M0606,3
M0608,3
M0609,3
M061,3
M0610,3
M063,3
M0630,3
M0634,3
M064,3
M0640,3
M0644,3
M0646,3
M0649,3
M8040,3
M8048,3
M8080,3
M8085,3
M8086,3
M8088,3
M809,3
M8090,3
M8091,3
M8092,3
M8093,3
M8095,3
M8096,3
M8097,3
M8098,3
M9070,3
M9071,3
M9072,3
M9073,3
M9075,3
M9076,3
M9078,3
N031,3
N032,3
N039,3
N083,3
N130,3
N131,3
N132,3
N133,3
N170,3
N171,3
N172,3
N179,3
N181,3
N182,3
N183,3
N184,3
N185,3
N189,3
N19X,3
N390,3
N40X,3
N990,3
P050,3
P051,3
P059,3
P070,3
P071,3
P072,3
P073,3
P917,3
Q054,3
Q057,3
Q059,3
Q070,3
R000,3
R001,3
R02X,3
R031,3
R040,3
R092,3
R13X,3
R15X,3
R260,3
R262,3
R263,3
R268,3
R31X,3
R32X,3
R33X,3
R400,3
R401,3
R402,3
R410,3
R411,3
R412,3
R413,3
R418,3
R440,3
R441,3
R442,3
R443,3
R451,3
R54X,3
R570,3
R572,3
R600,3
R601,3
R609,3
R651,3
R653,3
R836,3
R945,3
T810,3
T813,3
T814,3
T817,3
T827,3
T845,3
T846,3
T847,3
T857,3
T913,3
U071,3
U072,3
Z515,3
Z602,3
Z614,3
Z615,3
Z616,3
Z738,3
Z740,3
Z741,3
Z742,3
Z748,3
Z750,3
Z751,3
Z753,3
Z754,3
Z755,3
Z891,3
Z892,3
Z893,3
Z894,3
Z895,3
Z896,3
Z897,3
Z898,3
Z905,3
Z921,3
Z930,3
Z931,3
Z932,3
Z933,3
Z934,3
Z935,3
Z936,3
Z938,3
Z939,3
Z940,3
Z941,3
Z942,3
Z944,3
Z946,3
Z947,3
Z948,3
Z949,3
Z950,3
Z951,3
Z954,3
Z955,3
Z958,3
Z992,3
Z993,3
