A040,107
A042,107
A043,107
A044,107
A045,107
A046,107
A047,107
A048,107
A180,107
A400,107
A401,107
A402,107
A403,107
A408,107
A409,107
A410,107
A411,107
A412,107
A414,107
A415,107
A418,107
A419,107
A490,107
B182,107
B203,107
B204,107
B206,107
B209,107
B213,107
B220,107
B227,107
B232,107
B24X,107
B900,107
B908,107
B909,107
B91X,107
B950,107
B951,107
B952,107
B953,107
B954,107
B955,107
B956,107
B957,107
B958,107
B960,107
B961,107
B962,107
B963,107
B964,107
B965,107
B966,107
B967,107
B968,107
C20X,107
C340,107
C341,107
C342,107
C343,107
C348,107
C349,106
C500,107
C501,107
C502,107
C503,107
C504,107
C505,107
C506,107
C508,107
C509,107
C61X,107
C64X,107
C670,107
C671,107
C672,107
C673,107
C674,107
C675,107
C676,107
C677,107
C678,107
C679,107
C780,107
C787,107
C793,107
C798,107
C900,107
C902,107
C911,107
C920,107
D250,107
D251,107
D252,107
D259,107
D461,107
D462,107
D464,107
D465,107
D466,107
D467,107
D469,107
D500,107
D501,107
D508,107
D509,107
D510,107
D511,107
D513,107
D519,107
D521,107
D528,107
D529,107
D531,107
D539,107
D550,107
D552,107
D560,107
D561,107
D562,107
D563,107
D564,107
D568,107
D569,107
D570,107
D571,107
D572,107
D573,107
D580,107
D581,107
D582,107
D588,107
D589,107
D591,107
D593,107
D594,107
D595,107
D596,107
D599,107
D600,107
D608,107
D609,107
D610,107
D611,107
D612,107
D613,107
D618,107
D619,107
D62X,107
D630,107
D638,107
D643,107
D648,107
D649,107
D66X,107
D680,107
D682,107
D683,107
D693,107
D694,107
D695,107
D696,107
D70X,107
D730,107
E031,107
E032,107
E034,107
E038,107
E039,103
E050,107
E051,107
E052,107
E054,107
E058,107
E059,107
E101,107
E102,107
E103,107
E104,107
E105,107
E106,107
E109,107
E110,107
E111,107
E112,107
E113,107
E114,107
E115,107
E116,107
E117,107
E119,107
E128,107
E131,107
E133,107
E134,107
E135,107
E136,107
E138,107
E139,107
E160,107
E161,107
E162,107
E559,105
E660,107
E661,107
E662,107
E668,107
E669,97
E835,107
E86X,107
E871,107
E872,107
E875,107
E876,107
E890,107
F000,107
F001,107
F002,107
F009,107
F011,107
F012,107
F013,107
F019,107
F020,107
F021,107
F022,107
F023,107
F028,107
F03X,106
F050,107
F051,107
F058,107
F059,107
F101,107
F102,107
F103,107
F111,107
F112,107
F113,107
F200,107
F202,107
F204,107
F209,107
F310,107
F311,107
F312,107
F313,107
F314,107
F315,107
F316,107
F317,107
F318,107
F319,107
F840,107
F841,107
F842,107
F845,107
F848,107
F849,107
G061,107
G122,107
G20X,106
G300,107
G301,107
G308,107
G309,107
G310,107
G311,107
G312,107
G318,107
G319,107
G35X,107
G400,107
G401,107
G402,107
G403,107
G404,107
G405,107
G406,107
G407,107
G408,107
G409,107
G410,107
G411,107
G412,107
G418,107
G419,107
G450,107
G453,107
G454,107
G458,107
G459,107
G473,106
G546,107
G610,107
G800,107
G801,107
G802,107
G803,107
G804,107
G808,107
G809,107
G810,107
G811,107
G819,107
G820,107
G821,107
G822,107
G824,107
G825,107
G830,107
G831,107
G832,107
G834,107
G835,107
G838,107
G839,107
G910,107
G911,107
G912,107
G913,107
G918,107
G919,107
G932,107
G950,107
G951,107
G952,107
G960,107
G992,107
H540,107
H900,107
H903,107
H906,107
I050,107
I051,107
I052,107
I058,107
I059,107
I060,107
I071,107
I078,107
I079,107
I080,106
I081,107
I082,107
I083,107
I088,107
I089,107
I090,107
I092,107
I098,107
I099,107
I10X,97
I120,107
I129,107
I200,107
I201,107
I208,107
I209,107
I210,107
I211,107
I212,107
I213,107
I214,107
I219,107
I220,107
I221,107
I229,107
I250,107
I251,107
I252,107
I253,107
I254,107
I255,107
I256,107
I258,107
I259,107
I260,107
I269,107
I270,107
I340,107
I350,107
I351,107
I440,107
I444,107
I445,107
I446,107
I447,107
I450,107
I451,107
I460,107
I471,107
I480,107
I481,107
I482,107
I483,107
I484,107
I489,107
I490,107
I491,107
I492,107
I493,107
I494,107
I495,107
I498,107
I499,107
I500,107
I501,107
I509,107
I517,107
I652,107
I672,107
I693,107
I694,107
I730,107
I731,107
I738,107
I739,107
I801,107
I802,107
I872,107
I890,107
J09X,107
J100,107
J101,107
J108,107
J110,107
J111,107
J118,107
J121,107
J122,107
J123,107
J128,107
J129,107
J13X,107
J14X,107
J150,107
J151,107
J152,107
J153,107
J154,107
J155,107
J156,107
J157,107
J158,107
J159,107
J168,107
J171,107
J172,107
J173,107
J180,107
J181,107
J182,107
J189,107
J202,107
J205,107
J208,107
J209,107
J210,107
J211,107
J218,107
J219,107
J22X,107
J431,107
J432,107
J438,107
J439,107
J440,107
J441,107
J448,107
J449,107
J47X,107
J690,107
J90X,107
J960,107
J9600,107
J9601,107
J9609,107
J961,107
J9610,107
J9611,107
J9619,107
J969,107
J9690,107
J9691,107
J9699,107
J981,107
K590,107
K625,107
K700,107
K701,107
K702,107
K703,107
K704,107
K709,107
K720,107
K721,107
K729,107
K730,107
K732,107
K738,107
K739,107
K740,107
K743,107
K744,107
K745,107
K746,107
K766,107
K850,107
K851,107
K852,107
K853,107
K858,107
K859,107
K860,107
K861,107
K920,107
K921,107
K922,107
L890,107
L891,107
L892,107
L893,107
L899,107
L97X,107
M0001,107
M0003,107
M0004,107
M0005,107
M0006,107
M0007,107
M0021,107
M0023,107
M0024,107
M0025,107
M0026,107
M0027,107
M0081,107
M0086,107
M009,106
M0090,106
M0091,106
M0092,106
M0093,106
M0094,106
M0095,106
M0096,106
M0097,106
M051,107
M0510,107
M052,107
M053,107
M058,107
M059,107
M0590,107
M0591,107
M0593,107
M0594,107
M0595,107
M0596,107
M0597,107
M0599,107
M060,107
M0600,107
M0604,107
M0605,107
M0606,107
M0608,107
M0609,107
M061,107
M0610,107
M063,107
M0630,107
M0634,107
M064,107
M0640,107
M0644,107
M0646,107
M0649,107
M8040,107
M8048,107
M8080,107
M8085,107
M8086,107
M8088,107
M809,107
M8090,107
M8091,107
M8092,107
M8093,107
M8095,107
M8096,107
M8097,107
M8098,107
M9070,107
M9071,107
M9072,107
M9073,107
M9075,107
M9076,107
M9078,107
N031,107
N032,107
N039,107
N083,107
N130,107
N131,107
N132,107
N133,107
N170,107
N171,107
N172,107
N179,107
N181,107
N182,107
N183,107
N184,107
N185,107
N189,107
N19X,107
N390,107
N40X,107
N990,107
P050,107
P051,107
P059,107
P070,107
P071,107
P072,107
P073,107
P917,107
Q054,107
Q057,107
Q059,107
Q070,107
R000,106
R001,107
R02X,107
R031,107
R040,107
R092,107
R13X,107
R15X,107
R260,107
R262,107
R263,107
R268,106
R31X,107
R32X,107
R33X,107
R400,107
R401,107
R402,107
R410,107
R411,107
R412,107
R413,107
R418,107
R440,107
R441,107
R442,107
R443,107
R451,107
R54X,107
R570,107
R572,107
R600,107
R601,107
R609,107
R651,107
R653,107
R836,107
R945,107
S2710,106
S272,106
S2720,106
T810,107
T813,107
T814,107
T817,107
T827,107
T845,107
T846,106
T847,107
T857,107
T913,107
U071,107
U072,107
Z515,107
Z602,107
Z614,107
Z615,107
Z616,107
Z738,107
Z740,107
Z741,107
Z742,107
Z748,107
Z750,107
Z751,106
Z753,107
Z754,107
Z755,107
Z891,107
Z892,107
Z893,107
Z894,107
Z895,107
Z896,107
Z897,107
Z898,107
Z905,106
Z921,107
Z930,107
Z931,107
Z932,107
Z933,107
Z934,107
Z935,107
Z936,107
Z938,107
Z939,107
Z940,107
Z941,107
Z942,107
Z944,107
Z946,107
Z947,107
Z948,107
Z949,107
Z950,107
Z951,107
Z954,107
Z955,107
Z958,107
Z992,107
Z993,107
C795,3
C800,3
