A047,49
A081,49
A400,49
A401,49
A402,49
A403,49
A408,49
A409,49
A410,49
A411,49
A412,49
A414,49
A415,49
A418,49
A419,49
A490,49
A491,49
A492,49
A498,49
B020,49
B022,49
B023,49
B027,49
B028,49
B029,49
B171,49
B182,49
B370,49
B371,49
B377,49
B86X,49
B950,49
B951,49
B952,49
B953,49
B954,49
B955,49
B956,49
B957,49
B958,49
B961,49
B962,49
B963,49
B964,49
B965,49
B966,49
B967,49
B968,49
C180,49
C181,49
C182,49
C183,49
C184,49
C185,49
C186,49
C187,49
C188,49
C189,49
C340,49
C341,49
C342,49
C343,49
C348,49
C349,49
C430,49
C431,49
C432,49
C433,49
C434,49
C435,49
C436,49
C437,49
C439,49
C492,49
C500,49
C501,49
C502,49
C503,49
C504,48
C505,48
C506,49
C508,49
C509,46
C56X,49
C61X,49
C64X,49
C670,49
C671,49
C672,49
C673,49
C674,49
C675,49
C676,49
C677,49
C678,49
C679,49
C760,49
C770,49
C771,49
C772,49
C773,49
C774,49
C775,49
C778,49
C779,49
C780,49
C781,49
C782,49
C783,49
C784,49
C785,49
C786,49
C787,49
C788,49
C792,49
C793,49
C795,49
C796,49
C797,49
C798,49
C800,49
C833,49
C851,49
C852,49
C857,49
C859,49
C920,49
D170,49
D181,49
D45X,49
D461,49
D462,49
D464,49
D465,49
D466,49
D467,49
D469,49
D487,49
D500,49
D501,49
D508,49
D509,49
D510,49
D511,49
D513,49
D519,49
D521,49
D528,49
D529,49
D531,49
D539,49
D550,49
D552,49
D560,49
D561,49
D562,49
D563,49
D564,49
D568,49
D569,49
D570,49
D571,49
D572,49
D573,49
D580,49
D581,49
D582,49
D588,49
D589,49
D591,49
D593,49
D594,49
D595,49
D596,49
D599,49
D600,49
D608,49
D609,49
D610,49
D611,49
D612,49
D613,49
D618,49
D619,49
D62X,49
D630,49
D638,49
D643,49
D648,49
D649,49
D680,49
D681,49
D682,49
D683,49
D684,49
D685,49
D686,49
D688,49
D689,49
D693,49
D694,49
D695,49
D696,49
D70X,49
E031,49
E032,49
E034,49
E038,49
E039,49
E050,49
E051,49
E052,49
E054,49
E058,49
E059,49
E101,49
E102,49
E103,49
E104,49
E105,49
E106,49
E109,49
E110,49
E111,49
E112,49
E113,49
E114,49
E115,49
E116,49
E117,49
E119,49
E128,49
E131,49
E133,49
E134,49
E135,49
E136,49
E138,49
E139,49
E141,49
E142,49
E143,49
E144,49
E145,49
E146,49
E148,49
E149,49
E160,49
E161,49
E162,49
E230,49
E538,49
E660,49
E661,49
E662,49
E668,49
E669,49
E780,49
E781,49
E782,49
E784,49
E785,49
E835,49
E86X,49
E870,49
E871,49
E872,49
E873,49
E874,49
E875,49
E876,49
E877,49
E878,49
E880,49
E890,49
F000,49
F001,49
F002,49
F009,49
F011,49
F012,49
F013,49
F019,49
F020,49
F021,49
F022,49
F023,49
F028,49
F03X,49
F050,49
F051,49
F058,49
F059,49
F067,49
F100,49
F101,49
F102,49
F103,49
F112,49
F172,49
F191,49
F192,49
F200,49
F202,49
F204,49
F209,49
F220,49
F310,49
F311,49
F312,49
F313,49
F314,49
F315,49
F316,49
F317,49
F318,49
F319,49
F320,49
F321,49
F322,49
F323,49
F328,49
F329,49
F410,49
F411,49
F412,49
F413,49
F418,49
F419,49
F810,49
F818,49
F819,49
F840,49
F841,49
F842,49
F845,49
F848,49
F849,49
G20X,49
G300,49
G301,49
G308,49
G309,49
G310,49
G311,49
G312,49
G318,49
G319,49
G35X,49
G400,49
G401,49
G402,49
G403,49
G404,49
G405,49
G406,49
G407,49
G408,49
G409,49
G450,49
G453,49
G454,49
G458,49
G459,49
G473,49
G510,49
G610,49
G618,49
G619,49
G620,49
G621,49
G622,49
G628,49
G629,49
G631,49
G632,49
G633,49
G634,49
G635,49
G638,49
G800,49
G801,49
G802,49
G803,49
G804,49
G808,49
G809,49
G810,49
G811,49
G819,49
G820,49
G821,49
G822,49
G934,49
G952,49
G992,49
H260,49
H261,49
H262,49
H263,49
H264,49
H268,49
H269,49
H360,49
H400,49
H401,49
H402,49
H403,49
H404,49
H405,49
H406,49
H408,49
H409,49
H540,49
H541,49
H542,49
H544,49
H545,49
H546,49
H810,49
H910,49
H911,49
H912,49
H913,49
H918,49
I10X,49
I120,49
I200,49
I201,49
I208,49
I209,49
I210,49
I211,49
I212,49
I213,49
I214,49
I219,49
I250,49
I251,49
I252,49
I253,49
I254,49
I255,49
I256,49
I258,49
I259,49
I260,49
I269,49
I270,49
I272,49
I278,49
I279,49
I340,49
I350,49
I440,49
I441,49
I442,49
I443,49
I444,49
I445,49
I446,49
I447,49
I450,49
I451,49
I460,49
I461,49
I469,49
I471,49
I480,49
I481,49
I482,49
I483,49
I484,49
I489,49
I500,49
I501,49
I509,49
I517,49
I610,49
I611,49
I612,49
I613,49
I614,49
I615,49
I616,49
I618,49
I619,49
I620,49
I629,49
I630,49
I631,49
I632,49
I633,49
I634,49
I635,49
I636,49
I638,49
I639,49
I64X,49
I670,49
I671,49
I672,49
I674,49
I675,49
I677,49
I678,49
I679,49
I691,49
I692,49
I693,49
I694,49
I713,49
I714,49
I730,49
I731,49
I738,49
I739,49
I743,49
I771,49
I776,49
I780,49
I792,49
I800,49
I801,49
I802,49
I803,49
I808,49
I809,49
I830,49
I831,49
I832,49
I850,49
I859,49
I864,49
I890,49
I950,49
I951,49
I952,49
I958,49
I959,49
I972,49
I982,49
I983,49
J020,49
J028,49
J029,49
J060,49
J068,49
J09X,49
J100,49
J101,49
J108,49
J110,49
J111,49
J118,49
J121,49
J122,49
J123,49
J128,49
J129,49
J13X,49
J14X,49
J150,49
J151,49
J152,49
J153,49
J154,49
J155,49
J156,49
J157,49
J158,49
J159,49
J168,49
J171,49
J172,49
J173,49
J180,49
J181,49
J182,49
J189,49
J202,49
J205,49
J208,49
J209,49
J210,49
J211,49
J218,49
J219,49
J22X,49
J40X,49
J410,49
J42X,49
J431,49
J432,49
J438,49
J439,49
J440,49
J441,49
J448,49
J449,49
J47X,49
J690,49
J81X,49
J841,49
J90X,49
J960,49
J9600,49
J9601,49
J9609,49
J961,49
J9610,49
J9611,49
J9619,49
J969,49
J9690,49
J9691,49
J9699,49
J981,49
K121,49
K20X,49
K210,49
K219,49
K221,49
K250,49
K251,49
K253,49
K254,49
K255,49
K257,49
K259,49
K260,49
K261,49
K263,49
K264,49
K265,49
K266,49
K267,49
K269,49
K290,49
K291,49
K292,49
K293,49
K294,49
K295,49
K296,49
K297,49
K298,49
K318,49
K400,49
K403,49
K404,49
K420,49
K421,49
K429,49
K430,49
K431,49
K432,49
K433,49
K435,49
K436,49
K437,49
K439,49
K440,49
K441,49
K449,49
K500,49
K501,49
K508,49
K509,49
K510,49
K512,49
K513,49
K514,49
K515,49
K518,49
K519,49
K520,49
K521,49
K522,49
K523,49
K528,49
K529,49
K563,49
K564,49
K565,49
K566,49
K570,49
K571,49
K572,49
K573,49
K574,49
K575,49
K578,49
K579,49
K580,49
K589,49
K590,49
K625,49
K650,49
K658,49
K659,49
K700,49
K701,49
K702,49
K703,49
K704,49
K709,49
K720,49
K721,49
K729,49
K743,49
K760,49
K761,49
K763,49
K764,49
K766,49
K767,49
K768,49
K769,49
K800,49
K801,49
K802,49
K850,49
K851,49
K852,49
K853,49
K858,49
K859,49
L020,49
L021,49
L022,49
L023,49
L024,49
L028,49
L029,49
L030,49
L031,49
L032,49
L033,49
L038,49
L039,49
L120,49
L270,49
L281,49
L290,49
L292,49
L293,49
L298,49
L299,49
L300,49
L301,49
L303,49
L304,49
L308,49
L309,49
L400,49
L401,49
L402,49
L403,49
L404,49
L405,49
L408,49
L409,49
L530,49
L538,49
L539,49
L84X,49
L88X,49
L890,49
L891,49
L892,49
L893,49
L899,49
L950,49
L958,49
L959,49
L97X,49
L984,49
M0001,49
M0003,49
M0004,49
M0005,49
M0006,49
M0007,49
M0021,49
M0023,49
M0024,49
M0025,49
M0026,49
M0027,49
M0081,49
M0086,49
M009,49
M0090,49
M0091,49
M0092,49
M0093,49
M0094,49
M0095,49
M0096,49
M0097,49
M0186,49
M0220,49
M023,49
M0286,49
M029,49
M0290,49
M0294,49
M0295,49
M0296,49
M0297,49
M0366,49
M0367,49
M051,49
M0510,49
M052,49
M053,49
M058,49
M059,49
M0590,49
M0591,49
M0593,49
M0594,49
M0595,49
M0596,49
M0597,49
M0599,49
M060,49
M0600,49
M0604,49
M0605,49
M0606,49
M0608,49
M0609,49
M061,49
M0610,49
M063,49
M0630,49
M0634,49
M064,49
M0640,49
M0644,49
M0646,49
M0649,49
M068,49
M069,49
M0690,49
M0691,49
M0692,49
M0693,49
M0694,49
M0695,49
M0696,49
M0697,49
M0698,49
M0699,49
M070,49
M071,49
M0710,49
M073,49
M0730,49
M0731,49
M0732,49
M0736,49
M0737,49
M0738,49
M0739,49
M074,49
M075,49
M0750,49
M076,49
M080,49
M0800,49
M081,49
M082,49
M083,49
M0830,49
M088,49
M0886,49
M089,49
M0890,49
M0893,49
M0896,49
M0898,49
M0899,49
M100,49
M1000,49
M1002,49
M1003,49
M1004,49
M1006,49
M1007,49
M1008,49
M1009,49
M102,49
M1035,49
M104,49
M109,49
M1090,49
M1092,49
M1093,49
M1094,49
M1096,49
M1097,49
M1098,49
M1099,49
M112,49
M1120,49
M1121,49
M1122,49
M1123,49
M1124,49
M1125,49
M1126,49
M1127,49
M1129,49
M118,49
M1183,49
M1186,49
M119,49
M1190,49
M1191,49
M1193,49
M1196,49
M1197,49
M1199,49
M120,49
M1200,49
M123,49
M1230,49
M1233,49
M1251,49
M1253,49
M1257,49
M128,49
M1288,49
M130,49
M1300,49
M131,49
M1311,49
M1312,49
M1316,49
M1317,49
M1318,49
M138,49
M1380,49
M1381,49
M1383,49
M1385,49
M1386,49
M1387,49
M1389,49
M139,49
M1390,49
M1391,49
M1392,49
M1393,49
M1394,49
M1395,49
M1396,49
M1397,49
M1398,49
M1399,49
M142,49
M143,49
M145,49
M146,49
M148,49
M150,49
M151,49
M152,49
M154,49
M158,49
M159,49
M160,49
M162,49
M163,49
M166,49
M169,49
M170,49
M171,49
M173,49
M174,49
M175,49
M179,49
M180,49
M182,49
M183,49
M189,49
M190,49
M1901,49
M1904,49
M1907,49
M1911,49
M1913,49
M1915,49
M1917,49
M192,49
M1920,49
M1921,49
M1927,49
M198,49
M1982,49
M1987,49
M199,49
M1990,49
M1991,49
M1992,49
M1993,49
M1994,49
M1995,49
M1997,49
M1998,49
M1999,49
M201,49
M255,49
M320,49
M321,49
M329,49
M341,49
M353,49
M541,49
M5410,49
M5412,49
M5413,49
M5414,49
M5415,49
M5416,49
M5417,49
M5418,49
M5419,49
M542,49
M5421,49
M5422,49
M5423,49
M543,49
M5430,49
M5435,49
M5436,49
M5437,49
M5438,49
M5439,49
M544,49
M5445,49
M5446,49
M5447,49
M5448,49
M545,49
M5450,49
M5455,49
M5456,49
M5457,49
M5458,49
M5459,49
M546,49
M5464,49
M5465,49
M548,49
M5480,49
M5481,49
M5482,49
M5483,49
M5484,49
M5486,49
M5487,49
M5489,49
M549,49
M5490,49
M5494,49
M5495,49
M5496,49
M5497,49
M5498,49
M5499,49
M702,49
M758,49
M7958,49
M796,49
M798,49
M8040,49
M8048,49
M8080,49
M8085,49
M8086,49
M8088,49
M809,49
M8090,49
M8091,49
M8092,49
M8093,49
M8095,49
M8096,49
M8097,49
M8098,49
M810,49
M8100,49
M812,49
M814,49
M8148,49
M8149,49
M815,49
M8168,49
M818,49
M8180,49
M8185,49
M8188,49
M819,49
M8190,49
M8191,49
M8192,49
M8193,49
M8194,49
M8195,49
M8196,49
M8197,49
M8198,49
M8199,49
M821,49
M8611,49
M8613,49
M8614,49
M8616,49
M8617,49
M863,49
M8648,49
M866,49
M8661,49
M8662,49
M8663,49
M8665,49
M8666,49
M8667,49
M868,49
M8680,49
M8686,49
M8687,49
M869,49
M8690,49
M8691,49
M8692,49
M8694,49
M8695,49
M8696,49
M8697,49
M8698,49
N083,49
N130,49
N131,49
N132,49
N133,49
N170,49
N171,49
N172,49
N179,49
N181,49
N182,49
N183,49
N184,49
N185,49
N189,49
N19X,49
N390,49
N40X,49
N508,49
N806,49
P050,49
P051,49
P059,49
P070,49
P071,49
P072,49
P073,49
Q054,49
Q057,49
Q059,49
Q180,49
Q850,49
Q900,49
Q901,49
Q902,49
Q909,49
R000,49
R001,49
R02X,49
R030,49
R031,49
R040,49
R05X,49
R060,49
R070,49
R071,49
R072,49
R073,49
R074,49
R100,49
R101,49
R102,49
R103,49
R104,49
R11X,49
R13X,49
R14X,49
R15X,49
R160,49
R161,49
R162,49
R17X,49
R18X,49
R190,49
R21X,49
R221,49
R233,49
R260,49
R262,49
R263,49
R268,49
R31X,49
R32X,49
R33X,49
R400,49
R401,49
R402,49
R410,49
R411,49
R412,49
R413,49
R418,49
R42X,49
R440,49
R441,49
R442,49
R443,49
R451,49
R502,49
R508,49
R509,49
R51X,49
R521,49
R522,49
R53X,49
R54X,49
R55X,49
R560,49
R568,49
R570,49
R572,49
R591,49
R600,49
R601,49
R609,49
R630,49
R631,49
R633,49
R634,49
R638,49
R651,49
R653,49
R680,49
R836,49
R91X,49
R945,49
S001,49
S008,49
S010,49
S011,49
S012,49
S013,49
S014,49
S015,49
S017,49
S018,49
S019,49
S090,49
S091,49
S092,49
S097,49
S098,49
S500,49
S501,49
S507,49
S508,49
S509,49
S700,49
S701,49
S707,49
S708,49
S709,49
S800,49
S801,49
S807,49
S808,49
S809,49
S817,49
S900,49
S901,49
S902,49
S903,49
S907,49
S908,49
S909,49
T110,49
T130,49
T793,49
T796,49
T810,49
T813,49
T814,49
T818,49
T827,49
T828,49
T845,49
T846,49
T847,49
T848,49
T854,37
T857,49
T858,40
T868,49
T874,49
T913,49
T930,49
T932,49
T938,49
U071,49
U072,49
Z223,49
Z290,49
Z292,49
Z500,49
Z501,49
Z502,49
Z504,49
Z505,49
Z507,49
Z509,49
Z515,49
Z602,49
Z614,49
Z738,49
Z740,49
Z741,49
Z742,49
Z748,49
Z749,49
Z750,49
Z751,49
Z753,49
Z754,49
Z755,49
Z850,49
Z911,49
Z930,49
Z931,49
Z932,49
Z933,49
Z934,49
Z935,49
Z936,49
Z938,49
Z939,49
Z940,49
Z941,49
Z942,49
Z944,49
Z946,49
Z947,49
Z948,49
Z949,49
Z950,49
Z951,49
Z952,49
Z954,49
Z955,49
Z992,49
Z993,49
