A047,166
A080,166
A081,166
A083,166
A084,166
A085,166
A090,166
A099,166
A400,166
A401,166
A402,166
A403,166
A408,166
A409,166
A410,166
A411,166
A412,166
A414,166
A415,166
A418,166
A419,166
A490,166
A491,166
A492,166
A493,166
A498,166
B182,166
B370,166
B371,166
B372,166
B373,166
B374,166
B377,166
B378,166
B379,166
B950,166
B951,166
B952,166
B953,166
B954,166
B955,166
B956,166
B957,166
B958,166
B961,166
B962,166
B964,166
B965,166
B968,166
C000,166
C01X,166
C022,166
C028,166
C029,166
C030,166
C031,166
C051,166
C060,166
C062,166
C069,166
C07X,166
C089,166
C090,166
C091,166
C099,166
C109,166
C112,166
C119,166
C12X,166
C130,166
C139,166
C140,166
C150,166
C153,166
C154,166
C155,166
C158,166
C159,166
C160,166
C161,166
C162,166
C163,166
C164,166
C165,166
C166,166
C168,166
C169,166
C170,166
C171,166
C172,166
C179,166
C180,166
C181,166
C182,166
C183,166
C184,166
C185,166
C186,166
C187,166
C188,166
C189,166
C19X,166
C20X,166
C210,166
C211,166
C218,166
C220,166
C221,166
C222,166
C229,166
C23X,166
C240,166
C241,166
C249,166
C250,166
C251,166
C252,166
C253,166
C257,166
C258,166
C259,166
C260,166
C268,166
C269,166
C300,166
C310,166
C313,166
C319,166
C320,166
C321,166
C322,166
C323,166
C329,166
C33X,166
C340,166
C341,166
C342,166
C343,166
C348,166
C349,166
C37X,166
C383,166
C400,166
C402,166
C410,166
C411,166
C412,166
C413,166
C414,166
C430,166
C431,166
C432,166
C433,166
C434,166
C435,166
C436,166
C437,166
C439,166
C440,166
C441,166
C442,166
C443,166
C444,166
C445,166
C446,166
C447,166
C449,166
C450,166
C451,166
C459,166
C460,166
C480,166
C481,166
C482,166
C490,166
C491,166
C492,166
C493,166
C494,166
C495,166
C496,166
C498,166
C499,166
C500,166
C501,166
C502,166
C503,166
C504,166
C505,166
C506,166
C508,166
C509,166
C511,166
C519,166
C52X,166
C530,166
C539,166
C541,166
C542,166
C543,166
C548,166
C549,166
C55X,166
C56X,166
C570,166
C578,166
C579,166
C600,166
C601,166
C609,166
C61X,166
C621,160
C629,152
C632,166
C64X,166
C65X,166
C66X,166
C670,166
C671,166
C672,166
C673,166
C674,166
C675,166
C676,166
C677,166
C678,166
C679,166
C680,166
C688,166
C689,166
C690,166
C692,166
C693,166
C694,166
C696,166
C700,166
C709,166
C710,166
C711,166
C712,166
C713,166
C714,166
C716,166
C718,166
C719,166
C723,166
C73X,166
C740,166
C749,166
C751,166
C755,166
C760,166
C761,166
C762,166
C763,166
C765,166
C767,166
C770,166
C771,166
C772,166
C773,166
C774,166
C775,166
C778,166
C779,166
C780,166
C781,166
C782,166
C783,166
C784,166
C785,166
C786,166
C787,166
C788,166
C790,166
C791,166
C792,166
C793,166
C794,166
C795,166
C796,166
C797,166
C798,166
C799,166
C800,166
C810,166
C811,166
C812,166
C814,166
C817,166
C819,166
C820,166
C821,166
C822,166
C823,166
C824,166
C826,166
C827,166
C829,166
C830,166
C831,166
C833,166
C835,166
C837,166
C839,166
C840,166
C844,166
C846,166
C847,166
C848,166
C851,166
C852,166
C857,166
C859,166
C860,166
C861,166
C865,166
C866,166
C880,166
C884,166
C900,166
C902,166
C903,166
C910,166
C911,166
C913,166
C914,166
C915,166
C917,166
C919,166
C920,166
C921,166
C922,166
C924,166
C925,166
C928,166
C930,166
C931,166
C944,166
C946,166
C950,166
C959,166
C965,166
C966,166
C97X,166
D071,166
D072,166
D074,166
D075,166
D120,166
D121,166
D122,166
D123,166
D124,166
D125,166
D126,166
D180,166
D400,166
D461,166
D462,166
D464,166
D465,166
D466,166
D467,166
D469,166
D471,166
D472,166
D500,166
D501,166
D508,166
D509,166
D510,166
D511,166
D513,166
D519,166
D521,166
D528,166
D529,166
D531,166
D539,166
D550,166
D552,166
D560,166
D561,166
D562,166
D563,166
D564,166
D568,166
D569,166
D570,166
D571,166
D572,166
D573,166
D580,166
D581,166
D582,166
D588,166
D589,166
D591,166
D593,166
D594,166
D595,166
D596,166
D599,166
D600,166
D608,166
D609,166
D610,166
D611,166
D612,166
D613,166
D618,166
D619,166
D62X,166
D630,166
D638,166
D643,166
D648,166
D649,166
D680,166
D681,166
D682,166
D683,166
D684,166
D685,166
D686,166
D688,166
D689,166
D693,166
D694,166
D695,166
D696,166
D70X,166
E031,166
E032,166
E034,166
E038,166
E039,166
E050,166
E051,166
E052,166
E054,166
E058,166
E059,166
E101,166
E102,166
E103,166
E104,166
E105,166
E106,166
E109,166
E110,166
E111,166
E112,166
E113,166
E114,166
E115,166
E116,166
E117,166
E119,166
E128,166
E131,166
E133,166
E134,166
E135,166
E136,166
E138,166
E139,166
E141,166
E142,166
E143,166
E144,166
E145,166
E146,166
E148,166
E149,166
E160,166
E161,166
E162,166
E210,166
E211,166
E212,166
E213,166
E222,166
E232,166
E538,166
E668,166
E835,166
E850,166
E851,166
E853,166
E854,166
E858,166
E859,166
E86X,166
E870,166
E871,166
E872,166
E875,166
E876,166
E877,166
F000,166
F001,166
F002,166
F009,166
F011,166
F012,166
F013,166
F019,166
F020,166
F021,166
F022,166
F023,166
F028,166
F03X,166
F050,166
F051,166
F058,166
F059,166
F067,166
F101,166
F102,166
F103,166
F200,166
F202,166
F204,166
F209,166
F310,166
F311,166
F312,166
F313,166
F314,166
F315,166
F316,166
F317,166
F318,166
F319,166
F321,166
F322,166
F323,166
F332,166
F333,166
F410,166
F411,166
F412,166
F413,166
F418,166
F419,166
F840,166
F841,166
F842,166
F845,166
F848,166
F849,166
G122,166
G20X,166
G300,166
G301,166
G308,166
G309,166
G310,166
G311,166
G312,166
G318,166
G319,166
G403,166
G406,166
G450,166
G453,166
G454,166
G458,166
G459,166
G510,166
G550,166
G590,166
G610,166
G618,166
G619,166
G620,166
G621,166
G622,166
G628,166
G629,166
G631,166
G632,166
G633,166
G634,166
G635,166
G638,166
G810,166
G811,166
G819,166
G821,166
G824,166
G834,166
G952,166
G990,166
G992,166
H353,166
H400,166
H401,166
H402,166
H403,166
H404,166
H405,166
H406,166
H408,166
H409,166
H540,166
H541,166
H542,166
H910,166
H911,166
H912,166
H913,166
I050,166
I051,166
I052,166
I058,166
I059,166
I060,166
I071,166
I078,166
I079,166
I080,166
I081,166
I082,166
I083,166
I088,166
I089,166
I120,166
I200,166
I210,166
I211,166
I212,166
I213,166
I214,166
I219,166
I220,166
I221,166
I229,166
I250,166
I251,166
I252,166
I253,166
I254,166
I255,166
I256,166
I258,166
I259,166
I260,166
I269,166
I270,166
I340,166
I350,166
I351,166
I38X,166
I420,166
I421,166
I422,166
I423,166
I424,166
I425,166
I426,166
I427,166
I428,166
I429,166
I440,166
I447,166
I450,166
I451,166
I460,166
I471,166
I472,166
I480,166
I481,166
I482,166
I483,166
I484,166
I489,166
I490,166
I491,166
I492,166
I493,166
I494,166
I495,166
I498,166
I500,166
I501,166
I509,166
I517,166
I610,166
I611,166
I612,166
I613,166
I614,166
I615,166
I616,166
I618,166
I619,166
I620,166
I629,166
I630,166
I631,166
I632,166
I633,166
I634,166
I635,166
I636,166
I638,166
I639,166
I64X,166
I652,166
I670,166
I671,166
I672,166
I674,166
I675,166
I677,166
I678,166
I679,166
I690,166
I691,166
I692,166
I693,166
I694,166
I698,166
I701,166
I710,166
I711,166
I712,166
I713,166
I714,166
I716,166
I718,166
I719,166
I730,166
I731,166
I738,166
I739,166
I776,166
I778,166
I792,166
I801,166
I802,166
I890,166
I950,166
I951,166
I952,166
I958,166
I959,166
J060,166
J068,166
J09X,166
J100,166
J101,166
J108,166
J110,166
J111,166
J118,166
J121,166
J122,166
J123,166
J128,166
J129,166
J13X,166
J14X,166
J150,166
J151,166
J152,166
J153,166
J154,166
J155,166
J156,166
J157,166
J158,166
J159,166
J168,166
J171,166
J172,166
J173,166
J180,166
J181,166
J182,166
J189,166
J202,166
J205,166
J208,166
J209,166
J210,166
J211,166
J218,166
J219,166
J22X,166
J40X,166
J410,166
J42X,166
J431,166
J432,166
J438,166
J439,166
J440,166
J441,166
J448,166
J449,166
J47X,166
J61X,166
J690,166
J81X,166
J841,166
J90X,166
J930,166
J931,166
J938,166
J939,166
J960,166
J9600,166
J9601,166
J9609,166
J961,166
J9610,166
J9611,166
J9619,166
J969,166
J9690,166
J9691,166
J9699,166
J981,166
K20X,166
K210,166
K221,166
K440,166
K441,166
K449,166
K520,166
K521,166
K522,166
K523,166
K528,166
K529,166
K563,166
K564,166
K565,166
K566,166
K570,166
K571,166
K572,166
K573,166
K574,166
K575,166
K578,166
K579,166
K590,166
K623,166
K625,166
K628,166
K650,166
K658,166
K659,166
K660,166
K700,166
K701,166
K702,166
K703,166
K704,166
K709,166
K720,166
K721,166
K729,166
K740,166
K743,166
K744,166
K746,166
K768,166
K800,166
K801,166
K850,166
K851,166
K852,166
K853,166
K858,166
K859,166
K861,166
K900,166
K920,166
K921,166
K922,166
L022,166
L031,166
L032,166
L033,166
L038,166
L080,166
L081,166
L088,166
L089,166
L405,166
L530,166
L538,166
L539,166
L890,166
L891,166
L892,166
L893,166
L899,166
L97X,166
M0001,166
M0003,166
M0004,166
M0005,166
M0006,166
M0007,166
M0021,166
M0023,166
M0024,166
M0025,166
M0026,166
M0027,166
M0081,166
M0086,166
M009,166
M0090,166
M0091,166
M0092,166
M0093,166
M0094,166
M0095,166
M0096,166
M0097,166
M0186,166
M0220,166
M023,166
M0286,166
M029,166
M0290,166
M0294,166
M0295,166
M0296,166
M0297,166
M0366,166
M0367,166
M051,166
M0510,166
M052,166
M053,166
M058,166
M059,166
M0590,166
M0591,166
M0593,166
M0594,166
M0595,166
M0596,166
M0597,166
M0599,166
M060,166
M0600,166
M0604,166
M0605,166
M0606,166
M0608,166
M0609,166
M061,166
M0610,166
M063,166
M0630,166
M0634,166
M064,166
M0640,166
M0644,166
M0646,166
M0649,166
M068,166
M069,166
M0690,166
M0691,166
M0692,166
M0693,166
M0694,166
M0695,166
M0696,166
M0697,166
M0698,166
M0699,166
M070,166
M071,166
M0710,166
M073,166
M0730,166
M0731,166
M0732,166
M0736,166
M0737,166
M0738,166
M0739,166
M074,166
M075,166
M0750,166
M076,166
M080,166
M0800,166
M081,166
M082,166
M083,166
M0830,166
M088,166
M0886,166
M089,166
M0890,166
M0893,166
M0896,166
M0898,166
M0899,166
M100,166
M1000,166
M1002,166
M1003,166
M1004,166
M1006,166
M1007,166
M1008,166
M1009,166
M102,166
M1035,166
M104,166
M109,166
M1090,166
M1092,166
M1093,166
M1094,166
M1096,166
M1097,166
M1098,166
M1099,166
M112,166
M1120,166
M1121,166
M1122,166
M1123,166
M1124,166
M1125,166
M1126,166
M1127,166
M1129,166
M118,166
M1183,166
M1186,166
M119,166
M1190,166
M1191,166
M1193,166
M1196,166
M1197,166
M1199,166
M120,166
M1200,166
M123,166
M1230,166
M1233,166
M1251,166
M1253,166
M1257,166
M128,166
M1288,166
M130,166
M1300,166
M131,166
M1311,166
M1312,166
M1316,166
M1317,166
M1318,166
M138,166
M1380,166
M1381,166
M1383,166
M1385,166
M1386,166
M1387,166
M1389,166
M139,166
M1390,166
M1391,166
M1392,166
M1393,166
M1394,166
M1395,166
M1396,166
M1397,166
M1398,166
M1399,166
M142,166
M143,166
M145,166
M146,166
M148,166
M150,166
M151,166
M152,166
M154,166
M158,166
M159,166
M160,166
M162,166
M163,166
M166,166
M169,166
M170,166
M171,166
M173,166
M174,166
M175,166
M179,166
M180,166
M182,166
M183,166
M189,166
M190,166
M1901,166
M1904,166
M1907,166
M1911,166
M1913,166
M1915,166
M1917,166
M192,166
M1920,166
M1921,166
M1927,166
M198,166
M1982,166
M1987,166
M199,166
M1990,166
M1991,166
M1992,166
M1993,166
M1994,166
M1995,166
M1997,166
M1998,166
M1999,166
M310,166
M313,166
M316,166
M350,166
M353,166
M45X,166
M45X0,166
M45X2,166
M45X6,166
M45X7,166
M45X8,166
M45X9,166
M4710,166
M4712,166
M4716,166
M4717,166
M472,166
M4720,166
M4722,166
M4726,166
M4727,166
M4728,166
M478,166
M4780,166
M4782,166
M4783,166
M4784,166
M4785,166
M4786,166
M4787,166
M4788,166
M4789,166
M479,166
M4790,166
M4791,166
M4792,166
M4793,166
M4794,166
M4795,166
M4796,166
M4797,166
M4799,166
M758,166
M796,166
M798,166
M8040,166
M8048,166
M8080,166
M8085,166
M8086,166
M8088,166
M809,166
M8090,166
M8091,166
M8092,166
M8093,166
M8095,166
M8096,166
M8097,166
M8098,166
M810,166
M8100,166
M812,166
M814,166
M8148,166
M8149,166
M815,166
M8168,166
M818,166
M8180,166
M8185,166
M8188,166
M819,166
M8190,166
M8191,166
M8192,166
M8193,166
M8194,166
M8195,166
M8196,166
M8197,166
M8198,166
M8199,166
M821,166
M880,166
M888,166
M8880,166
M8885,166
M8887,166
M8888,166
M889,166
M8890,166
M8895,166
N032,166
N040,166
N041,166
N043,166
N048,166
N049,166
N057,166
N058,166
N083,166
N084,166
N10X,166
N130,166
N131,166
N132,166
N133,166
N134,166
N135,166
N136,166
N137,166
N138,166
N139,166
N151,166
N170,166
N171,166
N172,166
N179,166
N181,166
N182,166
N183,166
N184,166
N185,166
N189,166
N19X,166
N280,166
N300,166
N304,166
N321,166
N323,166
N360,166
N361,166
N390,166
N432,166
N44X,161
N450,157
N481,166
N482,166
N483,166
N484,166
N485,166
N492,162
N498,166
N744,166
N760,166
N771,166
N812,166
N813,166
N814,166
N820,166
N930,166
N938,166
N939,166
N948,166
N950,166
N990,166
N991,166
N992,166
N993,166
N994,166
N995,166
N998,166
P050,166
P051,166
P059,166
P070,166
P071,166
P072,166
P073,166
Q054,166
Q057,166
Q059,166
Q068,166
Q201,166
Q206,166
Q208,166
Q209,166
Q210,166
Q211,166
Q212,166
Q213,166
Q214,166
Q218,166
Q219,166
Q220,166
Q221,166
Q223,166
Q224,166
Q225,166
Q226,166
Q228,166
Q230,166
Q231,166
Q232,166
Q233,166
Q234,166
Q238,166
Q239,166
Q240,166
Q244,166
Q245,166
Q246,166
Q248,166
Q249,166
Q250,166
Q251,166
Q254,166
Q255,166
Q256,166
Q257,166
Q258,166
Q260,166
Q261,166
Q263,166
Q265,166
Q268,166
Q270,166
Q271,166
Q272,166
Q273,166
Q278,166
Q279,166
Q420,166
Q423,166
Q429,166
Q430,166
Q431,166
Q433,166
Q436,166
Q438,166
Q439,166
Q512,166
Q513,166
Q514,166
Q518,166
Q519,166
Q541,166
Q544,166
Q548,166
Q600,166
Q601,166
Q610,166
Q611,166
Q612,166
Q613,166
Q614,166
Q615,166
Q618,166
Q619,166
Q620,166
Q621,166
Q622,166
Q623,166
Q625,166
Q627,166
Q630,166
Q631,166
Q632,166
Q638,166
Q639,166
Q640,166
Q641,166
Q643,166
Q644,166
Q647,166
Q648,166
Q900,166
Q901,166
Q902,166
Q909,166
Q913,166
Q917,166
Q921,166
Q925,166
Q926,166
Q928,166
Q933,166
Q934,166
Q935,166
Q937,166
Q938,166
Q939,166
Q952,166
Q959,166
Q968,166
Q969,166
Q970,166
Q979,166
Q980,166
Q981,166
Q984,165
Q985,166
Q988,166
Q992,166
Q998,166
R000,166
R001,166
R02X,166
R031,166
R040,166
R042,166
R05X,166
R060,166
R070,166
R071,166
R072,166
R073,166
R074,166
R092,166
R11X,166
R13X,166
R14X,166
R15X,166
R160,166
R17X,166
R18X,166
R190,166
R21X,166
R260,166
R262,166
R263,166
R268,166
R296,166
R31X,166
R32X,166
R33X,166
R34X,166
R400,166
R401,166
R402,166
R410,166
R411,166
R412,166
R413,166
R418,166
R440,166
R441,166
R442,166
R443,166
R451,166
R470,166
R471,166
R478,166
R502,166
R508,166
R509,166
R521,166
R53X,166
R54X,166
R55X,166
R560,166
R568,166
R570,166
R572,166
R590,166
R591,166
R600,166
R601,166
R609,166
R630,166
R634,166
R651,166
R653,166
R836,166
R91X,166
R938,166
R945,166
S008,166
S090,165
S091,165
S092,165
S097,165
S098,165
S308,166
S312,166
S325,165
S3250,165
S390,166
S398,166
S7200,165
T66X,166
T810,166
T813,166
T814,166
T818,166
T825,166
T827,166
T828,166
T830,166
T835,166
T836,166
T857,166
T913,166
U071,166
U072,166
Z515,166
Z602,166
Z614,166
Z738,166
Z740,166
Z741,166
Z742,166
Z748,166
Z750,166
Z751,166
Z753,166
Z754,166
Z755,166
Z921,166
Z930,166
Z931,166
Z932,166
Z933,166
Z934,166
Z935,166
Z936,166
Z938,166
Z939,166
Z940,166
Z941,166
Z942,166
Z944,166
Z946,166
Z947,166
Z948,166
Z949,166
Z950,166
Z952,166
Z954,166
Z993,166
N459,80
