A009,1024
A010,1024
A014,1024
A020,1024
A021,1024
A022,1024
A028,1024
A029,1024
A031,1024
A033,1024
A039,1024
A040,1024
A042,1024
A043,1024
A044,1024
A045,1024
A046,1024
A047,1024
A048,1024
A059,1024
A071,1024
A072,1024
A080,1024
A081,1024
A083,1024
A084,1023
A085,1024
A090,1024
A099,1023
A150,1024
A151,1024
A152,1024
A153,1024
A154,1024
A156,1024
A157,1024
A160,1024
A162,1024
A163,1024
A165,1024
A169,1024
A170,1024
A178,1024
A180,1024
A182,1024
A183,1024
A190,1024
A191,1024
A199,1024
A208,1024
A280,1024
A281,1024
A310,1024
A311,1024
A318,1024
A319,1024
A328,1024
A35X,1024
A370,1024
A379,1024
A390,1024
A394,1024
A398,1024
A399,1024
A400,1024
A401,1024
A402,1024
A403,1024
A408,1024
A409,1024
A410,1024
A411,1024
A412,1024
A414,1024
A415,1024
A418,1024
A419,1023
A480,1024
A483,1024
A490,1024
A491,1024
A492,1024
A493,1024
A498,1024
A521,1024
A523,1024
A630,1024
A748,1024
A810,1024
A812,1024
A850,1024
A858,1024
A86X,1024
A870,1023
A878,1023
A879,1024
A881,1024
A888,1024
A920,1024
A971,1024
A979,1024
B000,1024
B001,1024
B002,1024
B004,1024
B005,1024
B008,1024
B009,1024
B010,1024
B011,1024
B012,1024
B018,1024
B019,1023
B020,1024
B022,1024
B023,1024
B027,1024
B028,1024
B029,1024
B059,1024
B159,1024
B169,1024
B171,1024
B172,1024
B178,1024
B179,1024
B180,1024
B181,1024
B182,1024
B188,1024
B189,1024
B199,1024
B203,1024
B204,1024
B206,1024
B209,1024
B213,1024
B220,1024
B227,1024
B232,1024
B24X,1024
B250,1024
B251,1024
B258,1024
B259,1024
B270,1024
B271,1024
B279,1024
B348,1024
B351,1024
B370,1024
B371,1024
B372,1024
B373,1024
B374,1024
B377,1024
B378,1024
B379,1024
B440,1024
B441,1024
B448,1024
B449,1024
B450,1024
B470,1024
B479,1024
B481,1024
B508,1024
B509,1024
B519,1024
B54X,1024
B573,1024
B59X,1024
B850,1024
B950,1024
B951,1024
B952,1023
B953,1023
B954,1024
B955,1024
B956,1020
B957,1024
B958,1024
B960,1024
B961,1024
B962,1023
B963,1022
B964,1024
B965,1024
B966,1024
B967,1024
B968,1024
B971,1024
B972,1024
B974,1024
B976,1024
B977,1024
B978,1023
C000,1024
C01X,1024
C022,1024
C028,1024
C029,1024
C030,1024
C031,1024
C051,1024
C060,1024
C062,1024
C069,1024
C07X,1024
C089,1024
C090,1024
C091,1024
C099,1024
C109,1024
C112,1024
C119,1024
C12X,1024
C130,1024
C139,1024
C140,1024
C150,1024
C153,1024
C154,1024
C155,1024
C158,1024
C159,1024
C160,1024
C161,1024
C162,1024
C163,1024
C164,1024
C165,1024
C166,1024
C168,1024
C169,1024
C170,1024
C171,1024
C172,1024
C179,1024
C180,1024
C181,1024
C182,1024
C183,1024
C184,1024
C185,1024
C186,1024
C187,1024
C188,1024
C189,1024
C19X,1024
C20X,1024
C210,1024
C211,1024
C218,1024
C220,1024
C221,1024
C222,1024
C229,1024
C23X,1024
C240,1024
C241,1024
C249,1024
C250,1024
C251,1024
C252,1024
C253,1024
C257,1024
C258,1024
C259,1024
C260,1024
C268,1024
C269,1024
C300,1024
C310,1024
C313,1024
C319,1024
C320,1024
C321,1024
C322,1024
C323,1024
C329,1024
C33X,1024
C340,1024
C341,1024
C342,1024
C343,1024
C348,1024
C349,1024
C37X,1024
C383,1024
C400,1024
C402,1024
C410,1024
C411,1024
C412,1024
C413,1024
C414,1024
C430,1024
C431,1024
C432,1024
C433,1024
C434,1024
C435,1024
C436,1024
C437,1024
C439,1024
C440,1024
C441,1024
C442,1024
C443,1024
C444,1024
C445,1024
C446,1024
C447,1024
C449,1024
C450,1024
C451,1024
C459,1024
C460,1024
C480,1024
C481,1024
C482,1024
C490,1024
C491,1024
C492,1024
C493,1024
C494,1024
C495,1024
C496,1024
C498,1024
C499,1024
C500,1024
C501,1024
C502,1024
C503,1024
C504,1024
C505,1024
C506,1024
C508,1024
C509,1024
C511,1024
C519,1024
C52X,1024
C530,1024
C539,1024
C541,1024
C542,1024
C543,1024
C548,1024
C549,1024
C55X,1024
C56X,1024
C570,1024
C578,1024
C579,1024
C600,1024
C601,1024
C609,1024
C61X,1024
C621,1024
C629,1024
C632,1024
C64X,1024
C65X,1024
C66X,1024
C670,1024
C671,1024
C672,1024
C673,1024
C674,1024
C675,1024
C676,1024
C677,1024
C678,1024
C679,1024
C680,1024
C688,1024
C689,1024
C690,1024
C692,1024
C693,1024
C694,1024
C696,1024
C700,1024
C709,1024
C710,1024
C711,1024
C712,1024
C713,1024
C714,1024
C716,1024
C718,1024
C719,1024
C723,1024
C73X,1024
C740,1024
C749,1024
C751,1024
C755,1024
C760,1024
C761,1024
C762,1024
C763,1024
C765,1024
C767,1024
C770,1024
C771,1024
C772,1024
C773,1024
C774,1024
C775,1024
C778,1024
C779,1024
C780,1024
C781,1024
C782,1024
C783,1024
C784,1024
C785,1024
C786,1024
C787,1024
C788,1024
C790,1024
C791,1024
C792,1024
C793,1024
C794,1024
C795,1024
C796,1024
C797,1024
C798,1024
C800,1024
C810,1024
C811,1024
C812,1024
C814,1024
C817,1024
C819,1024
C820,1024
C821,1024
C822,1024
C823,1024
C824,1024
C826,1024
C827,1024
C829,1024
C830,1024
C831,1024
C833,1024
C835,1024
C837,1024
C839,1024
C840,1024
C844,1024
C846,1024
C847,1024
C848,1024
C851,1024
C852,1024
C857,1024
C859,1024
C860,1024
C861,1024
C865,1024
C866,1024
C880,1024
C884,1024
C900,1024
C902,1024
C910,1024
C911,1024
C913,1024
C914,1024
C915,1024
C917,1024
C919,1024
C920,1024
C921,1024
C922,1024
C924,1024
C925,1024
C928,1024
C930,1024
C931,1024
C944,1024
C946,1024
C950,1024
C959,1024
C965,1024
C966,1024
C97X,1024
D000,1024
D001,1024
D010,1024
D013,1024
D017,1024
D020,1024
D075,1024
D090,1024
D091,1024
D093,1024
D107,1024
D166,1024
D168,1024
D225,1021
D300,1024
D303,1024
D320,1024
D321,1024
D329,1024
D330,1024
D331,1024
D332,1024
D333,1024
D334,1024
D339,1024
D352,1024
D355,1024
D361,1024
D371,1024
D372,1024
D374,1024
D375,1024
D376,1024
D377,1024
D384,1024
D390,1024
D391,1024
D392,1024
D400,1024
D411,1024
D413,1024
D414,1024
D421,1024
D429,1024
D430,1024
D431,1024
D432,1024
D434,1024
D443,1024
D444,1024
D445,1024
D45X,1024
D477,1024
D482,1024
D500,1024
D501,1024
D508,1024
D509,1024
D510,1024
D511,1024
D513,1024
D519,1024
D521,1024
D528,1024
D529,1024
D531,1024
D539,1024
D550,1024
D552,1024
D560,1024
D561,1024
D562,1024
D563,1024
D564,1024
D568,1024
D569,1024
D570,1024
D571,1024
D572,1024
D573,1024
D580,1024
D581,1024
D582,1024
D588,1024
D589,1024
D591,1024
D593,1024
D594,1024
D595,1024
D596,1024
D599,1024
D600,1024
D608,1024
D609,1024
D610,1024
D611,1024
D612,1024
D613,1024
D618,1024
D619,1024
D62X,1024
D630,1024
D638,1024
D643,1024
D648,1024
D649,1024
D65X,1024
D66X,1024
D67X,1024
D680,1024
D681,1024
D682,1024
D683,1024
D684,1024
D685,1024
D686,1024
D688,1024
D689,1024
D690,1024
D691,1024
D692,1024
D693,1024
D694,1024
D695,1024
D696,1024
D698,1024
D699,1024
D70X,1024
D730,1024
D761,1024
D763,1024
D801,1024
D802,1024
D803,1024
D804,1024
D805,1024
D806,1024
D808,1024
D811,1024
D813,1024
D818,1024
D819,1024
D820,1024
D821,1024
D824,1024
D828,1024
D830,1024
D838,1024
D839,1024
D860,1024
D861,1024
D862,1024
D863,1024
D868,1024
D869,1024
E009,1024
E031,1024
E032,1024
E034,1024
E038,1024
E039,1024
E101,1024
E102,1024
E103,1024
E104,1024
E105,1024
E106,1024
E109,1024
E110,1024
E111,1024
E112,1024
E113,1024
E114,1024
E115,1024
E116,1024
E117,1024
E119,1024
E128,1024
E131,1024
E133,1024
E134,1024
E135,1024
E136,1024
E138,1024
E139,1024
E141,1024
E142,1024
E143,1024
E144,1024
E145,1024
E146,1024
E148,1024
E149,1024
E160,1024
E161,1024
E162,1024
E201,1024
E208,1024
E209,1024
E210,1024
E211,1024
E212,1024
E213,1024
E214,1024
E215,1024
E220,1024
E221,1024
E222,1024
E228,1024
E229,1024
E230,1024
E231,1024
E232,1024
E233,1024
E236,1024
E237,1024
E240,1024
E242,1024
E243,1024
E248,1024
E249,1024
E250,1024
E260,1024
E261,1024
E268,1024
E269,1024
E270,1024
E271,1024
E272,1024
E273,1024
E274,1024
E275,1024
E278,1024
E279,1024
E282,1024
E300,1024
E320,1024
E328,1024
E41X,1024
E43X,1024
E441,1024
E46X,1024
E538,1024
E559,1024
E662,1024
E668,1024
E700,1024
E701,1024
E702,1024
E703,1024
E710,1024
E711,1024
E713,1024
E720,1024
E721,1024
E722,1024
E723,1024
E724,1024
E728,1024
E739,1024
E740,1024
E741,1024
E742,1024
E743,1024
E748,1024
E751,1024
E752,1024
E755,1024
E760,1024
E761,1024
E762,1024
E763,1024
E780,1024
E790,1024
E798,1024
E800,1024
E804,1024
E806,1024
E830,1024
E834,1024
E835,1024
E838,1024
E840,1024
E841,1024
E848,1024
E849,1024
E850,1024
E851,1024
E858,1024
E86X,1024
E870,1023
E871,1023
E872,1023
E876,1024
E877,1024
E878,1024
E880,1024
F000,1024
F001,1024
F002,1024
F009,1024
F011,1024
F012,1024
F013,1024
F019,1024
F020,1024
F021,1024
F022,1024
F023,1024
F028,1024
F03X,1024
F050,1024
F051,1024
F058,1024
F059,1024
F067,1024
F070,1024
F072,1024
F101,1024
F102,1024
F103,1024
F111,1024
F112,1024
F122,1024
F151,1024
F171,1024
F172,1024
F181,1024
F191,1024
F192,1024
F200,1024
F202,1024
F204,1024
F209,1024
F21X,1024
F220,1024
F228,1024
F229,1024
F230,1024
F232,1024
F233,1024
F239,1024
F28X,1024
F300,1024
F302,1024
F309,1024
F310,1024
F311,1024
F312,1024
F313,1024
F314,1024
F315,1024
F316,1024
F317,1024
F318,1024
F319,1024
F320,1024
F321,1024
F322,1024
F323,1024
F328,1024
F329,1024
F332,1024
F333,1024
F334,1024
F338,1024
F339,1024
F340,1024
F341,1024
F348,1024
F349,1024
F388,1024
F39X,1024
F401,1024
F410,1024
F411,1024
F412,1024
F413,1024
F418,1024
F419,1024
F420,1024
F429,1024
F430,1024
F431,1024
F432,1024
F438,1024
F439,1024
F440,1024
F444,1024
F445,1024
F447,1024
F448,1024
F449,1024
F450,1024
F452,1024
F453,1024
F454,1024
F458,1024
F459,1024
F500,1024
F501,1024
F502,1024
F505,1024
F508,1024
F509,1024
F515,1024
F603,1024
F700,1024
F709,1024
F711,1024
F719,1024
F721,1024
F728,1024
F729,1024
F739,1024
F781,1024
F789,1024
F800,1024
F801,1024
F802,1024
F803,1024
F808,1024
F809,1024
F810,1024
F818,1024
F819,1024
F82X,1024
F83X,1024
F840,1024
F841,1024
F842,1024
F845,1024
F848,1024
F849,1024
F89X,1024
F900,1024
F909,1024
F913,1024
F919,1024
F928,1024
F929,1024
F930,1024
F932,1024
F940,1024
F942,1024
F952,1024
G001,1024
G002,1024
G003,1024
G008,1024
G009,1024
G01X,1024
G020,1022
G038,1024
G039,1024
G040,1024
G041,1024
G048,1024
G049,1024
G050,1024
G051,1024
G058,1024
G060,1024
G061,1024
G062,1024
G07X,1024
G08X,1024
G09X,1024
G10X,1024
G111,1024
G112,1024
G114,1024
G118,1024
G119,1024
G120,1024
G121,1024
G122,1024
G128,1024
G129,1024
G131,1024
G20X,1024
G210,1024
G211,1024
G214,1024
G219,1024
G230,1024
G231,1024
G232,1024
G233,1024
G238,1024
G239,1024
G240,1024
G241,1024
G243,1024
G244,1024
G245,1024
G248,1024
G249,1024
G250,1024
G251,1024
G252,1024
G253,1023
G255,1024
G258,1024
G259,1024
G300,1024
G301,1024
G308,1024
G309,1024
G310,1024
G311,1024
G312,1024
G318,1024
G319,1024
G320,1024
G328,1024
G35X,1024
G360,1024
G372,1024
G373,1024
G378,1024
G379,1024
G400,1024
G401,1024
G402,1024
G403,1024
G404,1024
G405,1024
G406,1024
G407,1024
G408,1024
G409,1024
G410,1024
G411,1024
G412,1024
G418,1024
G419,1023
G430,1024
G431,1024
G432,1024
G433,1024
G438,1024
G439,1024
G464,1024
G470,1024
G471,1024
G472,1024
G473,1024
G474,1024
G478,1024
G479,1024
G610,1024
G618,1024
G619,1024
G620,1024
G621,1024
G622,1024
G628,1024
G629,1024
G631,1024
G632,1024
G633,1024
G634,1024
G635,1024
G638,1024
G700,1024
G702,1024
G708,1024
G709,1024
G710,1024
G711,1024
G712,1024
G713,1024
G720,1024
G721,1024
G724,1024
G728,1024
G729,1024
G730,1024
G731,1024
G732,1024
G737,1024
G800,1024
G801,1024
G802,1024
G803,1024
G804,1024
G808,1024
G809,1024
G810,1024
G811,1024
G819,1024
G820,1024
G821,1024
G822,1024
G824,1024
G825,1024
G830,1024
G831,1024
G832,1024
G834,1024
G835,1024
G838,1024
G839,1024
G900,1024
G901,1024
G902,1024
G904,1024
G908,1024
G909,1024
G910,1024
G911,1024
G912,1024
G913,1024
G918,1024
G919,1024
G930,1024
G931,1024
G932,1024
G933,1024
G934,1024
G935,1024
G936,1024
G938,1024
G950,1024
G951,1024
G952,1024
G992,1024
H050,1023
H053,1024
H100,1024
H101,1024
H103,1024
H104,1024
H105,1024
H108,1024
H109,1024
H171,1024
H178,1024
H179,1024
H200,1024
H201,1024
H208,1024
H209,1024
H210,1024
H215,1024
H302,1024
H309,1024
H311,1024
H330,1024
H332,1024
H333,1024
H335,1024
H351,1024
H356,1024
H400,1024
H401,1024
H402,1024
H403,1024
H404,1024
H405,1024
H406,1024
H408,1024
H409,1024
H431,1024
H440,1024
H441,1024
H444,1024
H46X,1024
H470,1024
H472,1024
H476,1024
H477,1024
H500,1024
H501,1024
H502,1024
H503,1024
H505,1024
H506,1024
H508,1024
H509,1024
H530,1024
H531,1024
H532,1024
H533,1024
H534,1024
H535,1024
H536,1024
H538,1024
H539,1024
H540,1024
H541,1024
H542,1024
H544,1024
H545,1024
H546,1024
H600,1024
H601,1024
H602,1024
H603,1024
H604,1024
H605,1024
H608,1024
H609,1024
H650,1024
H651,1024
H652,1024
H653,1024
H654,1024
H659,1024
H690,1024
H738,1024
H901,1024
H906,1024
H907,1024
I00X,1024
I011,1024
I019,1024
I020,1024
I050,1024
I051,1024
I052,1024
I058,1024
I059,1024
I060,1024
I071,1024
I078,1024
I079,1024
I080,1024
I081,1024
I082,1024
I083,1024
I088,1024
I089,1024
I090,1024
I098,1024
I10X,1024
I110,1024
I119,1024
I120,1024
I129,1024
I130,1024
I131,1024
I132,1024
I139,1024
I150,1024
I152,1024
I159,1024
I200,1024
I201,1024
I208,1024
I209,1024
I231,1024
I240,1024
I241,1024
I248,1024
I249,1024
I250,1024
I251,1024
I252,1024
I253,1024
I254,1024
I255,1024
I256,1024
I258,1024
I259,1024
I260,1024
I269,1024
I270,1024
I272,1024
I278,1024
I279,1024
I288,1024
I301,1024
I309,1024
I311,1024
I312,1024
I313,1024
I319,1024
I330,1024
I339,1024
I340,1024
I341,1024
I342,1024
I348,1024
I349,1024
I350,1024
I351,1024
I352,1024
I358,1024
I359,1024
I361,1024
I370,1024
I371,1024
I379,1024
I38X,1024
I420,1024
I421,1024
I422,1024
I423,1024
I424,1024
I425,1024
I426,1024
I427,1024
I428,1024
I429,1024
I431,1024
I438,1024
I450,1024
I451,1024
I460,1024
I461,1024
I469,1024
I470,1024
I471,1024
I472,1024
I479,1024
I480,1024
I481,1024
I482,1024
I483,1024
I484,1024
I489,1024
I490,1024
I498,1024
I500,1024
I501,1024
I509,1024
I511,1024
I512,1024
I513,1024
I517,1024
I600,1024
I601,1024
I602,1024
I609,1024
I610,1024
I611,1024
I612,1024
I613,1024
I614,1024
I615,1024
I616,1024
I618,1024
I619,1024
I620,1024
I629,1024
I630,1024
I631,1024
I632,1024
I633,1024
I634,1024
I635,1024
I636,1024
I638,1024
I639,1024
I64X,1024
I650,1024
I652,1024
I653,1024
I660,1024
I661,1024
I662,1024
I663,1024
I668,1024
I669,1024
I670,1024
I671,1024
I672,1024
I674,1024
I675,1024
I677,1024
I678,1024
I679,1024
I680,1024
I690,1024
I691,1024
I692,1024
I693,1024
I694,1024
I698,1024
I700,1024
I7000,1024
I7001,1024
I7020,1024
I7021,1024
I708,1024
I7080,1024
I7081,1024
I710,1024
I711,1024
I712,1024
I713,1024
I718,1024
I723,1024
I725,1024
I726,1024
I728,1024
I730,1024
I740,1024
I741,1024
I742,1024
I743,1024
I744,1024
I745,1024
I748,1024
I749,1024
I772,1024
I788,1024
I81X,1024
I820,1024
I822,1024
I823,1024
I828,1024
I829,1024
I830,1024
I832,1024
I850,1024
I859,1024
I868,1024
I950,1024
I951,1024
I952,1024
I958,1024
I959,1024
I971,1024
J020,1024
J028,1024
J029,1024
J030,1024
J038,1024
J039,1024
J09X,1024
J100,1024
J101,1022
J108,1024
J110,1024
J111,1024
J118,1024
J121,1024
J122,1024
J123,1024
J128,1024
J129,1024
J13X,1024
J14X,1024
J150,1024
J151,1024
J152,1024
J153,1024
J154,1024
J155,1024
J156,1024
J157,1024
J158,1024
J159,1024
J168,1024
J171,1024
J172,1024
J173,1024
J180,1024
J181,1024
J182,1024
J189,1024
J202,1024
J205,1024
J208,1024
J209,1024
J210,1019
J211,1024
J218,1024
J219,1018
J22X,1023
J323,1024
J387,1024
J398,1024
J440,1024
J441,1024
J448,1024
J449,1024
J46X,1024
J47X,1024
J680,1024
J684,1024
J690,1024
J698,1024
J80X,1024
J81X,1024
J82X,1024
J840,1024
J841,1024
J848,1024
J849,1024
J850,1024
J851,1024
J852,1024
J860,1024
J869,1024
J90X,1024
J91X,1024
J930,1024
J931,1024
J938,1024
J939,1024
J940,1024
J942,1024
J948,1024
J960,1024
J9600,1024
J9601,1024
J9609,1024
J961,1024
J9610,1024
J9611,1024
J9619,1024
J969,1024
J9690,1024
J9691,1024
J9699,1024
J980,1024
J981,1024
J982,1024
J984,1024
J985,1024
J986,1024
J988,1024
K046,1024
K047,1024
K070,1022
K088,1024
K121,1024
K20X,1024
K210,1024
K219,1018
K228,1024
K250,1024
K251,1024
K253,1024
K254,1024
K255,1024
K257,1024
K259,1024
K260,1024
K261,1024
K263,1024
K264,1024
K265,1024
K266,1024
K267,1024
K269,1024
K271,1024
K274,1024
K277,1024
K279,1024
K290,1024
K291,1024
K292,1024
K293,1024
K294,1024
K295,1024
K296,1024
K297,1024
K298,1024
K299,1024
K30X,1024
K352,1024
K353,1024
K358,1024
K36X,1024
K37X,1024
K381,1024
K388,1024
K400,1024
K402,1024
K403,1024
K404,1024
K409,1024
K440,1024
K441,1024
K449,1024
K500,1024
K501,1024
K508,1024
K509,1024
K510,1024
K512,1024
K513,1024
K514,1024
K515,1024
K518,1024
K519,1024
K520,1024
K521,1024
K522,1024
K523,1024
K528,1024
K529,1024
K564,1024
K580,1024
K589,1024
K590,1024
K598,1024
K625,1024
K638,1024
K650,1024
K658,1024
K659,1024
K700,1024
K701,1024
K702,1024
K703,1024
K704,1024
K709,1024
K710,1024
K711,1024
K712,1024
K716,1024
K717,1024
K718,1024
K719,1024
K720,1024
K721,1024
K729,1024
K730,1024
K732,1024
K738,1024
K739,1024
K740,1024
K743,1024
K744,1024
K745,1024
K746,1024
K750,1024
K753,1024
K754,1024
K758,1024
K759,1024
K760,1024
K761,1024
K763,1024
K764,1024
K766,1024
K767,1024
K768,1024
K769,1024
K770,1024
K778,1024
K800,1024
K801,1024
K802,1024
K803,1024
K804,1024
K805,1024
K808,1024
K810,1024
K811,1024
K818,1024
K819,1024
K820,1024
K821,1024
K822,1024
K823,1024
K824,1024
K828,1024
K829,1024
K830,1024
K831,1024
K832,1024
K833,1024
K834,1024
K835,1024
K838,1024
K839,1024
K850,1024
K851,1024
K852,1024
K853,1024
K858,1024
K859,1024
K860,1024
K861,1024
K862,1024
K863,1024
K868,1024
K869,1024
K900,1024
K901,1024
K902,1024
K904,1023
K908,1024
K909,1024
K910,1024
K911,1024
K912,1024
K913,1024
K914,1024
K918,1024
K920,1024
K921,1024
K922,1024
L00X,1024
L011,1024
L020,1024
L021,1024
L022,1023
L023,1023
L024,1024
L028,1024
L029,1024
L030,1020
L031,1023
L032,1024
L033,1024
L038,1023
L039,1024
L040,1024
L041,1024
L042,1024
L043,1024
L048,1024
L049,1024
L080,1024
L081,1024
L088,1024
L089,1023
L130,1024
L131,1024
L138,1024
L139,1024
L208,1024
L209,1024
L210,1024
L218,1024
L219,1024
L22X,1024
L231,1024
L232,1024
L233,1024
L236,1024
L239,1024
L244,1024
L245,1024
L248,1024
L249,1024
L251,1024
L254,1024
L258,1024
L259,1024
L26X,1024
L270,1024
L271,1024
L278,1024
L280,1024
L281,1024
L282,1024
L290,1024
L292,1024
L293,1024
L298,1024
L299,1024
L400,1024
L401,1024
L402,1024
L403,1024
L404,1024
L405,1024
L408,1024
L409,1024
L511,1024
L512,1024
L518,1024
L700,1024
L704,1023
L709,1024
L890,1024
L891,1024
L892,1024
L893,1024
L899,1024
L940,1024
L942,1024
L943,1024
L948,1024
L949,1024
L950,1024
L958,1024
L959,1024
L97X,1024
M0001,1024
M0003,1024
M0004,1024
M0005,1024
M0006,1024
M0007,1024
M0021,1024
M0023,1024
M0024,1024
M0025,1024
M0026,1024
M0027,1024
M0081,1024
M0086,1024
M009,1024
M0090,1024
M0091,1024
M0092,1024
M0093,1024
M0094,1024
M0095,1024
M0096,1024
M0097,1024
M0186,1024
M0220,1024
M023,1024
M0286,1024
M029,1024
M0290,1024
M0294,1024
M0295,1024
M0296,1024
M0297,1024
M0366,1024
M0367,1024
M051,1024
M0510,1024
M052,1024
M053,1024
M058,1024
M059,1024
M0590,1024
M0591,1024
M0593,1024
M0594,1024
M0595,1024
M0596,1024
M0597,1024
M0599,1024
M060,1024
M0600,1024
M0604,1024
M0605,1024
M0606,1024
M0608,1024
M0609,1024
M061,1024
M0610,1024
M063,1024
M0630,1024
M0634,1024
M064,1024
M0640,1024
M0644,1024
M0646,1024
M0649,1024
M068,1024
M069,1024
M0690,1024
M0691,1024
M0692,1024
M0693,1024
M0694,1024
M0695,1024
M0696,1024
M0697,1024
M0698,1024
M0699,1024
M070,1024
M071,1024
M0710,1024
M073,1024
M0730,1024
M0731,1024
M0732,1024
M0736,1024
M0737,1024
M0738,1024
M0739,1024
M074,1024
M075,1024
M0750,1024
M076,1024
M080,1024
M0800,1024
M081,1024
M082,1024
M083,1024
M0830,1024
M088,1024
M0886,1024
M089,1024
M0890,1024
M0893,1024
M0896,1024
M0898,1024
M0899,1024
M100,1024
M1000,1024
M1002,1024
M1003,1024
M1004,1024
M1006,1024
M1007,1024
M1008,1024
M1009,1024
M102,1024
M1035,1024
M104,1024
M109,1024
M1090,1024
M1092,1024
M1093,1024
M1094,1024
M1096,1024
M1097,1024
M1098,1024
M1099,1024
M112,1024
M1120,1024
M1121,1024
M1122,1024
M1123,1024
M1124,1024
M1125,1024
M1126,1024
M1127,1024
M1129,1024
M118,1024
M1183,1024
M1186,1024
M119,1024
M1190,1024
M1191,1024
M1193,1024
M1196,1024
M1197,1024
M1199,1024
M120,1024
M1200,1024
M123,1024
M1230,1024
M1233,1024
M1251,1024
M1253,1024
M1257,1024
M128,1024
M1288,1024
M130,1024
M1300,1024
M131,1024
M1311,1024
M1312,1024
M1316,1024
M1317,1024
M1318,1024
M138,1024
M1380,1024
M1381,1024
M1383,1024
M1385,1024
M1386,1024
M1387,1024
M1389,1024
M139,1024
M1390,1024
M1391,1024
M1392,1024
M1393,1024
M1394,1024
M1395,1024
M1396,1024
M1397,1024
M1398,1024
M1399,1024
M142,1024
M143,1024
M145,1024
M146,1024
M148,1024
M150,1024
M151,1024
M152,1024
M154,1024
M158,1024
M159,1024
M160,1024
M162,1024
M163,1024
M166,1024
M169,1024
M170,1024
M171,1024
M173,1024
M174,1024
M175,1024
M179,1024
M180,1024
M182,1024
M183,1024
M189,1024
M190,1024
M1901,1024
M1904,1024
M1907,1024
M1911,1024
M1913,1024
M1915,1024
M1917,1024
M192,1024
M1920,1024
M1921,1024
M1927,1024
M198,1024
M1982,1024
M1987,1024
M199,1024
M1990,1024
M1991,1024
M1992,1024
M1993,1024
M1994,1024
M1995,1024
M1997,1024
M1998,1024
M1999,1024
M300,1024
M301,1024
M303,1024
M308,1024
M310,1024
M311,1024
M313,1024
M314,1024
M315,1024
M316,1024
M317,1024
M318,1024
M319,1024
M320,1024
M321,1024
M329,1024
M330,1024
M331,1024
M332,1024
M339,1024
M340,1024
M341,1024
M348,1024
M349,1024
M350,1024
M351,1024
M352,1024
M353,1024
M357,1024
M358,1024
M359,1024
M363,1024
M410,1024
M411,1024
M412,1024
M4120,1024
M4125,1024
M413,1024
M4130,1024
M4134,1024
M4135,1024
M414,1024
M415,1024
M4155,1024
M4156,1024
M418,1024
M4180,1024
M4185,1024
M4186,1024
M4187,1024
M419,1024
M4190,1024
M4192,1024
M4193,1024
M4194,1024
M4195,1024
M4196,1024
M4197,1024
M4199,1024
M462,1024
M4622,1024
M4624,1024
M4626,1024
M4628,1024
M4632,1024
M4634,1024
M4636,1024
M464,1024
M4640,1024
M4642,1024
M4644,1024
M4646,1024
M4647,1024
M4650,1024
M4656,1024
M4657,1024
M4658,1024
M4710,1024
M4712,1024
M4716,1024
M4717,1024
M484,1024
M4840,1024
M4844,1024
M4845,1024
M4846,1024
M4848,1024
M490,1024
M4900,1024
M4902,1024
M4904,1024
M4906,1024
M500,1024
M541,1024
M5410,1024
M5412,1024
M5413,1024
M5414,1024
M5415,1024
M5416,1024
M5417,1024
M5418,1024
M5419,1024
M542,1024
M5421,1024
M5422,1024
M5423,1024
M543,1024
M5430,1024
M5435,1024
M5436,1024
M5437,1024
M5438,1024
M5439,1024
M544,1024
M5445,1024
M5446,1024
M5447,1024
M5448,1024
M545,1024
M5450,1024
M5455,1024
M5456,1024
M5457,1024
M5458,1024
M5459,1024
M546,1024
M5464,1024
M5465,1024
M548,1024
M5480,1024
M5481,1024
M5482,1024
M5483,1024
M5484,1024
M5486,1024
M5487,1024
M5489,1024
M549,1024
M5490,1024
M5494,1024
M5495,1024
M5496,1024
M5497,1024
M5498,1024
M5499,1024
M600,1024
M6005,1024
M6006,1024
M6008,1024
M653,1024
M654,1024
M6543,1024
M6544,1024
M758,1024
M8040,1024
M8048,1024
M8080,1024
M8085,1024
M8086,1024
M8088,1024
M8431,1024
M8433,1024
M8435,1024
M8437,1024
M8438,1024
M8440,1024
M8441,1024
M8442,1024
M8445,1024
M8447,1024
M8448,1024
M8611,1024
M8613,1024
M8614,1024
M8616,1024
M8617,1024
M863,1024
M8648,1024
M866,1024
M8661,1024
M8662,1024
M8663,1024
M8665,1024
M8666,1024
M8667,1024
M868,1024
M8680,1024
M8686,1024
M8687,1024
M869,1024
M8690,1024
M8691,1024
M8692,1024
M8694,1024
M8695,1024
M8696,1024
M8697,1024
M8698,1024
M9003,1024
M9070,1024
M9071,1024
M9072,1024
M9073,1024
M9075,1024
M9076,1024
M9078,1024
N001,1024
N002,1024
N008,1024
N009,1024
N021,1024
N022,1024
N023,1024
N025,1024
N028,1024
N029,1024
N031,1024
N032,1024
N039,1024
N040,1024
N041,1024
N043,1024
N048,1024
N049,1024
N050,1024
N051,1024
N052,1024
N057,1024
N058,1024
N059,1024
N082,1024
N083,1024
N084,1024
N085,1024
N10X,1024
N111,1024
N118,1024
N119,1024
N12X,1024
N130,1024
N131,1024
N132,1024
N133,1023
N134,1024
N136,1024
N137,1024
N138,1024
N151,1024
N158,1024
N159,1024
N170,1024
N171,1024
N172,1024
N179,1024
N181,1024
N182,1024
N183,1024
N184,1024
N185,1024
N189,1024
N19X,1024
N200,1024
N201,1024
N202,1024
N209,1024
N250,1024
N251,1024
N258,1024
N280,1024
N281,1024
N311,1024
N312,1024
N318,1024
N319,1024
N320,1024
N328,1024
N358,1024
N359,1024
N390,1024
N430,1024
N431,1024
N432,1024
N433,1024
N44X,1024
N450,1024
N459,1024
N47X,1024
N730,1024
N731,1024
N734,1024
N735,1024
N736,1024
N739,1024
N760,1024
N771,1024
N800,1024
N801,1024
N802,1024
N803,1024
N804,1024
N805,1024
N806,1024
N808,1024
N809,1024
N830,1024
N831,1024
N832,1024
N838,1024
N854,1024
N898,1024
N920,1024
N921,1024
N930,1024
N938,1024
N939,1024
N941,1024
N990,1024
P011,1023
P013,1024
P030,1024
P032,1018
P033,1022
P050,1024
P051,1015
P059,1016
P070,1024
P071,992
P072,1024
P073,1001
P080,1016
P082,1019
P111,1024
P113,1024
P119,1024
P120,1012
P123,1016
P154,1012
P200,1024
P201,1007
P209,1005
P210,1022
P211,1016
P219,1014
P220,1023
P221,1001
P228,1024
P229,991
P233,1024
P239,1018
P240,1023
P241,1024
P243,1024
P249,1023
P251,1023
P269,1024
P271,1024
P278,1024
P279,1024
P280,1024
P282,1012
P283,1024
P284,1015
P285,1021
P288,995
P289,978
P290,1023
P291,1006
P292,1023
P293,1024
P351,1024
P360,1024
P361,1016
P362,1024
P363,1024
P364,1024
P368,1021
P369,975
P375,1022
P38X,1010
P390,1022
P391,1007
P393,1020
P394,1017
P398,1007
P399,983
P520,1024
P521,1024
P522,1024
P523,1024
P524,1023
P540,1021
P541,1023
P543,1024
P545,1022
P546,1021
P550,1023
P551,1020
P583,1023
P590,994
P593,1019
P598,1018
P599,646
P610,1024
P611,1024
P612,1024
P614,1023
P616,1024
P618,1024
P700,1018
P701,1024
P702,1024
P704,1013
P708,1024
P711,1024
P718,1024
P719,1024
P722,1022
P740,1023
P741,1013
P742,1011
P743,1024
P744,1022
P748,1024
P749,1010
P75X,1024
P760,1024
P768,1024
P769,1024
P77X,1024
P780,1024
P782,1022
P783,1023
P788,1006
P789,1010
P808,1023
P809,1006
P810,1024
P818,1014
P830,1024
P831,1013
P833,1024
P835,1023
P838,956
P839,966
P90X,1013
P912,1024
P917,1024
P920,989
P921,1024
P922,1019
P923,1023
P924,1020
P928,961
P941,1024
P942,1015
P948,1024
P960,1024
P961,1023
P962,1023
P968,1013
Q02X,1024
Q030,1024
Q031,1024
Q038,1024
Q039,1024
Q040,1024
Q043,1024
Q044,1024
Q045,1024
Q046,1021
Q048,1024
Q049,1024
Q054,1024
Q057,1024
Q059,1024
Q068,1024
Q070,1024
Q078,1024
Q100,1024
Q103,1024
Q112,1024
Q120,1024
Q128,1024
Q130,1024
Q131,1024
Q134,1024
Q141,1024
Q150,1024
Q158,1024
Q161,1024
Q163,1024
Q170,1024
Q174,1024
Q178,1024
Q180,1024
Q181,1024
Q183,1024
Q184,1024
Q188,1024
Q189,1024
Q201,1024
Q206,1024
Q208,1024
Q209,1024
Q210,1024
Q211,1024
Q212,1024
Q213,1024
Q214,1024
Q218,1024
Q219,1024
Q220,1024
Q221,1024
Q223,1024
Q224,1024
Q225,1024
Q226,1024
Q228,1024
Q230,1024
Q231,1024
Q232,1024
Q233,1024
Q234,1024
Q238,1024
Q239,1024
Q240,1024
Q244,1024
Q245,1024
Q246,1024
Q248,1024
Q249,1024
Q250,1024
Q251,1024
Q254,1024
Q255,1024
Q256,1024
Q257,1024
Q258,1024
Q260,1024
Q261,1024
Q263,1024
Q265,1024
Q268,1024
Q270,1024
Q271,1024
Q272,1024
Q273,1024
Q278,1024
Q279,1024
Q281,1024
Q282,1024
Q283,1024
Q288,1024
Q300,1024
Q310,1024
Q311,1024
Q315,1024
Q318,1024
Q319,1024
Q320,1024
Q321,1024
Q322,1024
Q330,1024
Q332,1024
Q334,1024
Q336,1024
Q338,1024
Q339,1024
Q341,1024
Q348,1024
Q355,1024
Q357,1024
Q359,1024
Q369,1024
Q371,1024
Q373,1024
Q374,1024
Q375,1024
Q378,1024
Q379,1024
Q380,1024
Q381,988
Q382,1024
Q383,1024
Q385,1024
Q387,1024
Q388,1024
Q390,1024
Q391,1024
Q396,1024
Q399,1024
Q400,1024
Q401,1024
Q402,1024
Q403,1024
Q408,1024
Q410,1024
Q419,1024
Q420,1024
Q423,1024
Q429,1024
Q430,1024
Q431,1024
Q433,1024
Q436,1024
Q438,1024
Q439,1024
Q441,1024
Q442,1024
Q444,1024
Q445,1024
Q446,1024
Q447,1024
Q451,1024
Q453,1024
Q458,1024
Q532,1024
Q540,1024
Q544,1024
Q556,1024
Q600,1024
Q601,1024
Q602,1024
Q605,1024
Q610,1024
Q611,1024
Q612,1024
Q613,1024
Q614,1024
Q615,1024
Q618,1024
Q619,1024
Q620,1022
Q621,1024
Q622,1024
Q623,1024
Q647,1024
Q650,1024
Q651,1024
Q652,1024
Q654,1024
Q656,1024
Q658,1024
Q660,1018
Q661,1024
Q662,1023
Q663,1024
Q664,1024
Q665,1024
Q666,1024
Q667,1024
Q668,1023
Q669,1024
Q690,1024
Q691,1024
Q692,1024
Q699,1023
Q703,1024
Q728,1024
Q740,1024
Q741,1024
Q742,1024
Q743,1024
Q748,1024
Q750,1024
Q751,1024
Q752,1024
Q764,1024
Q772,1024
Q790,1024
Q791,1024
Q792,1024
Q793,1024
Q795,1024
Q796,1024
Q798,1024
Q803,1024
Q808,1024
Q809,1024
Q810,1024
Q812,1024
Q819,1024
Q824,1024
Q828,1024
Q850,1024
Q858,1024
Q860,1024
Q868,1024
Q870,1024
Q871,1024
Q872,1024
Q873,1024
Q874,1024
Q875,1024
Q878,1024
Q900,1024
Q901,1024
Q902,1024
Q909,1024
Q913,1024
Q917,1024
Q928,1024
Q933,1024
Q935,1024
Q937,1024
Q938,1024
Q968,1024
Q969,1024
Q998,1024
R000,1024
R001,1024
R002,1024
R010,1023
R02X,1024
R030,1024
R031,1024
R040,1024
R042,1024
R060,1023
R061,1024
R073,1024
R092,1024
R098,1024
R100,1024
R101,1024
R102,1024
R103,1024
R104,1024
R11X,1023
R13X,1024
R14X,1024
R15X,1024
R160,1024
R162,1024
R17X,1024
R18X,1024
R190,1024
R194,1024
R195,1023
R202,1024
R230,1023
R251,1024
R252,1024
R260,1024
R262,1024
R263,1024
R268,1024
R270,1024
R294,1024
R300,1024
R31X,1024
R32X,1024
R33X,1024
R35X,1024
R391,1024
R400,1024
R401,1024
R402,1024
R410,1024
R411,1024
R412,1024
R413,1024
R418,1024
R42X,1024
R440,1024
R441,1024
R442,1024
R443,1024
R451,1024
R452,1024
R454,1024
R456,1024
R458,1024
R462,1024
R470,1024
R480,1024
R482,1024
R508,1024
R522,1024
R53X,1018
R54X,1024
R55X,1024
R560,1024
R568,1024
R570,1024
R571,1024
R572,1024
R578,1024
R579,1024
R590,1024
R591,1024
R600,1024
R601,1024
R609,1024
R610,1024
R611,1024
R619,1024
R628,1017
R630,1024
R634,959
R636,1024
R638,1024
R650,1024
R651,1024
R653,1024
R748,1024
R778,1024
R798,1023
R836,1024
R933,1024
R935,1024
R943,1024
R944,1024
R945,1024
S004,1024
S018,1024
S0200,1024
S0210,1024
S0211,1024
S0220,1024
S0221,1024
S0230,1024
S0240,1024
S0250,1024
S0260,1024
S0261,1024
S0270,1024
S0271,1024
S0280,1024
S0281,1024
S0290,1024
S0600,1024
S0610,1024
S062,1024
S0620,1024
S0630,1024
S0640,1024
S065,1024
S0650,1024
S0651,1024
S066,1024
S0660,1024
S0661,1024
S0680,1024
S0690,1024
S1200,1024
S1210,1024
S1220,1024
S127,1024
S1270,1024
S1280,1024
S1290,1024
S131,1024
S140,1024
S141,1024
S220,1024
S2200,1024
S2210,1024
S241,1024
S270,1024
S2700,1024
S2701,1024
S2710,1024
S272,1024
S2720,1024
S2730,1024
S2780,1024
S320,1024
S3200,1024
S3201,1024
S3210,1024
S3220,1024
S3230,1024
S324,1024
S3240,1024
S325,1024
S3250,1024
S327,1024
S3270,1024
S3280,1024
S331,1024
S341,1024
S360,1024
S3600,1024
S3601,1024
S3610,1024
S3611,1024
S364,1024
S3640,1024
S3650,1024
S3660,1024
S3680,1024
S3690,1024
S381,1024
S411,1024
S420,1024
S4200,1024
S4201,1024
S421,1024
S4210,1024
S422,1024
S4220,1024
S4221,1024
S4230,1024
S4231,1024
S4240,1024
S4241,1024
S4270,1024
S4280,1024
S4290,1024
S500,1024
S501,1024
S507,1024
S508,1024
S509,1024
S510,1024
S517,1024
S518,1024
S519,1024
S5200,1024
S5201,1024
S5210,1024
S5211,1024
S5220,1024
S5221,1024
S5230,1024
S5231,1024
S5240,1024
S5241,1024
S525,1024
S5250,1024
S5251,1024
S5260,1024
S5261,1024
S5270,1024
S5280,1024
S530,1024
S531,1024
S532,1024
S533,1024
S534,1024
S540,1024
S541,1024
S542,1024
S548,1024
S550,1024
S551,1024
S552,1024
S557,1024
S560,1024
S561,1024
S562,1024
S563,1024
S564,1024
S565,1024
S567,1024
S568,1024
S598,1024
S599,1024
S610,1024
S611,1024
S617,1024
S618,1024
S619,1024
S7200,1024
S7210,1024
S722,1024
S7220,1024
S7230,1024
S7231,1024
S724,1024
S7240,1024
S7241,1024
S7280,1024
S7290,1024
S730,1024
S820,1024
S8200,1024
S8210,1024
S8211,1024
S8220,1024
S8230,1024
S8231,1024
S8240,1024
S8241,1024
S8250,1024
S8251,1024
S826,1024
S8260,1024
S8261,1024
S8270,1024
S828,1024
S8280,1024
S8281,1024
S830,1024
S831,1024
S832,1024
S833,1024
T012,1024
T0210,1024
T0240,1024
T0241,1024
T0250,1024
T064,1024
T093,1024
T111,1024
T174,1024
T175,1024
T178,1024
T360,1024
T361,1024
T364,1024
T378,1024
T381,1024
T384,1024
T385,1024
T387,1024
T388,1024
T390,1024
T391,1024
T393,1024
T402,1024
T403,1024
T404,1024
T421,1024
T424,1024
T426,1024
T427,1024
T430,1024
T431,1024
T432,1024
T433,1024
T434,1024
T435,1024
T436,1024
T443,1024
T447,1024
T450,1024
T452,1024
T454,1024
T456,1024
T461,1024
T464,1024
T465,1024
T466,1024
T470,1024
T471,1024
T474,1024
T484,1024
T485,1024
T490,1024
T500,1024
T501,1024
T502,1024
T503,1024
T504,1024
T505,1024
T506,1024
T508,1024
T509,1024
T542,1024
T543,1024
T549,1024
T740,1024
T741,1024
T749,1024
T795,1024
T810,1024
T811,1024
T813,1024
T814,1024
T817,1024
T818,1024
T820,1024
T821,1024
T822,1024
T823,1024
T824,1024
T825,1024
T826,1024
T827,1024
T828,1024
T829,1024
T830,1024
T831,1024
T832,1024
T833,1024
T834,1024
T835,1024
T836,1024
T838,1024
T839,1024
T840,1024
T841,1024
T842,1024
T843,1024
T844,1024
T845,1024
T846,1024
T847,1024
T848,1024
T849,1024
T850,1024
T852,1024
T853,1024
T854,1024
T855,1024
T856,1024
T857,1024
T858,1024
T859,1024
T860,1024
T861,1024
T868,1024
U071,1021
U072,1024
Z030,1024
Z032,1024
Z035,1024
Z038,1015
Z205,1024
Z21X,1024
Z246,1024
Z298,1024
Z515,1024
Z554,1024
Z590,1024
Z602,1024
Z603,1024
Z604,1024
Z608,1024
Z609,1024
Z610,1024
Z611,1024
Z614,1024
Z615,1024
Z618,1024
Z628,1024
Z630,1024
Z631,1024
Z632,1024
Z633,1024
Z634,1024
Z635,1024
Z636,1024
Z637,1024
Z638,1022
Z639,1024
Z653,1024
Z658,1024
Z720,1024
Z721,1024
Z722,1024
Z728,1024
Z738,1024
Z740,1024
Z741,1024
Z742,1024
Z748,1024
Z750,1024
Z751,1024
Z753,1024
Z754,1024
Z755,1024
Z762,1024
Z800,1024
Z813,1023
Z818,1021
Z820,1024
Z824,1022
Z830,1024
Z836,1024
Z837,1024
Z843,1024
Z861,1024
Z864,1024
Z865,1024
Z867,1024
Z871,1024
Z880,1024
Z881,1024
Z885,1024
Z886,1024
Z904,1024
Z908,1024
Z911,1024
Z915,1024
Z916,1024
Z917,1024
Z918,1024
Z921,1024
Z930,1024
Z931,1024
Z932,1024
Z933,1024
Z934,1024
Z935,1024
Z940,1024
Z941,1024
Z942,1024
Z944,1024
Z951,1024
Z954,1024
Z960,1024
Z966,1024
Z968,1024
Z975,1024
Z992,1024
Z998,1024
P298,1011
