A040,217
A042,217
A043,217
A044,217
A045,217
A046,217
A047,217
A048,217
A080,217
A150,217
A151,217
A152,217
A153,217
A154,217
A156,217
A157,217
A160,217
A162,217
A163,217
A165,217
A169,217
A170,217
A178,217
A180,217
A182,217
A183,217
A190,217
A191,217
A199,217
A208,217
A280,217
A281,217
A310,217
A318,217
A328,217
A35X,217
A390,217
A394,217
A398,217
A399,217
A400,217
A401,217
A402,217
A403,217
A408,217
A409,217
A410,217
A411,217
A412,217
A414,217
A415,217
A418,217
A419,217
A420,217
A428,217
A480,217
A483,217
A490,217
A491,217
A492,217
A493,217
A498,217
A521,217
A523,217
A748,217
A810,217
A812,217
A850,217
A858,217
A86X,217
A870,217
A878,217
A879,217
A881,217
A888,217
A920,217
A971,217
A979,217
B000,217
B001,217
B002,217
B004,217
B005,217
B008,217
B009,217
B020,217
B180,217
B181,217
B182,217
B188,217
B189,217
B204,217
B206,217
B213,217
B270,217
B271,217
B279,217
B351,217
B370,217
B377,217
B378,217
B441,217
B448,217
B450,217
B470,217
B479,217
B481,217
B59X,217
B950,217
B951,217
B952,217
B953,217
B954,217
B955,217
B956,217
B957,217
B958,217
B960,217
B961,217
B962,217
B963,217
B964,217
B965,217
B966,217
B967,217
B968,217
C000,217
C01X,217
C022,217
C028,217
C029,217
C030,217
C031,217
C051,217
C060,217
C062,217
C069,217
C07X,217
C089,217
C090,217
C091,217
C099,217
C109,217
C112,217
C119,217
C12X,217
C130,217
C139,217
C140,217
C150,217
C153,217
C154,217
C155,217
C158,217
C159,217
C160,217
C161,217
C162,217
C163,217
C164,217
C165,217
C166,217
C168,217
C169,217
C170,217
C171,217
C180,217
C183,217
C184,217
C185,217
C186,217
C188,217
C220,217
C221,217
C222,217
C229,217
C241,217
C251,217
C252,217
C257,217
C258,217
C268,217
C300,217
C310,217
C313,217
C319,217
C320,217
C321,217
C322,217
C323,217
C329,217
C340,217
C341,217
C342,217
C343,217
C348,217
C349,217
C400,217
C402,217
C410,217
C411,217
C412,217
C413,217
C414,217
C430,217
C431,217
C432,217
C433,217
C434,217
C435,217
C436,217
C437,217
C439,217
C460,217
C490,217
C491,217
C492,217
C493,217
C494,217
C495,217
C496,217
C498,217
C499,217
C511,217
C519,217
C52X,217
C530,217
C539,217
C541,217
C542,217
C543,217
C548,217
C549,217
C55X,217
C56X,217
C578,217
C61X,217
C64X,217
C66X,217
C670,217
C671,217
C672,217
C673,217
C674,217
C675,217
C676,217
C677,217
C678,217
C679,217
C680,217
C688,217
C700,217
C709,217
C710,217
C711,217
C712,217
C713,217
C714,217
C716,217
C718,217
C719,217
C723,217
C740,217
C749,217
C751,217
C760,217
C761,217
C762,217
C763,217
C765,217
C767,217
C770,217
C771,217
C772,217
C773,217
C774,217
C775,217
C778,217
C779,217
C781,217
C782,217
C784,217
C785,217
C786,217
C787,217
C788,217
C790,217
C791,217
C792,217
C793,217
C794,217
C795,217
C796,217
C797,217
C798,217
C800,217
C811,217
C812,217
C814,217
C820,217
C821,217
C822,217
C823,217
C824,217
C826,217
C827,217
C829,217
C830,217
C831,217
C833,217
C835,217
C837,217
C839,217
C846,217
C847,217
C848,217
C851,217
C852,217
C857,217
C859,217
C860,217
C861,217
C865,217
C866,217
C880,217
C884,217
C900,217
C902,217
C910,217
C911,217
C913,217
C914,217
C915,217
C917,217
C919,217
C920,217
C921,217
C922,217
C924,217
C925,217
C928,217
C930,217
C931,217
C944,217
C946,217
C950,217
C959,217
C965,217
C966,217
D000,217
D001,217
D010,217
D013,217
D017,217
D020,217
D075,217
D090,217
D091,217
D093,217
D107,217
D166,217
D168,217
D180,217
D300,217
D303,217
D320,217
D321,217
D329,217
D330,217
D331,217
D332,217
D333,217
D334,217
D339,217
D350,217
D351,217
D352,217
D355,217
D361,217
D371,217
D372,217
D374,217
D375,217
D376,217
D377,217
D381,217
D382,217
D384,217
D385,217
D390,217
D391,217
D392,217
D400,217
D411,217
D413,217
D414,217
D421,217
D429,217
D430,217
D431,217
D432,217
D434,217
D443,217
D444,217
D445,217
D461,217
D462,217
D464,217
D465,217
D466,217
D467,217
D469,217
D470,217
D471,217
D472,217
D473,217
D474,217
D475,217
D477,217
D479,217
D482,217
D500,217
D501,217
D508,217
D509,217
D510,217
D511,217
D513,217
D519,217
D521,217
D528,217
D529,217
D531,217
D539,217
D550,217
D552,217
D560,217
D561,217
D562,217
D563,217
D564,217
D568,217
D569,217
D570,217
D571,217
D572,217
D573,217
D580,217
D581,217
D582,217
D588,217
D589,217
D591,217
D593,217
D594,217
D595,217
D596,217
D599,217
D600,217
D608,217
D609,217
D610,217
D611,217
D612,217
D613,217
D618,217
D619,217
D62X,217
D630,217
D638,217
D643,217
D648,217
D649,217
D66X,217
D680,217
D681,217
D682,217
D683,217
D684,217
D685,217
D686,217
D688,217
D689,217
D690,217
D691,217
D692,217
D693,217
D694,217
D695,217
D696,217
D698,217
D699,217
D70X,217
D751,217
D758,217
D801,217
D802,217
D803,217
D804,217
D805,217
D806,217
D808,217
E031,217
E032,217
E034,217
E038,217
E039,217
E050,217
E051,217
E052,217
E054,217
E058,217
E059,217
E101,217
E102,217
E103,217
E104,217
E105,217
E106,217
E109,217
E110,217
E111,217
E112,217
E113,217
E114,217
E115,217
E116,217
E117,217
E119,217
E128,217
E131,217
E133,217
E134,217
E135,217
E136,217
E138,217
E139,217
E141,217
E142,217
E143,217
E144,217
E145,217
E146,217
E148,217
E149,217
E160,217
E161,217
E162,217
E168,217
E169,217
E212,217
E214,217
E220,217
E221,217
E222,217
E228,217
E229,217
E230,217
E231,217
E232,217
E233,217
E236,217
E237,217
E270,217
E271,217
E272,217
E273,217
E274,217
E275,217
E278,217
E279,217
E700,217
E701,217
E702,217
E703,217
E710,217
E711,217
E713,217
E720,217
E721,217
E722,217
E723,217
E724,217
E728,217
E739,217
E740,217
E741,217
E742,217
E743,217
E748,217
E760,217
E761,217
E762,217
E763,217
E780,217
E781,217
E782,217
E784,217
E785,217
E786,217
E788,217
E790,217
E798,217
E800,217
E801,217
E802,217
E803,217
E804,217
E805,217
E806,217
E807,217
E830,217
E834,217
E835,217
E838,217
E840,217
E841,217
E848,217
E849,217
E86X,217
E870,217
E871,217
E872,217
E873,217
E874,217
E875,217
E876,217
E877,217
E878,217
E880,217
E881,217
E882,217
E888,217
F000,217
F001,217
F002,217
F009,217
F011,217
F012,217
F013,217
F019,217
F020,217
F021,217
F022,217
F023,217
F028,217
F03X,217
F050,217
F051,217
F058,217
F059,217
F067,217
F100,217
F101,217
F102,217
F103,217
F104,217
F105,217
F106,217
F107,217
F109,217
F110,217
F111,217
F112,217
F113,217
F115,217
F117,217
F119,217
F170,217
F171,217
F172,217
F177,217
F178,217
F179,217
F181,217
F200,217
F202,217
F204,217
F209,217
F228,217
F232,217
F28X,217
F310,217
F311,217
F312,217
F313,217
F314,217
F315,217
F316,217
F317,217
F318,217
F319,217
F320,217
F321,217
F322,217
F323,217
F328,217
F329,217
F332,217
F333,217
F334,217
F338,217
F339,217
F340,217
F401,217
F408,217
F410,217
F411,217
F412,217
F413,217
F418,217
F419,217
F420,217
F429,217
F431,217
F438,217
F448,217
F450,217
F500,217
F501,217
F502,217
F505,217
F508,217
F509,217
F515,217
F728,217
F800,217
F801,217
F802,217
F803,217
F808,217
F809,217
F810,217
F818,217
F819,217
F82X,217
F83X,217
F840,217
F841,217
F842,217
F845,217
F848,217
F849,217
F89X,217
F900,217
F909,217
F913,217
F919,217
F928,217
F929,217
F930,217
F932,217
F940,217
F942,217
G001,217
G002,217
G003,217
G008,217
G009,217
G01X,217
G020,217
G038,217
G039,217
G040,217
G041,217
G048,217
G049,217
G050,217
G051,217
G058,217
G060,217
G061,217
G062,217
G07X,217
G08X,217
G09X,217
G122,217
G20X,217
G300,217
G301,217
G308,217
G309,217
G310,217
G311,217
G312,217
G318,217
G319,217
G320,217
G35X,217
G372,217
G373,217
G400,217
G401,217
G402,217
G403,217
G404,217
G405,217
G406,217
G407,217
G408,217
G409,217
G450,217
G453,217
G454,217
G458,217
G459,217
G470,217
G471,217
G472,217
G473,217
G474,217
G478,217
G479,217
G510,217
G511,217
G513,217
G518,217
G519,217
G610,217
G618,217
G619,217
G620,217
G621,217
G622,217
G628,217
G629,217
G631,217
G632,217
G633,217
G634,217
G635,217
G638,217
G700,217
G702,217
G708,217
G709,217
G800,217
G801,217
G802,217
G803,217
G804,217
G808,217
G809,217
G810,217
G811,217
G819,217
G820,217
G821,217
G822,217
G824,217
G825,217
G830,217
G910,217
G911,217
G912,217
G913,217
G918,217
G919,217
G930,217
G933,217
G934,217
G950,217
G951,217
G952,217
G960,217
G961,217
G968,217
G992,217
H020,217
H021,217
H022,217
H023,217
H024,217
H025,217
H026,217
H028,217
H029,217
H050,217
H052,217
H053,217
H054,217
H058,217
H100,217
H101,217
H103,217
H104,217
H105,217
H108,217
H109,217
H110,217
H111,217
H112,217
H113,217
H114,217
H118,217
H119,217
H260,217
H261,217
H262,217
H263,217
H264,217
H268,217
H269,217
H350,217
H351,217
H352,217
H353,217
H354,217
H355,217
H356,217
H357,217
H358,217
H359,217
H360,217
H368,217
H400,217
H401,217
H402,217
H403,217
H404,217
H405,217
H406,217
H408,217
H409,217
H530,217
H531,217
H532,217
H533,217
H534,217
H535,217
H536,217
H538,217
H539,217
H540,217
H541,217
H542,217
H544,217
H545,217
H546,217
H690,217
H700,212
H701,217
H708,217
H709,208
H810,217
H811,214
H812,217
H813,217
H814,217
H818,217
H819,214
H903,217
H904,217
H905,217
H920,215
I011,217
I050,217
I051,217
I052,217
I058,217
I059,217
I060,217
I071,217
I078,217
I079,217
I080,217
I081,217
I082,217
I083,217
I088,217
I089,217
I090,217
I098,217
I10X,217
I110,217
I120,217
I129,217
I130,217
I132,217
I200,217
I201,217
I208,217
I209,217
I210,217
I211,217
I212,217
I213,217
I214,217
I219,217
I250,217
I251,217
I252,217
I253,217
I254,217
I255,217
I256,217
I258,217
I259,217
I260,217
I269,217
I270,217
I272,217
I278,217
I279,217
I330,217
I339,217
I340,217
I341,217
I342,217
I348,217
I349,217
I350,217
I351,217
I352,217
I358,217
I359,217
I361,217
I370,217
I371,217
I379,217
I38X,217
I420,217
I421,217
I422,217
I423,217
I424,217
I425,217
I426,217
I427,217
I428,217
I429,217
I440,217
I441,217
I442,217
I443,217
I444,217
I445,217
I446,217
I447,217
I450,217
I451,217
I452,217
I453,217
I454,217
I455,217
I456,217
I458,217
I459,217
I460,217
I461,217
I469,217
I470,217
I471,217
I472,217
I479,217
I480,217
I481,217
I482,217
I483,217
I484,217
I489,217
I490,217
I491,217
I492,217
I493,217
I494,217
I495,217
I498,217
I499,217
I500,217
I501,217
I509,217
I510,217
I511,217
I512,217
I513,217
I514,217
I515,217
I517,217
I518,217
I600,217
I601,217
I602,217
I609,217
I610,217
I611,217
I612,217
I613,217
I614,217
I615,217
I616,217
I618,217
I619,217
I620,217
I629,217
I630,217
I631,217
I632,217
I633,217
I634,217
I635,217
I636,217
I638,217
I639,217
I64X,217
I650,217
I652,217
I653,217
I660,217
I661,217
I662,217
I663,217
I668,217
I669,217
I670,217
I671,217
I672,217
I674,217
I675,217
I677,217
I678,217
I679,217
I680,217
I690,217
I691,217
I692,217
I693,217
I694,217
I698,217
I700,217
I7000,217
I7001,217
I7020,217
I7021,217
I708,217
I7080,217
I7081,217
I710,217
I711,217
I712,217
I713,217
I714,217
I716,217
I718,217
I719,217
I723,217
I725,217
I726,217
I728,217
I730,217
I731,217
I738,217
I739,217
I740,217
I741,217
I742,217
I743,217
I744,217
I745,217
I748,217
I770,217
I771,217
I772,217
I774,217
I776,217
I778,217
I779,217
I788,217
I800,217
I801,217
I802,217
I803,217
I808,217
I809,217
I820,217
I822,217
I823,217
I828,217
I829,217
I830,217
I832,217
I868,217
I880,217
I881,217
I888,217
I889,217
I950,217
I951,217
I952,217
I958,217
I959,217
I971,217
I982,217
I983,217
I988,217
J010,217
J012,217
J014,217
J018,217
J019,217
J030,216
J038,213
J039,99
J041,217
J060,217
J068,217
J09X,217
J100,217
J101,217
J108,217
J110,217
J111,217
J118,217
J121,217
J122,217
J123,217
J128,217
J129,217
J13X,217
J14X,217
J150,217
J151,217
J152,217
J153,217
J154,217
J155,217
J156,217
J157,217
J158,217
J159,217
J168,217
J171,217
J172,217
J173,217
J180,217
J181,217
J182,217
J189,217
J202,217
J205,217
J208,217
J209,217
J210,217
J211,217
J218,217
J219,217
J22X,217
J323,217
J351,217
J358,217
J36X,209
J387,217
J398,217
J410,217
J42X,217
J431,217
J432,217
J438,217
J439,217
J440,217
J441,217
J448,217
J449,217
J450,217
J451,217
J458,217
J459,217
J46X,217
J47X,217
J61X,217
J680,217
J684,217
J690,217
J698,217
J80X,217
J81X,217
J840,217
J841,217
J848,217
J849,217
J850,217
J851,217
J852,217
J860,217
J869,217
J90X,217
J91X,217
J930,217
J931,217
J938,217
J939,217
J940,217
J942,217
J948,217
J960,217
J9600,217
J9601,217
J9609,217
J961,217
J9610,217
J9611,217
J9619,217
J969,217
J9690,217
J9691,217
J9699,217
J980,217
J981,217
J982,217
J984,217
J985,217
J986,217
J988,217
K028,217
K029,216
K046,217
K047,216
K051,217
K120,216
K121,217
K122,216
K20X,217
K210,217
K219,217
K220,217
K221,217
K222,217
K223,217
K224,217
K225,217
K226,217
K227,217
K228,217
K229,217
K250,217
K251,217
K253,217
K254,217
K255,217
K257,217
K259,217
K260,217
K261,217
K263,217
K264,217
K265,217
K266,217
K267,217
K269,217
K290,217
K291,217
K292,217
K293,217
K294,217
K295,217
K296,217
K297,217
K298,217
K299,217
K400,217
K402,217
K403,217
K404,217
K409,217
K500,217
K501,217
K508,217
K509,217
K510,217
K512,217
K513,217
K514,217
K515,217
K518,217
K519,217
K520,217
K521,217
K522,217
K523,217
K528,217
K529,217
K560,217
K561,217
K562,217
K563,217
K564,217
K565,217
K566,217
K567,217
K570,217
K571,217
K572,217
K573,217
K574,217
K575,217
K578,217
K579,217
K590,217
K591,217
K592,217
K593,217
K594,217
K598,217
K599,217
K620,217
K621,217
K622,217
K623,217
K624,217
K625,217
K626,217
K627,217
K628,217
K629,217
K650,217
K658,217
K659,217
K700,217
K701,217
K702,217
K703,217
K704,217
K709,217
K711,217
K717,217
K720,217
K721,217
K729,217
K738,217
K740,217
K743,217
K744,217
K745,217
K746,217
K750,217
K754,217
K758,217
K760,217
K761,217
K763,217
K764,217
K766,217
K767,217
K768,217
K769,217
K800,217
K801,217
K802,217
K803,217
K804,217
K805,217
K808,217
K850,217
K851,217
K852,217
K853,217
K858,217
K859,217
K900,217
K901,217
K902,217
K904,217
K908,217
K909,217
K910,217
K911,217
K912,217
K913,217
K914,217
K918,217
K920,217
K921,217
K922,217
K928,217
L020,217
L021,217
L022,217
L023,217
L024,217
L028,217
L029,217
L030,217
L031,217
L032,217
L033,217
L038,217
L039,217
L040,217
L080,217
L081,217
L088,217
L089,217
L208,217
L209,217
L300,217
L301,217
L303,217
L304,217
L308,217
L309,217
L400,217
L401,217
L402,217
L403,217
L404,217
L405,217
L408,217
L409,217
L530,217
L538,217
L539,217
L711,217
L718,217
L719,217
L890,217
L891,217
L892,217
L893,217
L899,217
L97X,217
M0001,217
M0003,217
M0004,217
M0005,217
M0006,217
M0007,217
M0021,217
M0023,217
M0024,217
M0025,217
M0026,217
M0027,217
M0081,217
M0086,217
M009,217
M0090,217
M0091,217
M0092,217
M0093,217
M0094,217
M0095,217
M0096,217
M0097,217
M0186,217
M060,217
M0600,217
M0604,217
M0605,217
M0606,217
M0608,217
M0609,217
M061,217
M0610,217
M063,217
M0630,217
M0634,217
M064,217
M0640,217
M0644,217
M0646,217
M0649,217
M068,217
M069,217
M0690,217
M0691,217
M0692,217
M0693,217
M0694,217
M0695,217
M0696,217
M0697,217
M0698,217
M0699,217
M100,217
M1000,217
M1002,217
M1003,217
M1004,217
M1006,217
M1007,217
M1008,217
M1009,217
M102,217
M1035,217
M104,217
M109,217
M1090,217
M1092,217
M1093,217
M1094,217
M1096,217
M1097,217
M1098,217
M1099,217
M142,217
M143,217
M145,217
M146,217
M148,217
M150,217
M151,217
M152,217
M154,217
M158,217
M159,217
M160,217
M162,217
M163,217
M166,217
M169,217
M170,217
M171,217
M173,217
M174,217
M175,217
M179,217
M180,217
M182,217
M183,217
M189,217
M190,217
M1901,217
M1904,217
M1907,217
M1911,217
M1913,217
M1915,217
M1917,217
M192,217
M1920,217
M1921,217
M1927,217
M198,217
M1982,217
M1987,217
M199,217
M1990,217
M1991,217
M1992,217
M1993,217
M1994,217
M1995,217
M1997,217
M1998,217
M1999,217
M310,217
M311,217
M313,217
M314,217
M315,217
M316,217
M317,217
M318,217
M319,217
M320,217
M321,217
M329,217
M350,217
M351,217
M352,217
M353,217
M357,217
M358,217
M359,217
M45X,217
M45X0,217
M45X2,217
M45X6,217
M45X7,217
M45X8,217
M45X9,217
M462,217
M4622,217
M4624,217
M4626,217
M4628,217
M4632,217
M4634,217
M4636,217
M464,217
M4640,217
M4642,217
M4644,217
M4646,217
M4647,217
M4650,217
M4656,217
M4657,217
M4658,217
M4710,217
M4712,217
M4716,217
M4717,217
M472,217
M4720,217
M4722,217
M4726,217
M4727,217
M4728,217
M478,217
M4780,217
M4782,217
M4783,217
M4784,217
M4785,217
M4786,217
M4787,217
M4788,217
M4789,217
M479,217
M4790,217
M4791,217
M4792,217
M4793,217
M4794,217
M4795,217
M4796,217
M4797,217
M4799,217
M484,217
M4840,217
M4844,217
M4845,217
M4846,217
M4848,217
M490,217
M4900,217
M4902,217
M4904,217
M4906,217
M500,217
M541,217
M5410,217
M5412,217
M5413,217
M5414,217
M5415,217
M5416,217
M5417,217
M5418,217
M5419,217
M542,217
M5421,217
M5422,217
M5423,217
M543,217
M5430,217
M5435,217
M5436,217
M5437,217
M5438,217
M5439,217
M544,217
M5445,217
M5446,217
M5447,217
M5448,217
M545,217
M5450,217
M5455,217
M5456,217
M5457,217
M5458,217
M5459,217
M546,217
M5464,217
M5465,217
M548,217
M5480,217
M5481,217
M5482,217
M5483,217
M5484,217
M5486,217
M5487,217
M5489,217
M549,217
M5490,217
M5494,217
M5495,217
M5496,217
M5497,217
M5498,217
M5499,217
M600,217
M6005,217
M6006,217
M6008,217
M653,217
M654,217
M6543,217
M6544,217
M8040,217
M8048,217
M8080,217
M8085,217
M8086,217
M8088,217
M809,217
M8090,217
M8091,217
M8092,217
M8093,217
M8095,217
M8096,217
M8097,217
M8098,217
M810,217
M8100,217
M812,217
M814,217
M8148,217
M8149,217
M815,217
M8168,217
M818,217
M8180,217
M8185,217
M8188,217
M819,217
M8190,217
M8191,217
M8192,217
M8193,217
M8194,217
M8195,217
M8196,217
M8197,217
M8198,217
M8199,217
M821,217
M8431,217
M8433,217
M8435,217
M8437,217
M8438,217
M8440,217
M8441,217
M8442,217
M8445,217
M8447,217
M8448,217
M8611,217
M8613,217
M8614,217
M8616,217
M8617,217
M863,217
M8648,217
M866,217
M8661,217
M8662,217
M8663,217
M8665,217
M8666,217
M8667,217
M868,217
M8680,217
M8686,217
M8687,217
M869,217
M8690,217
M8691,217
M8692,217
M8694,217
M8695,217
M8696,217
M8697,217
M8698,217
M9003,217
M9045,217
M9070,217
M9071,217
M9072,217
M9073,217
M9075,217
M9076,217
M9078,217
M908,217
M9088,217
N082,217
N083,217
N084,217
N085,217
N130,217
N131,217
N132,217
N133,217
N134,217
N135,217
N136,217
N137,217
N138,217
N139,217
N170,217
N171,217
N172,217
N179,217
N181,217
N182,217
N183,217
N184,217
N185,217
N189,217
N19X,217
N280,217
N281,217
N288,217
N390,217
N391,217
N393,217
N394,217
N398,217
N399,217
N40X,217
N47X,217
N990,217
P050,217
P051,217
P059,217
P070,217
P071,217
P072,217
P073,217
P271,217
P278,217
P279,217
P288,217
P375,217
P75X,217
P917,217
Q02X,217
Q040,217
Q043,217
Q044,217
Q045,217
Q046,217
Q048,217
Q049,217
Q054,217
Q057,217
Q059,217
Q068,217
Q070,217
Q180,217
Q181,217
Q183,217
Q184,217
Q188,217
Q189,217
Q201,217
Q206,217
Q208,217
Q209,217
Q210,217
Q211,217
Q212,217
Q213,217
Q214,217
Q218,217
Q219,217
Q220,217
Q221,217
Q223,217
Q224,217
Q225,217
Q226,217
Q228,217
Q230,217
Q231,217
Q232,217
Q233,217
Q234,217
Q238,217
Q239,217
Q240,217
Q244,217
Q245,217
Q246,217
Q248,217
Q249,217
Q250,217
Q251,217
Q254,217
Q255,217
Q256,217
Q257,217
Q258,217
Q260,217
Q261,217
Q263,217
Q265,217
Q268,217
Q271,217
Q278,217
Q281,217
Q282,217
Q283,217
Q288,217
Q310,217
Q311,217
Q315,215
Q318,217
Q319,215
Q320,217
Q321,217
Q322,217
Q334,217
Q371,217
Q373,217
Q374,217
Q375,217
Q378,217
Q379,217
Q380,217
Q385,217
Q387,217
Q388,217
Q390,217
Q391,217
Q410,217
Q442,217
Q446,217
Q447,217
Q610,217
Q611,217
Q612,217
Q613,217
Q614,217
Q615,217
Q618,217
Q619,217
Q670,217
Q672,217
Q673,217
Q674,217
Q675,217
Q676,217
Q677,217
Q678,217
Q750,217
Q751,217
Q752,217
Q753,217
Q758,217
Q760,217
Q761,217
Q762,217
Q763,217
Q764,217
Q766,217
Q850,217
Q870,217
Q871,217
Q872,217
Q873,217
Q874,217
Q875,217
Q878,217
Q900,217
Q901,217
Q902,217
Q909,217
Q913,217
Q917,217
Q933,217
Q934,217
Q935,217
Q937,217
Q938,217
Q939,217
Q998,217
R000,217
R001,217
R002,217
R008,217
R010,217
R02X,217
R031,217
R040,217
R05X,217
R060,217
R090,217
R092,217
R093,217
R098,217
R11X,217
R13X,217
R15X,217
R162,217
R200,217
R202,217
R208,217
R221,217
R260,217
R262,217
R263,217
R268,217
R31X,217
R32X,217
R33X,217
R400,217
R401,217
R402,217
R410,217
R411,217
R412,217
R413,217
R418,217
R42X,217
R440,217
R441,217
R442,217
R443,217
R451,217
R470,217
R471,217
R478,217
R482,217
R502,217
R508,217
R509,217
R51X,217
R521,217
R522,217
R529,217
R53X,217
R54X,217
R55X,217
R560,217
R568,217
R570,217
R571,217
R572,217
R578,217
R579,217
R590,217
R591,217
R599,217
R600,217
R601,217
R609,217
R620,217
R628,217
R629,217
R630,217
R631,217
R632,217
R633,217
R634,217
R635,217
R636,217
R638,217
R650,217
R651,217
R653,217
R790,217
R798,217
R799,217
R836,217
R91X,217
R945,217
S030,217
S032,217
S050,217
S051,217
S052,217
S053,217
S054,217
S055,217
S056,217
S058,217
S059,217
S0600,217
S0610,217
S062,217
S0620,217
S0630,217
S0640,217
S065,217
S0650,217
S0651,217
S066,217
S0660,217
S0661,217
S0680,217
S0690,217
S081,217
S090,217
S091,217
S092,217
S097,217
S098,217
S1200,217
S1210,217
S1220,217
S127,217
S1270,217
S1280,217
S1290,217
S131,217
S140,217
S141,217
S220,217
S2200,217
S2210,217
S222,217
S2220,217
S223,217
S2230,217
S224,217
S2240,217
S2250,217
S2290,217
S241,217
S270,217
S2700,217
S2701,217
S2710,217
S272,217
S2720,217
S2730,217
S2780,217
S320,217
S3200,217
S3201,217
S3210,217
S3220,217
S3230,217
S324,217
S3240,217
S325,217
S3250,217
S327,217
S3270,217
S3280,217
S331,217
S341,217
S360,217
S3600,217
S3601,217
S3610,217
S3611,217
S381,217
S400,217
S407,217
S408,217
S409,217
S420,217
S4200,217
S4201,217
S421,217
S4210,217
S422,217
S4220,217
S4221,217
S4230,217
S4231,217
S4240,217
S4241,217
S4270,217
S4280,217
S4290,217
S5200,217
S5201,217
S5210,217
S5211,217
S5220,217
S5221,217
S5230,217
S5231,217
S5240,217
S5241,217
S525,217
S5250,217
S5251,217
S5260,217
S5261,217
S5270,217
S5280,217
S620,217
S6200,217
S6201,217
S6210,217
S6211,217
S6220,217
S6230,217
S6231,217
S624,217
S6240,217
S625,217
S6250,217
S6251,217
S6260,217
S6261,217
S6270,217
S6271,217
S6280,217
S7200,217
S7210,217
S722,217
S7220,217
S7230,217
S7231,217
S724,217
S7240,217
S7241,217
S7280,217
S7290,217
S730,217
S800,217
S801,217
S807,217
S808,217
S809,217
S810,217
S817,217
S818,217
S819,217
S820,217
S8200,217
S8210,217
S8211,217
S8220,217
S8230,217
S8231,217
S8240,217
S8241,217
S8250,217
S8251,217
S826,217
S8260,217
S8261,217
S8270,217
S828,217
S8280,217
S8281,217
S830,217
S831,217
S832,217
S833,217
T0210,217
T0240,217
T0241,217
T0250,217
T064,217
T093,217
T174,217
T175,217
T178,217
T390,217
T391,217
T392,217
T393,217
T398,217
T66X,217
T791,217
T793,217
T795,217
T796,217
T797,217
T798,217
T810,217
T811,217
T813,217
T814,217
T817,217
T818,217
T820,217
T821,217
T822,217
T823,217
T824,217
T825,217
T826,217
T827,217
T828,217
T829,217
T840,217
T841,217
T842,217
T843,217
T844,217
T845,217
T846,217
T847,217
T848,217
T849,217
T856,217
T857,217
T858,217
T860,217
T861,217
T868,217
T910,217
T911,217
T912,217
T913,217
T915,217
T918,217
T919,217
T952,217
T953,217
T958,217
T980,217
T981,217
T983,217
U071,217
U072,217
Z030,217
Z21X,217
Z515,217
Z602,217
Z614,217
Z720,217
Z721,217
Z738,217
Z740,217
Z741,217
Z742,217
Z748,217
Z749,217
Z750,217
Z751,217
Z753,217
Z754,217
Z755,217
Z858,217
Z861,217
Z876,217
Z886,217
Z930,217
Z931,217
Z932,217
Z933,217
Z934,217
Z935,217
Z936,217
Z938,217
Z939,217
Z940,217
Z941,217
Z942,217
Z944,217
Z946,217
Z947,217
Z948,217
Z949,217
Z950,217
Z951,217
Z952,217
Z953,217
Z954,217
Z955,217
Z958,217
Z993,217
