A045,324
A047,327
A048,330
A080,330
A081,330
A083,329
A084,308
A085,330
A090,325
A150,330
A151,330
A152,330
A153,330
A154,330
A156,330
A157,330
A160,330
A162,330
A163,330
A165,330
A169,330
A170,330
A178,330
A180,330
A182,330
A183,330
A190,330
A191,330
A199,330
A208,330
A280,330
A281,330
A310,330
A318,330
A328,330
A35X,330
A390,330
A394,330
A398,330
A399,330
A400,330
A401,330
A402,330
A403,330
A408,330
A409,330
A410,330
A411,330
A412,330
A414,330
A415,330
A418,330
A419,330
A480,330
A483,330
A490,330
A491,330
A492,330
A493,330
A498,330
A521,330
A523,330
A630,330
A748,330
A810,330
A812,330
A850,330
A858,330
A86X,330
A870,330
A878,330
A879,330
A881,330
A888,330
A920,330
A971,330
A979,330
B004,330
B010,330
B011,330
B012,330
B018,330
B019,330
B020,330
B171,330
B180,330
B181,330
B182,330
B188,330
B203,330
B204,330
B206,330
B209,330
B213,330
B220,330
B227,330
B232,330
B24X,330
B351,330
B370,330
B371,330
B372,330
B373,330
B374,330
B377,330
B378,330
B379,330
B441,330
B448,330
B450,330
B470,330
B479,330
B481,330
B59X,330
B80X,330
B950,330
B951,330
B952,330
B953,330
B954,330
B955,330
B956,330
B957,330
B958,330
B961,330
B962,330
B963,330
B965,330
B968,330
B971,330
C000,330
C01X,330
C022,330
C028,330
C029,330
C030,330
C031,330
C051,330
C060,330
C062,330
C07X,330
C090,330
C091,330
C099,330
C109,330
C112,330
C12X,330
C130,330
C140,330
C150,330
C153,330
C154,330
C155,330
C158,330
C159,330
C160,330
C161,330
C162,330
C163,330
C164,330
C165,330
C166,330
C168,330
C169,330
C170,330
C171,330
C172,330
C180,330
C181,330
C182,330
C183,330
C184,330
C185,330
C186,330
C187,330
C188,330
C189,330
C19X,330
C20X,330
C220,330
C221,330
C222,330
C229,330
C241,330
C250,330
C251,330
C252,330
C253,330
C257,330
C258,330
C259,330
C268,330
C310,330
C313,330
C320,330
C321,330
C322,330
C323,330
C329,330
C340,330
C341,330
C342,330
C343,330
C348,330
C349,330
C400,330
C402,330
C410,330
C412,330
C460,330
C480,330
C481,330
C482,330
C490,330
C491,330
C492,330
C493,330
C494,330
C495,330
C496,330
C498,330
C499,330
C511,330
C519,330
C52X,330
C530,330
C539,330
C541,330
C542,330
C543,330
C548,330
C549,330
C55X,330
C578,330
C64X,330
C66X,330
C670,330
C671,330
C672,330
C673,330
C674,330
C675,330
C676,330
C677,330
C678,330
C679,330
C680,330
C688,330
C700,330
C709,330
C710,330
C711,330
C712,330
C713,330
C714,330
C716,330
C718,330
C719,330
C723,330
C740,330
C749,330
C751,330
C760,330
C761,330
C762,330
C763,330
C765,330
C767,330
C781,330
C782,330
C784,330
C785,330
C786,330
C787,330
C788,330
C790,330
C791,330
C793,330
C794,330
C811,330
C812,330
C814,330
C820,330
C821,330
C822,330
C823,330
C824,330
C826,330
C827,330
C829,330
C830,330
C831,330
C833,330
C835,330
C837,330
C839,330
C846,330
C847,330
C848,330
C851,330
C852,330
C857,330
C859,330
C860,330
C861,330
C865,330
C866,330
C880,330
C884,330
C910,330
C911,330
C913,330
C914,330
C915,330
C917,330
C919,330
C920,330
C921,330
C922,330
C924,330
C925,330
C928,330
C930,330
C931,330
C944,330
C950,330
C959,330
C965,330
C966,330
D000,330
D001,330
D010,330
D013,330
D017,330
D020,330
D075,330
D090,330
D091,330
D093,330
D107,330
D166,330
D168,330
D300,330
D303,330
D320,330
D321,330
D329,330
D330,330
D331,330
D332,330
D333,330
D334,330
D339,330
D352,330
D355,330
D361,330
D371,330
D372,330
D374,330
D375,330
D376,330
D377,330
D384,330
D390,330
D391,330
D392,330
D400,330
D411,330
D413,330
D414,330
D421,330
D429,330
D430,330
D431,330
D432,330
D434,330
D443,330
D444,330
D445,330
D477,330
D482,330
D500,330
D501,330
D508,330
D509,330
D510,330
D511,330
D513,330
D519,330
D521,330
D528,330
D529,330
D531,330
D539,330
D550,330
D552,330
D560,330
D561,330
D562,330
D563,330
D564,330
D568,330
D569,330
D570,330
D571,330
D572,330
D573,330
D580,330
D581,330
D582,330
D588,330
D589,330
D591,330
D593,330
D594,330
D595,330
D596,330
D599,330
D600,330
D608,330
D609,330
D610,330
D611,330
D612,330
D613,330
D618,330
D619,330
D62X,330
D630,330
D638,330
D643,330
D648,330
D649,330
D680,330
D681,330
D682,330
D683,330
D684,330
D685,330
D686,330
D688,330
D689,329
D693,330
D694,330
D695,330
D696,330
D70X,330
D728,330
D821,330
E031,330
E032,330
E034,330
E038,330
E039,330
E101,330
E102,330
E103,330
E104,330
E105,330
E106,330
E109,330
E110,330
E111,330
E112,330
E113,330
E114,330
E115,330
E116,330
E117,330
E119,330
E128,330
E131,330
E133,330
E134,330
E135,330
E136,330
E138,330
E139,330
E141,330
E142,330
E143,330
E144,330
E145,330
E146,330
E148,330
E160,330
E161,330
E162,330
E212,330
E214,330
E230,330
E270,330
E271,330
E272,330
E273,330
E274,330
E340,330
E343,330
E41X,330
E43X,330
E441,330
E46X,330
E559,330
E662,330
E668,330
E700,330
E701,330
E702,330
E703,330
E710,330
E711,330
E713,330
E720,330
E721,330
E722,330
E723,330
E724,330
E728,330
E739,330
E740,330
E741,330
E742,330
E743,330
E748,330
E752,330
E760,330
E761,330
E762,330
E763,330
E790,330
E798,330
E800,330
E806,330
E834,330
E835,330
E840,330
E841,330
E848,330
E849,330
E86X,327
E870,330
E871,318
E872,330
E875,327
E876,330
E877,330
E878,330
E880,330
E888,330
F000,330
F001,330
F002,330
F009,330
F011,330
F012,330
F013,330
F019,330
F020,330
F021,330
F022,330
F023,330
F028,330
F03X,330
F050,330
F051,330
F058,330
F059,330
F067,330
F102,330
F112,330
F181,330
F228,330
F232,330
F28X,330
F334,330
F340,330
F401,330
F402,330
F410,330
F411,330
F412,329
F413,330
F418,330
F419,330
F420,330
F429,330
F431,330
F438,330
F448,330
F450,330
F500,330
F501,330
F502,330
F505,330
F508,330
F509,330
F515,330
F728,330
F800,330
F801,330
F802,330
F803,330
F808,330
F809,330
F810,330
F818,330
F819,330
F82X,330
F83X,330
F840,330
F841,330
F842,330
F845,330
F848,330
F849,330
F89X,329
F900,330
F909,330
F913,330
F919,330
F928,330
F929,330
F930,330
F932,330
F940,330
F942,330
G001,330
G002,330
G003,330
G008,330
G009,330
G01X,330
G020,330
G038,330
G039,330
G040,330
G041,330
G048,330
G049,330
G050,330
G051,330
G058,330
G060,330
G061,330
G062,330
G07X,330
G08X,330
G121,330
G122,330
G20X,330
G240,330
G241,330
G243,330
G244,330
G245,330
G248,330
G249,330
G300,330
G301,330
G308,330
G309,330
G310,330
G311,330
G312,330
G318,330
G319,330
G320,330
G372,330
G373,330
G403,330
G404,330
G408,330
G430,330
G431,330
G432,330
G433,330
G438,330
G439,330
G450,330
G453,330
G454,330
G458,330
G459,330
G473,330
G510,330
G610,330
G618,330
G619,330
G620,330
G621,330
G622,330
G628,330
G629,330
G631,330
G632,330
G633,330
G634,330
G635,330
G638,330
G700,330
G711,330
G712,329
G800,330
G801,330
G803,330
G808,330
G810,330
G811,330
G819,330
G820,330
G821,330
G822,330
G824,330
G825,330
G830,330
G910,330
G911,330
G912,330
G913,330
G930,330
G931,330
G933,330
G934,330
G938,330
G950,330
G951,330
G952,330
G992,330
H100,330
H101,330
H103,330
H104,330
H105,330
H108,330
H109,330
H351,330
H472,330
H540,330
H55X,330
H578,330
H612,330
H653,330
H660,330
H661,330
H662,330
H663,330
H664,330
H669,330
H690,330
H900,330
H901,330
H902,330
H910,330
H911,330
H912,330
H913,330
H918,329
I011,330
I050,330
I051,330
I052,330
I058,330
I059,330
I060,330
I071,330
I078,330
I079,330
I080,330
I081,330
I082,330
I083,330
I088,330
I089,330
I090,330
I098,330
I10X,329
I110,330
I120,330
I130,330
I132,330
I200,330
I201,330
I208,330
I209,330
I210,330
I211,330
I212,330
I213,330
I214,330
I219,330
I220,330
I221,330
I229,330
I250,330
I251,330
I252,330
I253,330
I254,330
I255,330
I256,330
I258,330
I259,330
I260,330
I269,330
I270,330
I330,330
I339,330
I340,330
I341,330
I342,330
I348,330
I349,330
I350,330
I351,330
I352,330
I358,330
I359,330
I361,330
I370,330
I371,330
I379,330
I38X,330
I420,330
I421,330
I422,330
I423,330
I424,330
I425,330
I426,330
I427,330
I428,330
I429,330
I460,330
I480,330
I481,330
I482,330
I483,330
I484,330
I489,330
I490,330
I491,330
I492,330
I493,330
I494,330
I495,330
I498,330
I500,330
I501,330
I509,330
I511,330
I512,330
I517,330
I600,330
I601,330
I602,330
I609,330
I610,330
I611,330
I612,330
I613,330
I614,330
I615,330
I616,330
I618,330
I619,330
I620,330
I629,330
I630,330
I631,330
I632,330
I633,330
I634,330
I635,330
I636,330
I638,330
I639,330
I64X,330
I650,330
I652,330
I653,330
I660,330
I661,330
I662,330
I663,330
I668,330
I669,330
I670,330
I671,330
I672,330
I674,330
I675,330
I677,330
I678,330
I679,330
I680,330
I694,330
I700,330
I7000,330
I7001,330
I7020,330
I7021,330
I708,330
I7080,330
I7081,330
I710,330
I711,330
I712,330
I713,330
I718,330
I723,330
I725,330
I726,330
I728,330
I740,330
I741,330
I742,330
I743,330
I744,330
I745,330
I748,330
I772,330
I788,330
I801,330
I802,330
I820,330
I830,330
I832,330
I868,330
I880,316
I971,330
I982,330
I983,330
J020,330
J028,330
J029,330
J09X,330
J100,330
J101,330
J108,330
J110,330
J111,330
J118,330
J121,330
J122,330
J123,330
J128,330
J129,330
J13X,330
J14X,330
J150,330
J151,330
J152,330
J153,330
J154,330
J155,330
J156,330
J157,330
J158,330
J159,330
J168,330
J171,330
J172,330
J173,330
J180,330
J181,330
J182,330
J189,330
J202,330
J205,330
J208,330
J209,330
J210,330
J211,330
J218,330
J219,330
J22X,329
J323,330
J348,330
J380,330
J387,330
J398,330
J410,330
J42X,330
J431,330
J432,330
J438,330
J439,330
J440,330
J441,330
J448,330
J449,330
J450,330
J47X,330
J680,330
J684,330
J690,330
J698,330
J850,330
J851,330
J852,330
J860,330
J869,330
J90X,330
J91X,330
J940,330
J942,330
J948,330
J950,330
J960,330
J9600,330
J9601,330
J9609,330
J961,330
J9610,330
J9611,330
J9619,330
J969,330
J9690,330
J9691,330
J9699,330
J980,330
J981,330
J984,330
J988,330
K070,330
K120,330
K121,330
K20X,330
K210,330
K219,320
K221,330
K222,330
K226,330
K250,330
K254,330
K260,330
K261,330
K263,330
K264,330
K265,330
K266,330
K267,330
K269,330
K274,330
K284,330
K290,330
K291,330
K292,330
K293,330
K294,330
K295,330
K296,330
K297,329
K298,330
K299,329
K315,330
K318,330
K400,330
K402,330
K403,330
K404,330
K409,330
K430,330
K431,330
K432,330
K433,330
K435,330
K436,330
K437,330
K439,330
K440,330
K441,330
K449,330
K500,328
K501,330
K508,329
K509,317
K510,316
K512,326
K513,328
K514,330
K515,325
K518,329
K519,285
K520,330
K521,329
K522,329
K523,330
K528,330
K529,328
K550,330
K562,330
K563,330
K564,330
K565,330
K566,330
K570,330
K572,330
K574,330
K578,330
K580,330
K589,330
K591,330
K598,330
K610,326
K613,330
K614,330
K623,330
K625,330
K628,330
K630,330
K631,330
K632,330
K633,330
K634,330
K635,330
K638,330
K639,328
K640,330
K641,330
K642,330
K643,330
K644,330
K645,330
K648,330
K649,330
K650,329
K658,330
K659,329
K660,330
K700,330
K701,330
K702,330
K703,330
K704,330
K709,330
K711,330
K717,330
K720,330
K721,330
K729,330
K738,330
K740,330
K743,330
K744,330
K745,330
K746,330
K750,330
K754,330
K758,330
K760,330
K761,330
K763,330
K764,330
K766,330
K767,330
K768,330
K769,330
K800,330
K801,330
K802,330
K803,330
K804,330
K805,330
K810,330
K830,330
K831,330
K850,330
K851,330
K852,330
K853,330
K858,330
K859,330
K868,330
K904,328
K912,330
K913,330
K914,330
K918,330
K920,329
K921,329
K922,327
L030,330
L031,330
L032,330
L033,330
L038,330
L039,330
L050,330
L080,330
L081,330
L088,330
L089,330
L290,330
L292,330
L293,330
L298,330
L299,330
L300,330
L301,330
L303,330
L304,330
L308,330
L309,329
L530,330
L538,330
L539,330
L88X,330
L892,330
L893,330
M0001,330
M0003,330
M0004,330
M0005,330
M0006,330
M0007,330
M0021,330
M0023,330
M0024,330
M0025,330
M0026,330
M0027,330
M0081,330
M0086,330
M009,330
M0090,330
M0091,330
M0092,330
M0093,330
M0094,330
M0095,330
M0096,330
M0097,330
M0186,330
M051,330
M0510,330
M052,330
M053,330
M058,330
M059,330
M0590,330
M0591,330
M0593,330
M0594,330
M0595,330
M0596,330
M0597,330
M0599,330
M060,330
M0600,330
M0604,330
M0605,330
M0606,330
M0608,330
M0609,330
M061,330
M0610,330
M063,330
M0630,330
M0634,330
M064,330
M0640,330
M0644,330
M0646,330
M0649,330
M068,330
M069,330
M0690,330
M0691,330
M0692,330
M0693,330
M0694,330
M0695,330
M0696,330
M0697,330
M0698,330
M0699,330
M150,330
M151,330
M152,330
M154,330
M158,330
M159,330
M462,330
M4622,330
M4624,330
M4626,330
M4628,330
M4632,330
M4634,330
M4636,330
M464,330
M4640,330
M4642,330
M4644,330
M4646,330
M4647,330
M4650,330
M4656,330
M4657,330
M4658,330
M4710,330
M4712,330
M4716,330
M4717,330
M484,330
M4840,330
M4844,330
M4845,330
M4846,330
M4848,330
M490,330
M4900,330
M4902,330
M4904,330
M4906,330
M500,330
M600,330
M6005,330
M6006,330
M6008,330
M653,330
M654,330
M6543,330
M6544,330
M8080,330
M8085,330
M8086,330
M8088,330
M8431,330
M8433,330
M8435,330
M8437,330
M8438,330
M8440,330
M8441,330
M8442,330
M8445,330
M8447,330
M8448,330
M8611,330
M8613,330
M8614,330
M8616,330
M8617,330
M863,330
M8648,330
M866,330
M8661,330
M8662,330
M8663,330
M8665,330
M8666,330
M8667,330
M868,330
M8680,330
M8686,330
M8687,330
M869,330
M8690,330
M8691,330
M8692,330
M8694,330
M8695,330
M8696,330
M8697,330
M8698,330
M9003,330
M9070,330
M9071,330
M9072,330
M9073,330
M9075,330
M9076,330
M9078,330
N031,330
N032,330
N039,330
N130,330
N131,330
N132,330
N133,330
N170,330
N171,330
N172,330
N179,330
N181,330
N182,330
N183,330
N184,330
N185,330
N189,330
N19X,330
N200,330
N288,330
N298,330
N321,330
N390,330
N430,330
N431,330
N432,330
N433,330
N823,330
N898,330
N920,330
N990,330
P050,330
P051,330
P059,330
P070,330
P071,330
P072,330
P073,330
P111,330
P220,330
P221,330
P228,330
P229,330
P233,330
P239,330
P251,330
P271,330
P278,330
P279,330
P284,330
P288,330
P351,330
P360,330
P361,330
P362,330
P363,330
P364,330
P368,330
P369,330
P375,330
P391,330
P610,330
P612,330
P614,330
P740,330
P742,330
P75X,330
P760,330
P77X,330
P780,330
P788,330
P835,330
P90X,330
P920,330
P921,330
P922,330
P923,330
P924,330
P928,330
P942,330
Q02X,330
Q040,330
Q043,328
Q044,330
Q046,330
Q048,330
Q054,330
Q057,330
Q059,330
Q068,330
Q070,330
Q112,330
Q201,330
Q206,330
Q208,330
Q209,330
Q210,330
Q211,330
Q212,330
Q213,330
Q214,330
Q218,330
Q219,330
Q220,330
Q221,330
Q223,330
Q224,330
Q225,330
Q226,330
Q228,330
Q230,330
Q231,330
Q232,330
Q233,330
Q234,330
Q238,330
Q239,330
Q240,330
Q244,330
Q245,330
Q246,330
Q248,330
Q249,330
Q250,330
Q251,330
Q254,330
Q255,330
Q256,330
Q257,330
Q258,330
Q260,330
Q261,330
Q263,330
Q265,330
Q268,330
Q271,330
Q278,330
Q281,330
Q282,330
Q283,330
Q288,330
Q300,330
Q311,330
Q318,330
Q320,330
Q334,330
Q336,330
Q355,330
Q357,330
Q359,330
Q380,330
Q385,330
Q387,330
Q388,330
Q390,330
Q391,330
Q400,330
Q410,330
Q419,330
Q423,330
Q431,330
Q433,329
Q438,330
Q442,330
Q446,330
Q447,330
Q614,330
Q620,330
Q622,330
Q631,330
Q632,330
Q638,330
Q641,330
Q658,330
Q673,330
Q688,330
Q750,330
Q751,330
Q752,330
Q753,330
Q758,330
Q764,330
Q766,330
Q780,330
Q792,330
Q796,330
Q850,330
Q870,330
Q871,330
Q872,330
Q873,330
Q874,330
Q878,330
Q893,330
Q900,330
Q901,330
Q902,330
Q909,330
Q913,330
Q917,330
Q933,330
Q937,330
Q938,330
Q998,330
R001,330
R010,330
R02X,330
R030,330
R031,330
R040,329
R060,330
R061,330
R062,330
R092,330
R100,330
R101,330
R102,330
R103,330
R104,329
R11X,274
R13X,329
R15X,330
R162,330
R17X,324
R18X,330
R195,328
R198,330
R220,330
R230,330
R252,330
R260,330
R262,330
R263,330
R268,330
R300,330
R31X,330
R32X,330
R33X,330
R391,330
R400,330
R401,330
R402,330
R410,330
R411,330
R412,330
R413,330
R418,330
R440,330
R441,330
R442,330
R443,329
R451,330
R454,330
R468,330
R470,330
R471,330
R482,330
R502,330
R508,330
R509,328
R521,330
R522,330
R54X,330
R55X,330
R570,330
R571,330
R572,330
R578,330
R579,330
R590,330
R591,330
R600,330
R601,330
R609,330
R620,330
R628,330
R629,330
R630,330
R634,330
R635,330
R64X,330
R650,330
R651,330
R653,330
R688,330
R748,330
R80X,330
R824,330
R836,330
R933,330
R944,330
R945,330
S1200,330
S1210,330
S1220,330
S127,330
S1270,330
S1280,330
S1290,330
S131,330
S140,330
S141,330
S220,330
S2200,330
S2210,330
S241,330
S320,330
S3200,330
S3201,330
S3210,330
S3220,330
S3230,330
S324,330
S3240,330
S325,330
S3250,330
S327,330
S3270,330
S3280,330
S331,330
S341,330
S360,330
S3600,330
S3601,330
S3610,330
S3611,330
S381,330
S7200,330
S7210,330
S722,330
S7220,330
S7230,330
S7231,330
S724,330
S7240,330
S7241,330
S7280,330
S7290,330
S730,330
S820,330
S8200,330
S8210,330
S8211,330
S8220,330
S8230,330
S8231,330
S8240,330
S8241,330
S8250,330
S8251,330
S826,330
S8260,330
S8261,330
S8270,330
S828,330
S8280,330
S8281,330
S830,330
S831,330
S832,330
S833,330
T0210,330
T0240,330
T0241,330
T0250,330
T064,330
T093,330
T174,330
T175,330
T178,330
T795,330
T810,330
T813,330
T814,330
T818,330
T823,330
T824,330
T825,330
T826,330
T827,330
T828,330
T840,330
T841,330
T842,330
T843,330
T844,330
T845,330
T855,327
T856,330
T857,330
T858,330
T860,330
T861,330
T868,330
U071,330
U072,330
Z030,330
Z048,330
Z292,330
Z431,330
Z433,330
Z515,330
Z602,330
Z603,330
Z604,330
Z608,330
Z609,330
Z614,330
Z713,330
Z720,330
Z738,330
Z740,330
Z741,330
Z742,330
Z748,330
Z750,330
Z751,330
Z753,330
Z754,330
Z755,330
Z800,330
Z818,330
Z820,330
Z827,330
Z832,330
Z837,330
Z850,330
Z857,330
Z861,330
Z866,330
Z867,330
Z871,330
Z876,329
Z878,330
Z888,330
Z905,330
Z910,330
Z911,330
Z921,330
Z924,330
Z930,330
Z931,330
Z932,330
Z933,330
Z934,330
Z935,330
Z936,330
Z938,330
Z939,330
Z940,330
Z941,330
Z942,330
Z944,330
Z946,330
Z947,330
Z948,330
Z949,330
Z952,330
Z958,330
Z960,330
Z962,330
Z966,330
Z968,330
Z988,330
Z991,330
Z992,330
A099,282
