A040,29
A042,29
A043,29
A044,29
A045,29
A046,29
A047,29
A048,29
A080,29
A081,29
A083,29
A084,29
A085,29
A090,29
A099,29
A150,29
A151,29
A152,29
A153,29
A154,29
A156,29
A157,29
A160,29
A162,29
A163,29
A165,29
A169,29
A170,29
A178,29
A180,29
A182,29
A183,29
A190,29
A191,29
A199,29
A208,29
A280,29
A281,29
A310,29
A318,29
A328,29
A35X,29
A390,29
A394,29
A398,29
A399,29
A400,29
A401,29
A402,29
A403,29
A408,29
A409,29
A410,29
A411,29
A412,29
A414,29
A415,29
A418,29
A419,29
A480,29
A483,29
A491,29
A492,29
A493,29
A498,29
A521,29
A523,29
A748,29
A810,29
A812,29
A850,29
A858,29
A86X,29
A870,29
A878,29
A879,29
A881,29
A888,29
A920,29
A971,29
A979,29
B004,29
B020,29
B180,29
B182,29
B188,29
B203,29
B204,29
B206,29
B209,29
B213,29
B220,29
B227,29
B232,29
B24X,29
B351,29
B441,29
B448,29
B450,29
B470,29
B479,29
B481,29
B59X,29
B964,29
B965,29
C000,29
C01X,29
C022,29
C028,29
C029,29
C030,29
C031,29
C051,29
C060,29
C062,29
C07X,29
C090,29
C091,29
C099,29
C109,29
C112,29
C12X,29
C130,29
C140,29
C170,29
C171,29
C220,29
C221,29
C222,29
C229,29
C241,29
C250,29
C251,29
C252,29
C253,29
C257,29
C258,29
C259,29
C268,29
C310,29
C313,29
C320,29
C321,29
C322,29
C323,29
C329,29
C340,29
C341,29
C342,29
C343,29
C348,29
C349,29
C400,29
C402,29
C410,29
C412,29
C460,29
C490,29
C491,29
C492,29
C493,29
C494,29
C495,29
C496,29
C498,29
C499,29
C511,29
C519,29
C52X,29
C530,29
C539,29
C541,29
C542,29
C543,29
C548,29
C549,29
C55X,29
C578,29
C64X,29
C66X,29
C670,29
C671,29
C672,29
C673,29
C674,29
C675,29
C676,29
C677,29
C678,29
C679,29
C680,29
C688,29
C700,29
C709,29
C710,29
C711,29
C712,29
C713,29
C714,29
C716,29
C718,29
C719,29
C723,29
C740,29
C749,29
C751,29
C760,29
C761,29
C762,29
C763,29
C765,29
C767,29
C780,29
C781,29
C782,29
C784,29
C785,29
C786,29
C787,29
C788,29
C790,29
C791,29
C793,29
C794,29
C811,29
C812,29
C814,29
C820,29
C821,29
C822,29
C823,29
C824,29
C826,29
C827,29
C829,29
C830,29
C831,29
C833,29
C835,29
C837,29
C839,29
C846,29
C847,29
C848,29
C851,29
C852,29
C857,29
C859,29
C860,29
C861,29
C865,29
C866,29
C880,29
C884,29
C910,29
C911,29
C913,29
C914,29
C915,29
C917,29
C919,29
C920,29
C921,29
C922,29
C924,29
C925,29
C928,29
C930,29
C931,29
C944,29
C950,29
C959,29
C965,29
C966,29
D000,29
D001,29
D010,29
D013,29
D017,29
D020,29
D075,29
D090,29
D091,29
D093,29
D107,29
D130,29
D131,29
D132,29
D133,29
D134,29
D135,29
D136,29
D137,29
D139,29
D166,29
D168,29
D300,29
D303,29
D320,29
D321,29
D329,29
D330,29
D331,29
D332,29
D333,29
D334,29
D339,29
D352,29
D355,29
D361,29
D371,29
D372,29
D374,29
D375,29
D376,29
D377,29
D384,29
D390,29
D391,29
D392,29
D400,29
D411,29
D413,29
D414,29
D421,29
D429,29
D430,29
D431,29
D432,29
D434,29
D443,29
D444,29
D445,29
D477,29
D482,29
D500,28
D501,29
D508,29
D509,29
D510,29
D511,29
D513,29
D519,29
D521,29
D528,29
D529,29
D531,29
D539,29
D550,29
D552,29
D560,29
D561,29
D562,29
D563,29
D564,29
D568,29
D569,29
D570,29
D571,29
D572,29
D573,29
D580,29
D581,29
D582,29
D588,29
D589,29
D591,29
D593,29
D594,29
D595,29
D596,29
D599,29
D600,29
D608,29
D609,29
D610,29
D611,29
D612,29
D613,29
D618,29
D619,29
D62X,29
D630,29
D638,29
D643,29
D648,29
D649,29
D65X,29
D66X,29
D680,29
D681,29
D682,29
D683,29
D684,29
D685,29
D686,29
D688,29
D689,29
D690,29
D691,29
D692,29
D693,29
D694,29
D695,29
D696,28
D698,29
D699,29
D730,29
D731,29
D733,29
D734,29
D735,29
D738,29
E101,29
E102,29
E103,29
E104,29
E105,29
E106,29
E109,29
E110,29
E111,29
E112,29
E113,29
E114,29
E115,29
E116,29
E117,29
E119,29
E128,29
E131,29
E133,29
E134,29
E135,29
E136,29
E138,29
E139,29
E141,29
E142,29
E143,29
E144,29
E145,29
E146,29
E148,29
E160,29
E161,29
E162,29
E212,29
E214,29
E41X,29
E43X,29
E441,29
E46X,29
E700,29
E701,29
E702,29
E703,29
E710,29
E711,29
E713,29
E720,29
E721,29
E722,29
E723,29
E724,29
E728,29
E739,29
E740,29
E741,29
E742,29
E743,29
E748,29
E760,29
E761,29
E762,29
E763,29
E790,29
E798,29
E800,29
E806,28
E835,29
E840,29
E841,29
E848,29
E849,29
E86X,29
E870,29
E871,29
E872,29
E873,29
E874,29
E875,29
E876,29
E877,29
E878,29
E880,29
F000,29
F001,29
F002,29
F009,29
F011,29
F012,29
F013,29
F019,29
F020,29
F021,29
F022,29
F023,29
F028,29
F03X,29
F050,29
F051,29
F058,29
F059,29
F062,29
F067,29
F068,29
F100,29
F101,29
F102,29
F103,29
F104,29
F105,29
F106,29
F107,29
F109,29
F112,29
F181,29
F220,29
F228,29
F229,29
F232,29
F28X,29
F320,29
F321,29
F322,29
F323,29
F328,29
F329,28
F334,29
F340,29
F401,29
F413,29
F420,29
F429,29
F431,29
F438,29
F448,29
F450,29
F500,29
F501,29
F502,29
F505,29
F508,29
F509,29
F515,29
F728,29
F800,29
F801,29
F802,29
F803,29
F808,29
F809,29
F810,29
F818,29
F819,29
F82X,29
F83X,29
F840,28
F841,29
F842,29
F845,29
F848,29
F849,29
F89X,29
F900,29
F909,29
F913,29
F919,29
F928,29
F929,29
F930,29
F932,29
F940,29
F942,29
G001,29
G002,29
G003,29
G008,29
G009,29
G01X,29
G020,29
G038,29
G039,29
G040,29
G041,29
G048,29
G049,29
G050,29
G051,29
G058,29
G060,29
G061,29
G062,29
G07X,29
G08X,29
G122,29
G300,29
G301,29
G308,29
G309,29
G310,29
G311,29
G312,29
G318,29
G319,29
G320,29
G372,29
G373,29
G400,29
G401,29
G402,29
G403,29
G404,29
G405,29
G406,29
G407,29
G408,29
G409,29
G820,29
G821,29
G822,29
G824,29
G825,29
G830,29
G930,29
G931,29
G932,29
G933,29
G934,29
G935,29
G936,29
G938,29
G950,29
G951,29
G952,29
G992,29
H690,29
I011,29
I050,29
I051,29
I052,29
I058,29
I059,29
I060,29
I071,29
I078,29
I079,29
I080,29
I081,29
I082,29
I083,29
I088,29
I089,29
I090,29
I098,29
I10X,29
I110,29
I120,29
I129,29
I130,29
I132,29
I200,29
I201,29
I208,29
I209,29
I210,29
I211,29
I212,29
I213,29
I214,29
I219,29
I250,29
I251,29
I252,29
I253,29
I254,29
I255,29
I256,29
I258,29
I259,29
I260,29
I269,29
I311,29
I312,29
I313,29
I319,29
I330,29
I339,29
I340,29
I341,29
I342,29
I348,29
I349,29
I350,29
I351,29
I352,29
I358,29
I359,29
I361,29
I370,29
I371,29
I379,29
I38X,29
I420,29
I421,29
I422,29
I423,29
I424,29
I425,29
I426,29
I427,29
I428,29
I429,29
I460,29
I470,29
I471,29
I472,29
I479,29
I480,29
I481,29
I482,29
I483,29
I484,29
I489,29
I490,29
I491,29
I492,29
I493,29
I494,29
I495,29
I498,29
I499,29
I500,29
I501,29
I509,29
I511,29
I512,29
I600,29
I601,29
I602,29
I609,29
I610,29
I611,29
I612,29
I613,29
I614,29
I615,29
I616,29
I618,29
I619,29
I620,29
I629,29
I630,29
I631,29
I632,29
I633,29
I634,29
I635,29
I636,29
I638,29
I639,29
I64X,29
I650,29
I652,29
I653,29
I660,29
I661,29
I662,29
I663,29
I668,29
I669,29
I670,29
I671,29
I672,29
I674,29
I675,29
I677,29
I678,29
I679,29
I680,29
I690,29
I691,29
I692,29
I693,29
I694,29
I698,29
I700,29
I7000,29
I7001,29
I701,29
I7010,29
I7011,29
I7020,29
I7021,29
I708,29
I7080,29
I7081,29
I7090,29
I710,29
I711,29
I712,29
I713,29
I718,29
I723,29
I725,29
I726,29
I728,29
I740,29
I741,29
I742,29
I743,29
I744,29
I745,29
I748,29
I749,29
I772,29
I788,29
I81X,29
I820,29
I822,29
I823,29
I828,29
I829,29
I830,29
I832,29
I850,29
I859,29
I868,29
I950,29
I951,29
I952,29
I958,29
I959,29
I971,29
I982,29
I983,29
J060,29
J068,29
J09X,29
J100,29
J101,29
J108,29
J110,29
J111,29
J118,29
J121,29
J122,29
J123,29
J128,29
J129,29
J13X,29
J14X,29
J150,29
J151,29
J152,29
J153,29
J154,29
J155,29
J156,29
J157,29
J158,29
J159,29
J168,29
J171,29
J172,29
J173,29
J180,29
J181,29
J182,29
J189,29
J202,29
J205,29
J208,29
J209,29
J210,29
J211,29
J218,29
J219,29
J22X,29
J323,29
J431,29
J432,29
J438,29
J439,29
J440,29
J441,29
J448,29
J449,29
J450,29
J451,29
J458,29
J459,28
J47X,29
J680,29
J684,29
J690,29
J698,29
J80X,29
J81X,29
J840,29
J841,29
J848,29
J849,29
J850,29
J851,29
J852,29
J860,29
J869,29
J90X,29
J91X,29
J940,29
J942,29
J948,29
J960,29
J9600,29
J9601,29
J9609,29
J961,29
J9610,29
J9611,29
J9619,29
J969,29
J9690,29
J9691,29
J9699,29
J980,29
J981,29
J982,29
J984,29
J985,29
J986,29
J988,29
K210,29
K219,29
K250,29
K251,29
K253,29
K254,29
K255,29
K257,29
K259,29
K260,29
K261,29
K263,29
K264,29
K265,29
K266,29
K267,29
K269,29
K271,29
K274,29
K277,29
K279,29
K283,29
K284,29
K289,29
K290,29
K291,29
K292,29
K293,29
K294,29
K295,29
K296,29
K297,29
K298,29
K299,29
K500,29
K501,29
K508,29
K509,29
K520,29
K521,29
K522,29
K523,29
K528,29
K529,29
K560,29
K561,29
K562,29
K563,29
K564,29
K565,29
K566,29
K567,29
K570,29
K571,29
K572,29
K573,29
K574,29
K575,29
K578,29
K579,29
K590,29
K630,29
K631,29
K632,29
K633,29
K634,29
K635,29
K638,29
K639,29
K650,29
K658,29
K659,29
K661,29
K668,29
K700,29
K701,29
K702,29
K703,29
K704,29
K709,29
K710,29
K711,29
K712,29
K716,29
K717,29
K718,29
K719,29
K720,29
K721,29
K729,29
K730,29
K732,29
K738,29
K739,29
K740,29
K743,29
K744,29
K745,29
K746,29
K750,29
K754,29
K758,29
K760,29
K761,29
K763,29
K764,29
K766,29
K767,29
K768,29
K769,29
K800,26
K801,27
K802,27
K803,29
K804,29
K805,29
K808,29
K810,26
K811,29
K818,29
K819,26
K830,29
K831,29
K832,29
K833,29
K834,29
K835,29
K838,29
K839,29
K850,29
K851,29
K852,29
K853,29
K858,29
K859,28
K860,29
K861,29
K862,29
K863,29
K868,29
K869,29
K918,29
K920,29
K921,29
K922,29
K928,29
L080,29
L081,29
L088,29
L089,29
M0001,29
M0003,29
M0004,29
M0005,29
M0006,29
M0007,29
M0021,29
M0023,29
M0024,29
M0025,29
M0026,29
M0027,29
M0081,29
M0086,29
M009,29
M0090,29
M0091,29
M0092,29
M0093,29
M0094,29
M0095,29
M0096,29
M0097,29
M0186,29
M051,29
M0510,29
M052,29
M053,29
M058,29
M059,29
M0590,29
M0591,29
M0593,29
M0594,29
M0595,29
M0596,29
M0597,29
M0599,29
M060,29
M0600,29
M0604,29
M0605,29
M0606,29
M0608,29
M0609,29
M061,29
M0610,29
M063,29
M0630,29
M0634,29
M064,29
M0640,29
M0644,29
M0646,29
M0649,29
M068,29
M069,29
M0690,29
M0691,29
M0692,29
M0693,29
M0694,29
M0695,29
M0696,29
M0697,29
M0698,29
M0699,29
M462,29
M4622,29
M4624,29
M4626,29
M4628,29
M4632,29
M4634,29
M4636,29
M464,29
M4640,29
M4642,29
M4644,29
M4646,29
M4647,29
M4650,29
M4656,29
M4657,29
M4658,29
M4710,29
M4712,29
M4716,29
M4717,29
M484,29
M4840,29
M4844,29
M4845,29
M4846,29
M4848,29
M490,29
M4900,29
M4902,29
M4904,29
M4906,29
M500,29
M600,29
M6005,29
M6006,29
M6008,29
M653,29
M654,29
M6543,29
M6544,29
M8080,29
M8085,29
M8086,29
M8088,29
M8431,29
M8433,29
M8435,29
M8437,29
M8438,29
M8440,29
M8441,29
M8442,29
M8445,29
M8447,29
M8448,29
M8611,29
M8613,29
M8614,29
M8616,29
M8617,29
M863,29
M8648,29
M866,29
M8661,29
M8662,29
M8663,29
M8665,29
M8666,29
M8667,29
M868,29
M8680,29
M8686,29
M8687,29
M869,29
M8690,29
M8691,29
M8692,29
M8694,29
M8695,29
M8696,29
M8697,29
M8698,29
M9003,29
M9070,29
M9071,29
M9072,29
M9073,29
M9075,29
M9076,29
M9078,29
N170,29
N171,29
N172,29
N179,29
N181,29
N182,29
N183,29
N184,29
N185,29
N189,29
N19X,29
N280,29
N281,29
N288,29
N390,28
N990,29
P050,29
P051,29
P059,29
P070,29
P071,29
P072,29
P073,29
P375,29
P75X,29
Q044,29
Q054,29
Q057,29
Q059,29
Q068,29
Q070,29
Q201,29
Q206,29
Q208,29
Q209,29
Q210,29
Q211,29
Q212,29
Q213,29
Q214,29
Q218,29
Q219,29
Q220,29
Q221,29
Q223,29
Q224,29
Q225,29
Q226,29
Q228,29
Q230,29
Q231,29
Q232,29
Q233,29
Q234,29
Q238,29
Q239,29
Q240,29
Q244,29
Q245,29
Q246,29
Q248,29
Q249,29
Q250,29
Q251,29
Q254,29
Q255,29
Q256,29
Q257,29
Q258,29
Q260,29
Q261,29
Q263,29
Q265,29
Q268,29
Q271,29
Q278,29
Q281,29
Q282,29
Q283,29
Q288,29
Q334,29
Q380,29
Q385,29
Q387,29
Q388,29
Q390,29
Q391,29
Q410,29
Q442,27
Q446,29
Q447,29
Q850,29
Q871,29
Q872,29
Q873,29
Q874,29
Q878,29
Q900,29
Q901,29
Q902,29
Q909,29
Q913,29
Q917,29
Q933,29
Q937,29
Q938,29
Q998,29
R001,29
R010,29
R02X,29
R031,29
R040,29
R11X,29
R13X,29
R15X,29
R162,29
R17X,28
R18X,29
R21X,29
R260,29
R262,29
R263,29
R268,29
R31X,29
R32X,29
R33X,29
R400,29
R401,29
R402,29
R410,29
R411,29
R412,29
R413,29
R418,29
R440,29
R441,29
R442,29
R443,29
R451,29
R470,29
R482,29
R502,29
R508,29
R509,29
R54X,29
R570,29
R571,29
R572,29
R578,29
R579,29
R600,29
R601,29
R609,29
R620,29
R628,29
R629,29
R634,29
R650,29
R651,29
R653,29
R740,29
R836,29
R945,28
S1200,29
S1210,29
S1220,29
S127,29
S1270,29
S1280,29
S1290,29
S131,29
S140,29
S141,29
S220,29
S2200,29
S2210,29
S241,29
S320,29
S3200,29
S3201,29
S3210,29
S3220,29
S3230,29
S324,29
S3240,29
S325,29
S3250,29
S327,29
S3270,29
S3280,29
S331,29
S341,29
S360,29
S3600,29
S3601,29
S3610,29
S3611,29
S381,29
S7200,29
S7210,29
S722,29
S7220,29
S7230,29
S7231,29
S724,29
S7240,29
S7241,29
S7280,29
S7290,29
S730,29
S820,29
S8200,29
S8210,29
S8211,29
S8220,29
S8230,29
S8231,29
S8240,29
S8241,29
S8250,29
S8251,29
S826,29
S8260,29
S8261,29
S8270,29
S828,29
S8280,29
S8281,29
S830,29
S831,29
S832,29
S833,29
T0210,29
T0240,29
T0241,29
T0250,29
T064,29
T093,29
T174,29
T175,29
T178,29
T795,29
T810,29
T811,29
T813,29
T814,29
T817,29
T818,29
T823,29
T824,29
T826,29
T827,29
T840,29
T841,29
T842,29
T843,29
T844,29
T845,29
T856,29
T857,29
T858,29
T860,29
T861,29
T868,29
U071,29
U072,29
Z030,29
Z21X,29
Z515,29
Z602,29
Z614,29
Z738,29
Z740,29
Z741,29
Z742,29
Z748,29
Z749,29
Z750,29
Z751,29
Z753,29
Z754,29
Z755,29
Z861,28
Z867,29
Z871,29
Z876,29
Z877,29
Z911,29
Z930,29
Z931,29
Z932,29
Z933,29
Z934,29
Z935,29
Z936,29
Z938,29
Z939,29
Z940,29
Z941,29
Z942,29
Z944,28
Z946,29
Z947,29
Z948,29
Z949,29
Z950,29
Z951,29
Z952,29
Z953,29
Z954,29
Z955,29
