A047,73
A080,73
A081,73
A083,73
A084,73
A150,73
A151,73
A152,73
A153,73
A154,73
A156,73
A157,73
A160,73
A162,73
A163,73
A165,73
A169,73
A170,73
A178,73
A180,73
A182,73
A183,73
A190,73
A191,73
A199,73
A208,73
A280,73
A281,73
A310,73
A318,73
A328,73
A35X,73
A390,73
A394,73
A398,73
A399,73
A400,73
A401,73
A402,73
A403,73
A408,73
A409,73
A410,73
A411,73
A412,73
A414,73
A415,73
A418,73
A419,73
A480,73
A483,73
A490,73
A491,73
A492,73
A493,73
A498,73
A521,73
A523,73
A748,73
A810,73
A812,73
A850,73
A858,73
A86X,73
A870,73
A878,73
A879,73
A881,73
A888,73
A920,73
A971,73
A979,73
B004,73
B020,73
B022,73
B023,73
B027,73
B028,73
B029,73
B171,73
B180,73
B182,73
B188,73
B203,73
B204,73
B206,73
B209,73
B213,73
B220,73
B227,73
B232,73
B24X,73
B351,73
B370,73
B377,73
B378,73
B441,73
B448,73
B450,73
B470,73
B479,73
B481,73
B59X,73
B86X,73
B91X,73
B950,73
B951,73
B952,73
B953,73
B954,73
B955,73
B956,73
B957,73
B958,73
B961,73
B962,73
B964,73
B965,73
B968,73
C000,73
C01X,73
C022,73
C028,73
C029,73
C030,73
C031,73
C051,73
C060,73
C062,73
C07X,73
C090,73
C091,73
C099,73
C109,73
C112,73
C12X,73
C130,73
C140,73
C150,73
C153,73
C154,73
C155,73
C158,73
C159,73
C160,73
C161,73
C162,73
C163,73
C164,73
C165,73
C166,73
C168,73
C169,73
C170,73
C171,73
C180,73
C181,73
C182,73
C183,73
C184,73
C185,73
C186,73
C187,73
C188,73
C189,73
C20X,73
C220,73
C221,73
C222,73
C229,73
C241,73
C251,73
C252,73
C257,73
C258,73
C268,73
C310,73
C313,73
C320,73
C321,73
C322,73
C323,73
C329,73
C340,73
C341,73
C342,73
C343,73
C348,73
C349,73
C400,72
C402,72
C410,72
C412,72
C414,72
C440,73
C441,73
C442,73
C443,73
C446,73
C460,73
C490,72
C491,72
C492,72
C493,72
C494,72
C495,72
C496,72
C498,72
C499,72
C500,73
C501,73
C502,73
C503,73
C504,73
C505,73
C506,73
C508,73
C509,73
C511,73
C519,73
C52X,73
C530,73
C539,73
C541,73
C542,73
C543,73
C548,73
C549,73
C55X,73
C56X,73
C578,73
C61X,73
C64X,73
C66X,73
C670,73
C671,73
C672,73
C673,73
C674,73
C675,73
C676,73
C677,73
C678,73
C679,73
C680,73
C688,73
C700,73
C709,73
C710,73
C711,73
C712,73
C713,73
C714,73
C716,73
C718,73
C719,73
C723,73
C740,73
C749,73
C751,73
C760,72
C761,72
C762,72
C763,72
C765,72
C767,72
C770,73
C771,72
C772,72
C773,72
C774,72
C775,72
C778,72
C779,72
C780,73
C781,73
C782,73
C784,73
C785,73
C786,73
C787,73
C788,73
C790,73
C791,73
C792,73
C793,73
C794,72
C795,72
C797,73
C798,73
C800,72
C811,73
C812,73
C814,73
C820,73
C821,73
C822,73
C823,73
C824,73
C826,73
C827,73
C829,73
C830,73
C831,73
C833,73
C835,73
C837,73
C839,73
C846,73
C847,73
C848,73
C851,73
C852,73
C857,73
C859,73
C860,73
C861,73
C865,73
C866,73
C880,73
C884,73
C900,73
C902,73
C910,73
C911,73
C913,73
C914,73
C915,73
C917,73
C919,73
C920,73
C921,73
C922,73
C924,73
C925,73
C928,73
C930,73
C931,73
C944,73
C950,73
C959,73
C965,73
C966,73
D000,73
D001,73
D010,73
D013,73
D017,73
D020,73
D075,73
D090,73
D091,73
D093,73
D107,73
D166,73
D168,73
D250,73
D251,73
D252,73
D259,73
D300,73
D303,73
D320,73
D321,73
D329,73
D330,73
D331,73
D332,73
D333,73
D334,73
D339,73
D352,73
D355,73
D361,73
D371,73
D372,73
D374,73
D375,73
D376,73
D377,73
D384,73
D390,73
D391,73
D392,73
D400,73
D411,73
D413,73
D414,73
D421,73
D429,73
D430,73
D431,73
D432,73
D434,73
D443,73
D444,73
D445,73
D45X,73
D461,73
D462,73
D464,73
D465,73
D466,73
D467,73
D469,73
D473,73
D477,73
D482,73
D500,73
D501,73
D508,73
D509,73
D510,73
D511,73
D513,73
D519,73
D521,73
D528,73
D529,73
D531,73
D539,73
D550,73
D552,73
D560,73
D561,73
D562,73
D563,73
D564,73
D568,73
D569,73
D570,73
D571,73
D572,73
D573,73
D580,73
D581,73
D582,73
D588,73
D589,73
D591,73
D593,73
D594,73
D595,73
D596,73
D599,73
D600,73
D608,73
D609,73
D610,73
D611,73
D612,73
D613,73
D618,73
D619,73
D62X,73
D630,73
D638,73
D643,73
D648,73
D649,73
D66X,73
D680,73
D681,73
D682,73
D683,73
D684,73
D685,73
D686,73
D688,73
D689,73
D693,73
D694,73
D695,73
D696,73
D70X,73
D758,73
D860,73
D861,73
D862,73
D863,73
D868,73
D869,73
D890,73
D891,73
D892,73
E031,73
E032,73
E034,73
E038,73
E039,73
E040,73
E041,73
E042,73
E049,73
E050,73
E051,73
E052,73
E054,73
E058,73
E059,73
E101,73
E102,73
E103,73
E104,73
E105,73
E106,73
E109,73
E110,73
E111,73
E112,73
E113,73
E114,73
E115,73
E116,73
E117,73
E119,73
E128,73
E131,73
E133,73
E134,73
E135,73
E136,73
E138,73
E139,73
E141,73
E142,73
E143,73
E144,73
E145,73
E146,73
E148,73
E149,73
E160,73
E161,73
E162,73
E210,73
E211,73
E212,73
E213,73
E214,73
E271,73
E282,73
E41X,73
E43X,73
E441,73
E46X,73
E538,73
E559,73
E660,73
E661,73
E662,73
E668,73
E669,73
E700,73
E701,73
E702,73
E703,73
E710,73
E711,73
E713,73
E720,73
E721,73
E722,73
E723,73
E724,73
E728,73
E739,73
E740,73
E741,73
E742,73
E743,73
E748,73
E760,73
E761,73
E762,73
E763,73
E780,73
E781,73
E782,73
E784,73
E785,73
E790,73
E798,73
E800,73
E834,73
E835,73
E840,73
E841,73
E848,73
E849,73
E86X,73
E871,73
E872,73
E875,73
E876,73
E877,73
E880,73
F000,73
F001,73
F002,73
F009,73
F011,73
F012,73
F013,73
F019,73
F020,73
F021,73
F022,73
F023,73
F028,73
F03X,73
F050,73
F051,73
F058,73
F059,73
F067,73
F101,73
F102,73
F103,73
F111,73
F112,73
F172,73
F181,73
F200,73
F202,73
F204,73
F209,73
F228,73
F232,73
F28X,73
F310,73
F311,73
F312,73
F313,73
F314,73
F315,73
F316,73
F317,73
F318,73
F319,73
F320,73
F321,73
F322,73
F323,73
F328,73
F329,73
F332,73
F333,73
F334,73
F338,73
F339,73
F340,73
F401,73
F410,73
F411,73
F412,73
F413,73
F418,73
F419,73
F420,73
F429,73
F431,73
F438,73
F448,73
F450,73
F500,73
F501,73
F502,73
F505,73
F508,73
F509,73
F515,73
F700,73
F709,73
F711,73
F719,73
F721,73
F728,73
F729,73
F739,73
F781,73
F789,73
F800,73
F801,73
F802,73
F803,73
F808,73
F809,73
F810,73
F818,73
F819,73
F82X,73
F83X,73
F840,73
F841,73
F842,73
F845,73
F848,73
F849,73
F89X,73
F900,73
F909,73
F913,73
F919,73
F928,73
F929,73
F930,73
F932,73
F940,73
F942,73
G001,73
G002,73
G003,73
G008,73
G009,73
G01X,73
G020,73
G038,73
G039,73
G040,73
G041,73
G048,73
G049,73
G050,73
G051,73
G058,73
G060,73
G061,73
G062,73
G07X,73
G08X,73
G09X,73
G122,73
G20X,73
G240,73
G241,73
G243,73
G244,73
G245,73
G248,73
G249,73
G250,73
G300,73
G301,73
G308,73
G309,73
G310,73
G311,73
G312,73
G318,73
G319,73
G320,73
G35X,73
G372,73
G373,73
G400,73
G401,73
G402,73
G403,73
G404,73
G405,73
G406,73
G407,73
G408,73
G409,73
G430,73
G431,73
G432,73
G433,73
G438,73
G439,73
G450,73
G453,73
G454,73
G458,73
G459,73
G473,73
G500,73
G510,73
G540,73
G550,73
G551,73
G560,73
G561,73
G562,73
G563,73
G568,73
G570,73
G571,73
G572,73
G573,73
G575,73
G576,73
G578,73
G579,73
G587,73
G588,73
G589,73
G590,73
G598,73
G600,73
G610,73
G618,73
G619,73
G620,73
G621,73
G622,73
G628,73
G629,73
G631,73
G632,73
G633,73
G634,73
G635,73
G638,73
G700,73
G710,73
G800,73
G801,73
G802,73
G803,73
G804,73
G808,73
G809,73
G810,73
G811,73
G819,73
G820,73
G821,73
G822,73
G824,73
G825,73
G830,73
G834,73
G910,73
G911,73
G912,73
G913,73
G918,73
G919,73
G930,73
G933,73
G934,73
G950,73
G951,73
G952,73
G992,73
H100,73
H101,73
H103,73
H104,73
H105,73
H108,73
H109,73
H250,73
H251,73
H258,73
H259,73
H260,73
H261,73
H262,73
H263,73
H264,73
H268,73
H269,73
H353,73
H360,73
H400,73
H401,73
H402,73
H403,73
H404,73
H405,73
H406,73
H408,73
H409,73
H532,73
H538,73
H540,73
H542,73
H544,73
H660,73
H661,73
H662,73
H663,73
H664,73
H669,73
H690,73
H810,73
H910,73
H911,73
H912,73
H913,73
H918,73
H931,73
I011,73
I050,73
I051,73
I052,73
I058,73
I059,73
I060,73
I071,73
I078,73
I079,73
I080,73
I081,73
I082,73
I083,73
I088,73
I089,73
I090,73
I098,73
I10X,73
I110,73
I119,73
I120,73
I129,73
I130,73
I132,73
I200,73
I201,73
I208,73
I209,73
I210,73
I211,73
I212,73
I213,73
I214,73
I219,73
I220,73
I221,73
I229,73
I250,73
I251,73
I252,73
I253,73
I254,73
I255,73
I256,73
I258,73
I259,73
I260,73
I269,73
I270,73
I272,73
I278,73
I279,73
I313,73
I330,73
I339,73
I340,73
I341,73
I342,73
I348,73
I349,73
I350,73
I351,73
I352,73
I358,73
I359,73
I361,73
I370,73
I371,73
I379,73
I38X,73
I420,73
I421,73
I422,73
I423,73
I424,73
I425,73
I426,73
I427,73
I428,73
I429,73
I440,73
I441,73
I442,73
I443,73
I444,73
I445,73
I446,73
I447,73
I450,73
I451,73
I460,73
I471,73
I480,73
I481,73
I482,73
I483,73
I484,73
I489,73
I490,73
I491,73
I492,73
I493,73
I494,73
I495,73
I498,73
I499,73
I500,73
I501,73
I509,73
I511,73
I512,73
I517,73
I518,73
I600,73
I601,73
I602,73
I609,73
I610,73
I611,73
I612,73
I613,73
I614,73
I615,73
I616,73
I618,73
I619,73
I620,73
I629,73
I630,73
I631,73
I632,73
I633,73
I634,73
I635,73
I636,73
I638,73
I639,73
I64X,73
I650,73
I652,73
I653,73
I660,73
I661,73
I662,73
I663,73
I668,73
I669,73
I670,73
I671,73
I672,73
I674,73
I675,73
I677,73
I678,73
I679,73
I680,73
I690,73
I691,73
I692,73
I693,73
I694,73
I698,73
I700,73
I7000,73
I7001,73
I7020,73
I7021,73
I708,73
I7080,73
I7081,73
I710,73
I711,73
I712,73
I713,73
I714,73
I718,73
I723,73
I725,73
I726,73
I728,73
I730,73
I731,73
I738,73
I739,73
I740,73
I741,73
I742,73
I743,73
I744,73
I745,73
I748,73
I771,73
I772,73
I776,73
I788,73
I792,73
I801,73
I802,73
I820,73
I830,73
I831,73
I832,73
I839,73
I868,73
I872,73
I890,73
I950,73
I951,73
I952,73
I958,73
I959,73
I971,73
I978,73
J020,73
J028,73
J029,73
J030,73
J038,73
J039,73
J060,73
J068,73
J09X,73
J100,73
J101,73
J108,73
J110,73
J111,73
J118,73
J121,73
J122,73
J123,73
J128,73
J129,73
J13X,73
J14X,73
J150,73
J151,73
J152,73
J153,73
J154,73
J155,73
J156,73
J157,73
J158,73
J159,73
J168,73
J171,73
J172,73
J173,73
J180,73
J181,73
J182,73
J189,73
J202,73
J205,73
J208,73
J209,73
J210,73
J211,73
J218,73
J219,73
J22X,73
J301,73
J323,73
J40X,73
J410,73
J42X,73
J431,73
J432,73
J438,73
J439,73
J440,73
J441,73
J448,73
J449,73
J450,73
J451,73
J458,73
J459,73
J47X,73
J61X,73
J680,73
J684,73
J690,73
J698,73
J81X,73
J840,73
J841,73
J848,73
J849,73
J850,73
J851,73
J852,73
J860,73
J869,73
J90X,73
J91X,73
J920,73
J929,73
J930,73
J931,73
J938,73
J939,73
J940,73
J942,73
J948,73
J958,73
J960,73
J9600,73
J9601,73
J9609,73
J961,73
J9610,73
J9611,73
J9619,73
J969,73
J9690,73
J9691,73
J9699,73
J981,73
J984,73
J991,73
K121,73
K20X,73
K210,73
K219,73
K221,73
K222,73
K250,73
K251,73
K253,73
K254,73
K255,73
K257,73
K259,73
K260,73
K261,73
K263,73
K264,73
K265,73
K266,73
K267,73
K269,73
K271,73
K274,73
K277,73
K279,73
K290,73
K291,73
K292,73
K293,73
K294,73
K295,73
K296,73
K297,73
K298,73
K30X,73
K318,73
K400,73
K402,73
K403,73
K404,73
K409,73
K420,73
K421,73
K429,73
K430,73
K431,73
K432,73
K433,73
K435,73
K436,73
K437,73
K439,73
K440,73
K441,73
K449,73
K510,73
K512,73
K513,73
K514,73
K515,73
K518,73
K519,73
K520,73
K521,73
K522,73
K523,73
K528,73
K529,73
K560,73
K563,73
K564,73
K565,73
K566,73
K570,73
K571,73
K572,73
K573,73
K574,73
K575,73
K578,73
K579,73
K580,73
K589,73
K590,73
K625,73
K640,73
K641,73
K642,73
K643,73
K644,73
K645,73
K648,73
K649,73
K700,73
K701,73
K702,73
K703,73
K704,73
K709,73
K711,73
K717,73
K720,73
K721,73
K729,73
K738,73
K740,73
K743,73
K744,73
K745,73
K746,73
K750,73
K754,73
K758,73
K760,73
K761,73
K763,73
K764,73
K766,73
K767,73
K768,73
K769,73
K800,73
K801,73
K802,73
K861,73
K900,73
K920,73
K921,73
K922,73
L024,73
L030,73
L031,73
L032,73
L033,73
L038,73
L039,73
L080,73
L081,73
L088,73
L089,73
L290,73
L292,73
L293,73
L298,73
L299,73
L300,73
L301,73
L303,73
L304,73
L308,73
L309,73
L400,73
L401,73
L402,73
L403,73
L404,73
L405,73
L408,73
L409,73
L500,73
L501,73
L502,73
L503,73
L505,73
L508,73
L509,73
L530,73
L538,73
L539,73
L600,73
L890,73
L891,73
L892,73
L893,73
L899,73
L930,73
L97X,73
L980,73
L981,73
L982,73
L983,73
L984,73
L985,73
L986,73
L988,73
M0001,73
M0003,73
M0004,73
M0005,73
M0006,73
M0007,73
M0021,73
M0023,73
M0024,73
M0025,73
M0026,73
M0027,73
M0081,73
M0086,73
M009,73
M0090,73
M0091,73
M0092,73
M0093,73
M0094,73
M0095,73
M0096,73
M0097,73
M0186,73
M0220,73
M023,73
M0286,72
M029,66
M0290,66
M0294,66
M0295,66
M0296,66
M0297,66
M0366,73
M0367,73
M051,73
M0510,73
M052,73
M053,73
M058,73
M059,73
M0590,73
M0591,73
M0593,73
M0594,73
M0595,73
M0596,73
M0597,73
M0599,73
M060,73
M0600,73
M0604,73
M0605,73
M0606,73
M0608,73
M0609,73
M061,73
M0610,73
M063,73
M0630,73
M0634,73
M064,73
M0640,73
M0644,73
M0646,73
M0649,73
M068,73
M069,73
M0690,73
M0691,73
M0692,73
M0693,73
M0694,73
M0695,73
M0696,73
M0697,73
M0698,73
M0699,73
M070,73
M071,73
M0710,73
M073,73
M0730,73
M0731,73
M0732,73
M0736,73
M0737,73
M0738,73
M0739,73
M074,73
M075,73
M0750,73
M076,73
M080,73
M0800,73
M081,73
M082,73
M083,72
M0830,73
M088,72
M0886,73
M089,69
M0890,69
M0893,69
M0896,69
M0898,69
M0899,69
M100,73
M1000,73
M1002,73
M1003,73
M1004,73
M1006,73
M1007,73
M1008,73
M1009,73
M102,73
M1035,73
M104,73
M109,73
M1090,73
M1092,73
M1093,73
M1094,73
M1096,73
M1097,73
M1098,73
M1099,73
M112,73
M1120,73
M1121,73
M1122,73
M1123,73
M1124,73
M1125,73
M1126,73
M1127,73
M1129,73
M118,73
M1183,73
M1186,73
M119,73
M1190,73
M1191,73
M1193,73
M1196,73
M1197,73
M1199,73
M120,73
M1200,73
M123,73
M1230,73
M1233,73
M1251,73
M1253,73
M1257,73
M128,73
M1288,73
M130,73
M1300,73
M131,73
M1311,73
M1312,73
M1316,73
M1317,73
M1318,73
M138,73
M1380,73
M1381,73
M1383,73
M1385,73
M1386,73
M1387,73
M1389,73
M139,72
M1390,72
M1391,72
M1392,72
M1393,72
M1394,72
M1395,72
M1396,72
M1397,72
M1398,72
M1399,72
M142,73
M143,73
M145,73
M146,73
M148,73
M150,73
M151,73
M152,73
M154,73
M158,73
M159,73
M160,73
M162,73
M163,73
M166,73
M169,73
M170,73
M171,73
M173,73
M174,73
M175,73
M179,73
M180,73
M182,73
M183,73
M189,73
M190,73
M1901,73
M1904,73
M1907,73
M1911,73
M1913,73
M1915,73
M1917,73
M192,73
M1920,73
M1921,73
M1927,73
M198,73
M1982,73
M1987,73
M199,73
M1990,73
M1991,73
M1992,73
M1993,73
M1994,73
M1995,73
M1997,73
M1998,73
M1999,73
M201,73
M2106,73
M2107,73
M211,73
M2116,73
M2117,73
M213,73
M2130,73
M2133,73
M2137,73
M220,73
M235,73
M2350,73
M2351,73
M2352,73
M2353,73
M2354,73
M2356,73
M2357,73
M2359,73
M2360,73
M2361,73
M2362,73
M2450,73
M2451,73
M2452,73
M2453,73
M2454,73
M2455,73
M2456,73
M2457,73
M247,73
M250,73
M2506,73
M2507,73
M254,73
M2540,73
M2541,73
M2542,73
M2543,73
M2544,73
M2545,73
M2546,72
M2547,73
M255,73
M2550,73
M2551,73
M2552,73
M2553,73
M2554,73
M2555,70
M2556,71
M2557,73
M2558,73
M2559,73
M316,73
M320,73
M321,73
M329,72
M332,73
M341,73
M350,73
M353,73
M357,73
M400,73
M402,73
M4022,73
M4023,73
M4024,73
M4025,73
M4026,73
M410,73
M411,73
M412,73
M4120,73
M4125,73
M413,73
M4130,73
M4134,73
M4135,73
M414,73
M415,73
M4155,73
M4156,73
M418,73
M4180,73
M4185,73
M4186,73
M4187,73
M419,73
M4190,73
M4192,73
M4193,73
M4194,73
M4195,73
M4196,73
M4197,73
M4199,73
M431,73
M4310,73
M4312,73
M4313,73
M4315,73
M4316,73
M4317,73
M4318,73
M462,73
M4622,73
M4624,73
M4626,73
M4628,73
M4632,73
M4634,73
M4636,73
M464,73
M4640,73
M4642,73
M4644,73
M4646,73
M4647,73
M4650,73
M4656,73
M4657,73
M4658,73
M4710,73
M4712,73
M4716,73
M4717,73
M472,73
M4720,73
M4722,73
M4726,73
M4727,73
M4728,73
M478,73
M4780,73
M4782,73
M4783,73
M4784,73
M4785,73
M4786,73
M4787,73
M4788,73
M4789,73
M479,73
M4790,73
M4791,73
M4792,73
M4793,73
M4794,73
M4795,73
M4796,73
M4797,73
M4799,73
M480,73
M4800,73
M4802,73
M4803,73
M4804,73
M4805,73
M4806,73
M4807,73
M4808,73
M4809,73
M484,73
M4840,73
M4844,73
M4845,73
M4846,73
M4848,73
M490,73
M4900,73
M4902,73
M4904,73
M4906,73
M4950,73
M4952,73
M4954,73
M4956,73
M500,73
M503,73
M511,73
M512,73
M513,73
M541,73
M5410,73
M5412,73
M5413,73
M5414,73
M5415,73
M5416,73
M5417,73
M5418,73
M5419,73
M542,71
M5421,73
M5422,73
M5423,73
M543,72
M5430,73
M5435,73
M5436,73
M5437,73
M5438,73
M5439,73
M544,73
M5445,73
M5446,73
M5447,73
M5448,73
M545,71
M5450,73
M5455,73
M5456,73
M5457,73
M5458,73
M5459,73
M546,73
M5464,73
M5465,73
M548,73
M5480,73
M5481,73
M5482,73
M5483,73
M5484,73
M5486,73
M5487,73
M5489,73
M549,68
M5490,68
M5494,68
M5495,68
M5496,68
M5497,68
M5498,68
M5499,68
M600,73
M6005,73
M6006,73
M6008,73
M6504,73
M6511,73
M6514,73
M6515,73
M6516,73
M6517,73
M652,73
M6521,73
M6523,73
M6525,73
M6526,73
M653,73
M654,73
M6543,73
M6544,73
M658,73
M6581,73
M6583,73
M6584,73
M6585,73
M6586,73
M6587,73
M659,73
M6590,73
M6591,73
M6592,73
M6593,73
M6594,73
M6595,73
M6596,73
M6597,73
M6622,73
M6624,73
M6632,73
M6634,73
M6637,73
M6645,73
M6646,73
M6647,73
M6656,73
M6657,73
M671,73
M750,73
M751,73
M754,73
M758,73
M792,73
M7920,72
M7921,73
M7922,73
M7923,73
M7924,73
M7925,73
M7926,73
M7927,73
M7928,73
M796,72
M7960,73
M7961,73
M7962,73
M7963,73
M7964,73
M7965,72
M7966,73
M7967,73
M798,73
M7980,73
M7981,73
M7982,73
M7983,73
M7984,72
M7985,73
M7986,73
M7987,73
M7988,73
M7989,73
M8040,73
M8048,73
M8080,73
M8085,73
M8086,73
M8088,73
M809,73
M8090,73
M8091,73
M8092,73
M8093,73
M8095,73
M8096,73
M8097,73
M8098,73
M810,73
M8100,73
M812,73
M814,73
M8148,73
M8149,73
M815,73
M8168,73
M818,73
M8180,73
M8185,73
M8188,73
M819,73
M8190,73
M8191,73
M8192,73
M8193,73
M8194,73
M8195,73
M8196,73
M8197,73
M8198,73
M8199,73
M821,73
M8431,73
M8433,73
M8435,73
M8437,73
M8438,73
M8440,73
M8441,73
M8442,73
M8445,73
M8447,73
M8448,73
M858,73
M8580,73
M8581,73
M8582,73
M8583,73
M8584,73
M8585,73
M8586,73
M8587,73
M8588,73
M8589,73
M8611,73
M8613,73
M8614,73
M8616,73
M8617,73
M863,73
M8648,73
M866,73
M8661,73
M8662,73
M8663,73
M8665,73
M8666,73
M8667,73
M868,73
M8680,73
M8686,73
M8687,73
M869,73
M8690,73
M8691,73
M8692,73
M8694,73
M8695,73
M8696,73
M8697,73
M8698,73
M8795,73
M880,73
M888,73
M8880,73
M8885,73
M8887,73
M8888,73
M889,73
M8890,73
M8895,73
M8985,72
M9003,73
M9070,73
M9071,73
M9072,73
M9073,73
M9075,73
M9076,73
M9078,73
M911,73
M966,73
M968,73
N031,73
N032,73
N039,73
N040,73
N041,73
N043,73
N048,73
N049,73
N083,73
N130,73
N131,73
N132,73
N133,73
N170,73
N171,73
N172,73
N179,73
N181,73
N182,73
N183,73
N184,73
N185,73
N189,73
N19X,73
N200,73
N280,73
N281,73
N288,73
N390,73
N40X,73
N508,73
N830,73
N831,73
N832,73
N930,73
N938,73
N939,73
N990,73
N998,73
P050,73
P051,73
P059,73
P070,73
P071,73
P072,73
P073,73
P375,73
P75X,73
P917,73
Q02X,73
Q044,73
Q054,73
Q057,73
Q059,73
Q068,73
Q070,73
Q201,73
Q206,73
Q208,73
Q209,73
Q210,73
Q211,73
Q212,73
Q213,73
Q214,73
Q218,73
Q219,73
Q220,73
Q221,73
Q223,73
Q224,73
Q225,73
Q226,73
Q228,73
Q230,73
Q231,73
Q232,73
Q233,73
Q234,73
Q238,73
Q239,73
Q240,73
Q244,73
Q245,73
Q246,73
Q248,73
Q249,73
Q250,73
Q251,73
Q254,73
Q255,73
Q256,73
Q257,73
Q258,73
Q260,73
Q261,73
Q263,73
Q265,73
Q268,73
Q271,73
Q278,73
Q281,73
Q282,73
Q283,73
Q288,73
Q334,73
Q380,73
Q385,73
Q387,73
Q388,73
Q390,73
Q391,73
Q410,73
Q442,73
Q446,73
Q447,73
Q650,73
Q651,73
Q656,73
Q658,73
Q667,73
Q680,73
Q724,73
Q774,73
Q780,73
Q786,73
Q796,73
Q850,73
Q871,73
Q872,73
Q873,73
Q874,73
Q878,73
Q900,73
Q901,73
Q902,73
Q909,73
Q913,73
Q917,73
Q933,73
Q935,73
Q937,73
Q938,73
Q998,73
R000,73
R001,73
R002,73
R010,73
R011,73
R02X,73
R030,73
R031,73
R040,73
R042,73
R05X,73
R060,73
R070,73
R071,73
R072,73
R073,73
R074,73
R092,73
R100,73
R101,73
R102,73
R103,73
R104,73
R11X,73
R13X,73
R14X,73
R15X,73
R160,73
R162,73
R17X,73
R18X,73
R190,73
R202,73
R21X,73
R233,73
R251,73
R252,73
R260,73
R262,73
R263,73
R268,73
R296,73
R300,73
R31X,73
R32X,73
R33X,73
R35X,73
R400,73
R401,73
R402,73
R410,73
R411,73
R412,73
R413,73
R418,73
R42X,73
R440,73
R441,73
R442,73
R443,73
R451,73
R470,73
R471,73
R478,73
R482,73
R502,73
R508,73
R509,73
R51X,73
R521,73
R522,73
R529,73
R53X,73
R54X,73
R55X,73
R560,73
R568,73
R570,73
R571,73
R572,73
R578,73
R579,73
R590,73
R591,73
R600,73
R601,73
R609,73
R610,73
R611,73
R619,73
R628,73
R630,73
R633,73
R634,73
R636,73
R638,73
R650,73
R651,73
R653,73
R700,73
R798,73
R80X,73
R836,73
R91X,73
R937,72
R943,73
R945,73
S000,73
S001,73
S002,73
S003,73
S004,73
S005,73
S007,73
S008,73
S009,73
S010,73
S011,73
S012,73
S013,73
S014,73
S015,73
S017,73
S018,73
S019,73
S0210,73
S0211,73
S0240,73
S0260,73
S0261,73
S090,73
S091,73
S092,73
S097,73
S098,73
S1200,73
S1210,73
S1220,73
S127,73
S1270,73
S1280,73
S1290,73
S131,73
S140,73
S141,73
S143,73
S202,73
S203,73
S204,73
S207,73
S208,73
S211,73
S212,73
S217,73
S218,73
S219,73
S220,73
S2200,73
S2210,73
S222,73
S2220,73
S223,73
S2230,73
S224,73
S2240,73
S2250,73
S241,73
S2710,73
S272,73
S2720,73
S2730,73
S308,73
S310,73
S320,73
S3200,73
S3201,73
S3210,73
S3220,73
S3230,73
S324,73
S3240,73
S325,73
S3250,73
S327,73
S3270,73
S3280,73
S331,73
S341,73
S360,73
S3600,73
S3601,73
S3610,73
S3611,73
S381,73
S400,73
S407,73
S408,73
S411,73
S420,73
S4200,73
S4201,73
S421,73
S4210,73
S422,73
S4220,73
S4221,73
S4230,73
S4231,73
S4240,73
S4241,73
S4270,73
S4280,73
S4290,73
S430,73
S460,73
S462,73
S497,73
S498,73
S508,73
S510,73
S517,73
S518,73
S519,73
S5200,73
S5201,73
S5240,73
S5241,73
S525,73
S5250,73
S5251,73
S540,73
S542,73
S610,73
S611,73
S617,73
S618,73
S619,73
S640,73
S641,73
S642,73
S643,73
S644,73
S666,73
S700,73
S701,73
S707,73
S708,73
S709,73
S711,73
S7200,73
S7210,73
S722,73
S7220,73
S7230,73
S7231,73
S724,73
S7240,73
S7241,73
S7280,73
S7290,73
S730,73
S761,73
S762,73
S763,73
S764,73
S798,73
S800,73
S801,73
S807,73
S808,73
S809,73
S810,73
S817,73
S818,73
S819,73
S820,73
S8200,73
S8210,73
S8211,73
S8220,73
S8230,73
S8231,73
S8240,73
S8241,73
S8250,73
S8251,73
S826,73
S8260,73
S8261,73
S8270,73
S828,73
S8280,73
S8281,73
S830,73
S831,73
S832,73
S833,73
S834,73
S835,73
S836,73
S837,73
S860,73
S861,73
S862,73
S863,73
S868,73
S869,73
S898,73
S900,73
S901,73
S902,73
S903,73
S907,73
S908,73
S909,73
S910,73
S911,73
S912,73
S913,73
S9200,73
S9210,73
S9211,73
S9220,73
S927,73
S9270,73
S930,73
S932,73
S960,73
S961,73
S962,73
S967,73
S968,73
S969,73
S998,73
T0210,73
T0240,73
T0241,73
T0250,73
T064,73
T093,73
T174,73
T175,73
T178,73
T391,73
T68X,73
T793,73
T795,73
T796,73
T810,73
T811,73
T813,73
T814,73
T817,73
T818,73
T823,73
T824,73
T826,73
T827,73
T840,73
T841,73
T842,73
T843,73
T844,73
T845,73
T846,73
T847,73
T848,73
T856,73
T857,73
T858,73
T860,73
T861,73
T868,73
T874,73
T875,73
T876,73
T885,73
T888,73
T913,73
T921,73
T930,73
T931,73
T932,73
T933,73
T934,73
T935,73
T936,73
T938,73
T939,73
U071,73
U072,73
Z030,73
Z048,73
Z138,73
Z21X,73
Z223,73
Z298,73
Z501,73
Z502,73
Z504,73
Z505,73
Z507,73
Z515,73
Z590,73
Z602,73
Z614,73
Z634,73
Z720,73
Z721,73
Z722,73
Z738,73
Z740,73
Z741,73
Z742,73
Z748,73
Z750,73
Z751,73
Z753,73
Z754,73
Z755,73
Z825,73
Z826,73
Z827,73
Z833,73
Z850,73
Z851,73
Z852,73
Z854,73
Z855,73
Z858,73
Z861,73
Z864,73
Z865,73
Z866,73
Z867,73
Z871,73
Z872,73
Z873,73
Z874,73
Z877,73
Z878,73
Z880,73
Z885,73
Z886,73
Z888,73
Z895,73
Z896,73
Z897,73
Z904,73
Z905,73
Z907,73
Z910,73
Z911,73
Z915,73
Z916,73
Z921,73
Z922,73
Z930,73
Z931,73
Z932,73
Z933,73
Z934,73
Z935,73
Z936,73
Z938,73
Z939,73
Z940,73
Z941,73
Z942,73
Z944,73
Z946,73
Z947,73
Z948,73
Z949,73
Z950,73
Z951,73
Z952,73
Z953,73
Z954,73
Z958,73
Z960,73
Z961,73
Z966,73
Z967,73
Z968,73
Z978,73
Z981,73
Z982,73
Z988,73
Z992,73
Z993,73
Z998,73
