A047,98
A081,98
A150,98
A151,98
A152,98
A153,98
A154,98
A156,98
A157,98
A160,98
A162,98
A163,98
A165,98
A169,98
A170,98
A178,98
A180,98
A182,98
A183,98
A190,98
A191,98
A199,98
A208,98
A280,98
A281,98
A310,98
A318,98
A328,98
A35X,98
A390,98
A394,98
A398,98
A399,98
A400,98
A401,98
A402,98
A403,98
A408,98
A409,98
A410,98
A411,98
A412,98
A414,98
A415,98
A418,98
A419,98
A480,98
A483,98
A490,98
A491,98
A492,98
A493,98
A498,98
A521,98
A523,98
A748,98
A810,98
A812,98
A850,98
A858,98
A86X,98
A870,98
A878,98
A879,98
A881,98
A888,98
A920,98
A971,98
A979,98
B000,98
B001,98
B002,98
B004,98
B005,98
B008,98
B009,98
B010,98
B011,98
B012,98
B018,98
B019,98
B020,98
B022,98
B023,98
B027,98
B028,98
B029,98
B171,98
B180,98
B182,98
B188,98
B203,98
B204,98
B206,98
B209,98
B213,98
B220,98
B227,98
B232,98
B24X,98
B351,98
B370,98
B371,98
B377,98
B378,98
B441,98
B448,98
B450,98
B470,98
B479,98
B481,98
B59X,98
B86X,98
B950,97
B951,97
B952,98
B953,98
B954,98
B955,98
B956,98
B957,98
B958,98
B961,98
B962,98
B963,98
B964,98
B965,98
B966,98
B967,98
B968,98
C000,98
C01X,98
C022,98
C028,98
C029,98
C030,98
C031,98
C051,98
C060,98
C062,98
C07X,98
C090,98
C091,98
C099,98
C109,98
C112,98
C12X,98
C130,98
C140,98
C160,98
C161,98
C162,98
C163,98
C164,98
C165,98
C166,98
C168,98
C169,98
C170,98
C171,98
C180,98
C181,98
C182,98
C183,98
C184,98
C185,98
C186,98
C187,98
C188,98
C189,98
C220,98
C221,98
C222,98
C229,98
C241,98
C251,98
C252,98
C257,98
C258,98
C268,98
C310,98
C313,98
C320,98
C321,98
C322,98
C323,98
C329,98
C340,98
C341,98
C342,98
C343,98
C348,98
C349,98
C400,98
C402,98
C410,98
C412,98
C430,98
C431,98
C432,98
C433,98
C434,98
C435,98
C436,98
C437,98
C439,98
C460,98
C490,98
C491,98
C492,98
C493,98
C494,98
C495,98
C496,98
C498,98
C499,98
C500,98
C501,98
C502,98
C503,98
C504,98
C505,98
C506,98
C508,98
C509,98
C511,98
C519,98
C52X,98
C530,98
C539,98
C541,98
C542,98
C543,98
C548,98
C549,98
C55X,98
C56X,98
C578,98
C61X,98
C64X,98
C66X,98
C670,98
C671,98
C672,98
C673,98
C674,98
C675,98
C676,98
C677,98
C678,98
C679,98
C680,98
C688,98
C700,98
C709,98
C710,98
C711,98
C712,98
C713,98
C714,98
C716,98
C718,98
C719,98
C723,98
C740,98
C749,98
C751,98
C760,98
C761,98
C762,98
C763,98
C765,98
C767,98
C770,98
C771,98
C772,98
C773,98
C774,98
C775,98
C778,98
C779,98
C780,98
C781,98
C782,98
C783,98
C784,98
C785,98
C786,98
C787,98
C788,98
C790,98
C791,98
C792,98
C793,98
C794,98
C795,98
C796,98
C797,98
C798,98
C800,98
C811,98
C812,98
C814,98
C820,98
C821,98
C822,98
C823,98
C824,98
C826,98
C827,98
C829,98
C830,98
C831,98
C833,98
C835,98
C837,98
C839,98
C846,98
C847,98
C848,98
C851,98
C852,98
C857,98
C859,98
C860,98
C861,98
C865,98
C866,98
C880,98
C884,98
C910,98
C911,98
C913,98
C914,98
C915,98
C917,98
C919,98
C920,98
C921,98
C922,98
C924,98
C925,98
C928,98
C930,98
C931,98
C944,98
C950,98
C959,98
C965,98
C966,98
D000,98
D001,98
D010,98
D013,98
D017,98
D020,98
D075,98
D090,98
D091,98
D093,98
D107,98
D166,98
D168,98
D170,98
D180,95
D181,98
D300,98
D303,98
D320,98
D321,98
D329,98
D330,98
D331,98
D332,98
D333,98
D334,98
D339,98
D352,98
D355,98
D361,98
D371,98
D372,98
D374,98
D375,98
D376,98
D377,98
D384,98
D390,98
D391,98
D392,98
D400,98
D411,98
D413,98
D414,98
D421,98
D429,98
D430,98
D431,98
D432,98
D434,98
D443,98
D444,98
D445,98
D45X,98
D461,98
D462,98
D464,98
D465,98
D466,98
D467,98
D469,98
D477,98
D482,98
D487,98
D500,98
D501,98
D508,98
D509,98
D510,98
D511,98
D513,98
D519,98
D521,98
D528,98
D529,98
D531,98
D539,98
D550,98
D552,98
D560,98
D561,98
D562,98
D563,98
D564,98
D568,98
D569,98
D570,98
D571,98
D572,98
D573,98
D580,98
D581,98
D582,98
D588,98
D589,98
D591,98
D593,98
D594,98
D595,98
D596,98
D599,98
D600,98
D608,98
D609,98
D610,98
D611,98
D612,98
D613,98
D618,98
D619,98
D62X,98
D630,98
D638,98
D643,98
D648,98
D649,98
D680,98
D681,98
D682,98
D683,98
D684,98
D685,98
D686,98
D688,98
D689,98
D693,98
D694,98
D695,98
D696,97
D70X,98
E031,98
E032,98
E034,98
E038,98
E039,98
E050,98
E051,98
E052,98
E054,98
E058,98
E059,98
E101,98
E102,98
E103,98
E104,98
E105,98
E106,98
E109,98
E110,98
E111,98
E112,98
E113,98
E114,98
E115,98
E116,98
E117,98
E119,98
E128,98
E131,98
E133,98
E134,98
E135,98
E136,98
E138,98
E139,98
E141,98
E142,98
E143,98
E144,98
E145,98
E146,98
E148,98
E149,98
E160,98
E161,98
E162,98
E212,98
E214,98
E230,98
E538,98
E559,98
E660,98
E661,98
E662,98
E668,98
E669,98
E700,98
E701,98
E702,98
E703,98
E710,98
E711,98
E713,98
E720,98
E721,98
E722,98
E723,98
E724,98
E728,98
E739,98
E740,98
E741,98
E742,98
E743,98
E748,98
E760,98
E761,98
E762,98
E763,98
E780,98
E781,98
E782,98
E784,98
E785,98
E790,98
E798,98
E800,98
E835,98
E840,98
E841,98
E848,98
E849,98
E86X,98
E870,98
E871,98
E872,98
E873,98
E874,98
E875,98
E876,98
E877,98
E878,98
E880,98
E890,98
F000,98
F001,98
F002,98
F009,98
F011,98
F012,98
F013,98
F019,98
F020,98
F021,98
F022,98
F023,98
F028,98
F03X,98
F050,98
F051,98
F058,98
F059,98
F067,98
F100,98
F101,98
F102,98
F103,98
F112,98
F172,98
F181,98
F191,98
F192,98
F200,98
F202,98
F204,98
F209,98
F220,98
F228,98
F232,98
F28X,98
F310,98
F311,98
F312,98
F313,98
F314,98
F315,98
F316,98
F317,98
F318,98
F319,98
F320,98
F321,98
F322,98
F323,98
F328,98
F329,98
F334,98
F340,98
F401,98
F410,98
F411,98
F412,98
F413,98
F418,98
F419,98
F420,98
F429,98
F431,98
F438,98
F448,98
F450,98
F500,98
F501,98
F502,98
F505,98
F508,98
F509,98
F515,98
F728,98
F800,98
F801,98
F802,98
F803,98
F808,98
F809,98
F810,98
F818,98
F819,98
F82X,98
F83X,98
F840,98
F841,98
F842,98
F845,98
F848,98
F849,98
F89X,98
F900,98
F909,98
F913,98
F919,98
F928,98
F929,98
F930,98
F932,98
F940,98
F942,98
G001,98
G002,98
G003,98
G008,98
G009,98
G01X,98
G020,98
G038,98
G039,98
G040,98
G041,98
G048,98
G049,98
G050,98
G051,98
G058,98
G060,98
G061,98
G062,98
G07X,98
G08X,98
G122,98
G20X,98
G300,98
G301,98
G308,98
G309,98
G310,98
G311,98
G312,98
G318,98
G319,98
G320,98
G35X,98
G372,98
G373,98
G400,98
G401,98
G402,98
G403,98
G404,98
G405,98
G406,98
G407,98
G408,98
G409,98
G450,98
G453,98
G454,98
G458,98
G459,98
G473,98
G510,98
G610,98
G618,98
G619,98
G620,98
G621,98
G622,98
G628,98
G629,98
G631,98
G632,98
G633,98
G634,98
G635,98
G638,98
G800,98
G801,98
G802,98
G803,98
G804,98
G808,98
G809,97
G810,98
G811,98
G819,98
G820,98
G821,98
G822,98
G824,98
G825,98
G830,98
G930,98
G933,98
G934,98
G950,98
G951,98
G952,98
G992,98
H100,98
H101,98
H103,98
H104,98
H105,98
H108,98
H109,98
H260,98
H261,98
H262,98
H263,98
H264,98
H268,98
H269,98
H360,98
H400,98
H401,98
H402,98
H403,98
H404,98
H405,98
H406,98
H408,98
H409,98
H540,98
H541,98
H542,98
H544,98
H545,98
H546,98
H660,98
H661,98
H662,98
H663,98
H664,98
H669,98
H690,98
H810,98
H910,98
H911,98
H912,98
H913,98
H918,98
I011,98
I050,98
I051,98
I052,98
I058,98
I059,98
I060,98
I071,98
I078,98
I079,98
I080,98
I081,98
I082,98
I083,98
I088,98
I089,98
I090,98
I098,98
I10X,97
I110,98
I120,98
I130,98
I132,98
I200,98
I201,98
I208,98
I209,98
I210,98
I211,98
I212,98
I213,98
I214,98
I219,98
I250,98
I251,98
I252,98
I253,98
I254,98
I255,98
I256,98
I258,98
I259,98
I260,98
I269,98
I270,98
I272,98
I278,98
I279,98
I330,98
I339,98
I340,98
I341,98
I342,98
I348,98
I349,98
I350,98
I351,98
I352,98
I358,98
I359,98
I361,98
I370,98
I371,98
I379,98
I38X,98
I440,98
I441,98
I442,98
I443,98
I444,98
I445,98
I446,98
I447,98
I450,98
I451,98
I460,98
I461,98
I469,98
I471,98
I480,98
I481,98
I482,98
I483,98
I484,98
I489,98
I500,98
I501,98
I509,98
I511,98
I512,98
I517,98
I600,98
I601,98
I602,98
I609,98
I610,98
I611,98
I612,98
I613,98
I614,98
I615,98
I616,98
I618,98
I619,98
I620,98
I629,98
I630,98
I631,98
I632,98
I633,98
I634,98
I635,98
I636,98
I638,98
I639,98
I64X,98
I650,98
I652,98
I653,98
I660,98
I661,98
I662,98
I663,98
I668,98
I669,98
I670,98
I671,98
I672,98
I674,98
I675,98
I677,98
I678,98
I679,98
I680,98
I691,98
I692,98
I693,98
I694,98
I700,98
I7000,98
I7001,98
I7020,98
I7021,98
I708,98
I7080,98
I7081,98
I710,98
I711,98
I712,98
I713,98
I714,98
I718,98
I723,98
I725,98
I726,98
I728,98
I730,98
I731,98
I738,98
I739,98
I740,98
I741,98
I742,98
I743,98
I744,98
I745,98
I748,98
I771,98
I772,98
I776,98
I780,98
I788,98
I792,98
I800,98
I801,98
I802,98
I803,98
I808,98
I809,98
I820,98
I830,98
I831,98
I832,98
I850,98
I859,98
I864,98
I868,98
I890,98
I950,98
I951,98
I952,98
I958,98
I959,98
I971,98
I972,98
I982,98
I983,98
J020,98
J028,98
J029,98
J030,98
J038,98
J039,97
J060,98
J068,98
J09X,98
J100,98
J101,98
J108,98
J110,98
J111,98
J118,98
J121,98
J122,98
J123,98
J128,98
J129,98
J13X,98
J14X,98
J150,98
J151,98
J152,98
J153,98
J154,98
J155,98
J156,98
J157,98
J158,98
J159,98
J168,98
J171,98
J172,98
J173,98
J180,98
J181,98
J182,98
J189,98
J202,98
J205,98
J208,98
J209,98
J210,98
J211,98
J218,98
J219,98
J22X,98
J323,98
J351,98
J40X,98
J410,98
J42X,98
J431,98
J432,98
J438,98
J439,98
J440,98
J441,98
J448,98
J449,98
J450,97
J47X,98
J680,98
J684,98
J690,98
J698,98
J81X,98
J841,98
J850,98
J851,98
J852,98
J860,98
J869,98
J90X,98
J91X,98
J940,98
J942,98
J948,98
J960,98
J9600,98
J9601,98
J9609,98
J961,98
J9610,98
J9611,98
J9619,98
J969,98
J9690,98
J9691,98
J9699,98
J981,98
K121,98
K130,98
K20X,98
K210,98
K219,98
K221,98
K250,98
K251,98
K253,98
K254,98
K255,98
K257,98
K259,98
K260,98
K261,98
K263,98
K264,98
K265,98
K266,98
K267,98
K269,98
K290,98
K291,98
K292,98
K293,98
K294,98
K295,98
K296,98
K297,98
K298,98
K318,98
K400,98
K402,98
K403,98
K404,98
K420,98
K421,98
K429,98
K430,98
K431,98
K432,98
K433,98
K435,98
K436,98
K437,98
K439,98
K440,98
K441,98
K449,98
K500,98
K501,98
K508,98
K509,98
K510,98
K512,98
K513,98
K514,98
K515,98
K518,98
K519,98
K520,98
K521,98
K522,98
K523,98
K528,98
K529,98
K563,98
K564,98
K565,98
K566,98
K570,98
K571,98
K572,98
K573,98
K574,98
K575,98
K578,98
K579,98
K580,98
K589,98
K590,98
K625,98
K650,98
K658,98
K659,98
K700,98
K701,98
K702,98
K703,98
K704,98
K709,98
K711,98
K717,98
K720,98
K721,98
K729,98
K738,98
K740,98
K743,98
K744,98
K745,98
K746,98
K750,98
K754,98
K758,98
K760,98
K761,98
K763,98
K764,98
K766,98
K767,98
K768,98
K769,98
K800,98
K801,98
K802,98
K850,98
K851,98
K852,98
K853,98
K858,98
K859,98
K904,98
L010,98
L020,98
L021,98
L022,98
L023,98
L024,98
L028,98
L029,98
L030,98
L031,98
L032,98
L033,98
L038,98
L039,98
L080,98
L081,98
L088,98
L089,96
L120,98
L270,97
L281,98
L290,98
L292,98
L293,98
L298,98
L299,98
L300,98
L301,98
L304,98
L308,97
L400,98
L401,98
L402,98
L403,98
L404,98
L405,98
L408,98
L409,98
L500,98
L501,97
L502,98
L503,98
L505,98
L508,95
L509,94
L530,98
L538,98
L539,98
L84X,98
L88X,98
L890,98
L891,98
L892,98
L893,98
L899,98
L950,98
L958,97
L959,96
L97X,98
L984,98
M0001,98
M0003,98
M0004,98
M0005,98
M0006,98
M0007,98
M0021,98
M0023,98
M0024,98
M0025,98
M0026,98
M0027,98
M0081,98
M0086,98
M009,98
M0090,98
M0091,98
M0092,98
M0093,98
M0094,98
M0095,98
M0096,98
M0097,98
M0186,98
M0220,98
M023,98
M0286,98
M029,98
M0290,98
M0294,98
M0295,98
M0296,98
M0297,98
M0366,98
M0367,98
M051,98
M0510,98
M052,98
M053,98
M058,98
M059,98
M0590,98
M0591,98
M0593,98
M0594,98
M0595,98
M0596,98
M0597,98
M0599,98
M060,98
M0600,98
M0604,98
M0605,98
M0606,98
M0608,98
M0609,98
M061,98
M0610,98
M063,98
M0630,98
M0634,98
M064,98
M0640,98
M0644,98
M0646,98
M0649,98
M068,98
M069,98
M0690,98
M0691,98
M0692,98
M0693,98
M0694,98
M0695,98
M0696,98
M0697,98
M0698,98
M0699,98
M070,98
M071,98
M0710,98
M073,98
M0730,98
M0731,98
M0732,98
M0736,98
M0737,98
M0738,98
M0739,98
M074,98
M075,98
M0750,98
M076,98
M080,98
M0800,98
M081,98
M082,98
M083,98
M0830,98
M088,98
M0886,98
M089,98
M0890,98
M0893,98
M0896,98
M0898,98
M0899,98
M100,98
M1000,98
M1002,98
M1003,98
M1004,98
M1006,98
M1007,98
M1008,98
M1009,98
M102,98
M1035,98
M104,98
M109,98
M1090,98
M1092,98
M1093,98
M1094,98
M1096,98
M1097,98
M1098,98
M1099,98
M112,98
M1120,98
M1121,98
M1122,98
M1123,98
M1124,98
M1125,98
M1126,98
M1127,98
M1129,98
M118,98
M1183,98
M1186,98
M119,98
M1190,98
M1191,98
M1193,98
M1196,98
M1197,98
M1199,98
M120,98
M1200,98
M123,98
M1230,98
M1233,98
M1251,98
M1253,98
M1257,98
M128,98
M1288,98
M130,98
M1300,98
M131,98
M1311,98
M1312,98
M1316,98
M1317,98
M1318,98
M138,98
M1380,98
M1381,98
M1383,98
M1385,98
M1386,98
M1387,98
M1389,98
M139,98
M1390,98
M1391,98
M1392,98
M1393,98
M1394,98
M1395,98
M1396,98
M1397,98
M1398,98
M1399,98
M142,98
M143,98
M145,98
M146,98
M148,98
M150,98
M151,98
M152,98
M154,98
M158,98
M159,98
M160,98
M162,98
M163,98
M166,98
M169,98
M170,98
M171,98
M173,98
M174,98
M175,98
M179,98
M180,98
M182,98
M183,98
M189,98
M190,98
M1901,98
M1904,98
M1907,98
M1911,98
M1913,98
M1915,98
M1917,98
M192,98
M1920,98
M1921,98
M1927,98
M198,98
M1982,98
M1987,98
M199,98
M1990,98
M1991,98
M1992,98
M1993,98
M1994,98
M1995,98
M1997,98
M1998,98
M1999,98
M201,98
M255,98
M2550,98
M2551,98
M2552,98
M2553,98
M2554,98
M2555,98
M2556,98
M2557,98
M2558,98
M2559,98
M320,98
M321,98
M329,98
M341,98
M353,98
M462,98
M4622,98
M4624,98
M4626,98
M4628,98
M4632,98
M4634,98
M4636,98
M464,98
M4640,98
M4642,98
M4644,98
M4646,98
M4647,98
M4650,98
M4656,98
M4657,98
M4658,98
M4710,98
M4712,98
M4716,98
M4717,98
M484,98
M4840,98
M4844,98
M4845,98
M4846,98
M4848,98
M490,98
M4900,98
M4902,98
M4904,98
M4906,98
M500,98
M541,98
M5410,98
M5412,98
M5413,98
M5414,98
M5415,98
M5416,98
M5417,98
M5418,98
M5419,98
M542,98
M5421,98
M5422,98
M5423,98
M543,98
M5430,98
M5435,98
M5436,98
M5437,98
M5438,98
M5439,98
M544,98
M5445,98
M5446,98
M5447,98
M5448,98
M545,98
M5450,98
M5455,98
M5456,98
M5457,98
M5458,98
M5459,98
M546,98
M5464,98
M5465,98
M548,98
M5480,98
M5481,98
M5482,98
M5483,98
M5484,98
M5486,98
M5487,98
M5489,98
M549,98
M5490,98
M5494,98
M5495,98
M5496,98
M5497,98
M5498,98
M5499,98
M600,98
M6005,98
M6006,98
M6008,98
M653,98
M654,98
M6543,98
M6544,98
M702,98
M758,98
M7958,98
M796,98
M7960,98
M7961,98
M7962,98
M7963,98
M7964,98
M7965,98
M7966,97
M7967,98
M798,98
M7980,98
M7981,98
M7982,98
M7983,98
M7984,98
M7985,98
M7986,98
M7987,98
M7988,98
M7989,98
M8040,98
M8048,98
M8080,98
M8085,98
M8086,98
M8088,98
M809,98
M8090,98
M8091,98
M8092,98
M8093,98
M8095,98
M8096,98
M8097,98
M8098,98
M810,98
M8100,98
M812,98
M814,98
M8148,98
M8149,98
M815,98
M8168,98
M818,98
M8180,98
M8185,98
M8188,98
M819,98
M8190,98
M8191,98
M8192,98
M8193,98
M8194,98
M8195,98
M8196,98
M8197,98
M8198,98
M8199,98
M821,98
M8431,98
M8433,98
M8435,98
M8437,98
M8438,98
M8440,98
M8441,98
M8442,98
M8445,98
M8447,98
M8448,98
M8611,98
M8613,98
M8614,98
M8616,98
M8617,98
M863,98
M8648,98
M866,98
M8661,98
M8662,98
M8663,98
M8665,98
M8666,98
M8667,98
M868,98
M8680,98
M8686,98
M8687,98
M869,98
M8690,98
M8691,98
M8692,98
M8694,98
M8695,98
M8696,98
M8697,98
M8698,98
M9003,98
M9070,98
M9071,98
M9072,98
M9073,98
M9075,98
M9076,98
M9078,98
N083,98
N130,98
N131,98
N132,98
N133,98
N170,98
N171,98
N172,98
N179,98
N181,98
N182,98
N183,98
N184,98
N185,98
N189,98
N19X,98
N390,98
N40X,98
N508,98
N806,98
N990,98
P050,98
P051,98
P059,98
P070,98
P071,98
P072,98
P073,98
P375,98
P75X,98
Q044,98
Q054,98
Q057,98
Q059,98
Q068,98
Q070,98
Q180,98
Q201,98
Q206,98
Q208,98
Q209,98
Q210,98
Q211,98
Q212,98
Q213,98
Q214,98
Q218,98
Q219,98
Q220,98
Q221,98
Q223,98
Q224,98
Q225,98
Q226,98
Q228,98
Q230,98
Q231,98
Q232,98
Q233,98
Q234,98
Q238,98
Q239,98
Q240,98
Q244,98
Q245,98
Q246,98
Q248,98
Q249,98
Q250,98
Q251,98
Q254,98
Q255,98
Q256,98
Q257,98
Q258,98
Q260,98
Q261,98
Q263,98
Q265,98
Q268,98
Q271,98
Q278,98
Q281,98
Q282,98
Q283,98
Q288,98
Q334,98
Q380,98
Q385,98
Q387,98
Q388,98
Q390,98
Q391,98
Q410,98
Q442,98
Q446,98
Q447,98
Q850,98
Q871,98
Q872,98
Q873,98
Q874,98
Q878,98
Q900,98
Q901,98
Q902,98
Q909,98
Q913,98
Q917,98
Q933,98
Q937,98
Q938,98
Q998,98
R000,98
R001,98
R010,98
R011,98
R02X,98
R030,98
R031,98
R040,98
R05X,98
R060,98
R061,98
R070,98
R071,98
R072,98
R073,98
R074,98
R100,98
R101,98
R102,98
R103,98
R104,98
R11X,97
R13X,98
R14X,98
R15X,98
R160,98
R161,98
R162,98
R17X,98
R18X,98
R190,98
R21X,83
R221,98
R233,98
R260,98
R262,98
R263,98
R268,98
R31X,98
R32X,98
R33X,98
R400,98
R401,98
R402,98
R410,98
R411,98
R412,98
R413,98
R418,98
R42X,98
R440,98
R441,98
R442,98
R443,98
R451,98
R470,98
R482,98
R502,98
R508,98
R509,97
R51X,98
R521,98
R522,98
R53X,98
R54X,98
R55X,98
R560,98
R568,98
R570,98
R571,98
R572,98
R578,98
R579,98
R591,98
R600,98
R601,98
R609,98
R620,98
R628,98
R629,98
R630,98
R631,98
R633,98
R634,98
R636,98
R638,98
R650,98
R651,98
R653,98
R680,98
R681,98
R836,98
R91X,98
R945,98
S001,98
S008,98
S010,98
S011,98
S012,98
S013,98
S014,98
S015,98
S017,98
S018,98
S019,98
S090,98
S091,98
S092,98
S097,98
S098,98
S1200,98
S1210,98
S1220,98
S127,98
S1270,98
S1280,98
S1290,98
S131,98
S140,98
S141,98
S220,98
S2200,98
S2210,98
S241,98
S320,98
S3200,98
S3201,98
S3210,98
S3220,98
S3230,98
S324,98
S3240,98
S325,98
S3250,98
S327,98
S3270,98
S3280,98
S331,98
S341,98
S360,98
S3600,98
S3601,98
S3610,98
S3611,98
S381,98
S500,98
S501,98
S507,98
S508,98
S509,98
S700,98
S701,98
S707,98
S708,98
S709,98
S7200,98
S7210,98
S722,98
S7220,98
S7230,98
S7231,98
S724,98
S7240,98
S7241,98
S7280,98
S7290,98
S730,98
S800,98
S801,98
S807,98
S808,98
S809,98
S817,98
S820,98
S8200,98
S8210,98
S8211,98
S8220,98
S8230,98
S8231,98
S8240,98
S8241,98
S8250,98
S8251,98
S826,98
S8260,98
S8261,98
S8270,98
S828,98
S8280,98
S8281,98
S830,98
S831,98
S832,98
S833,98
S900,98
S901,98
S902,98
S903,98
S907,98
S908,98
S909,98
T0210,98
T0240,98
T0241,98
T0250,98
T064,98
T093,98
T110,98
T130,98
T174,98
T175,98
T178,98
T793,98
T795,98
T796,98
T810,98
T813,98
T814,98
T818,98
T823,98
T824,98
T826,98
T827,98
T828,98
T840,98
T841,98
T842,98
T843,98
T844,98
T845,98
T846,98
T847,98
T848,98
T854,98
T856,98
T857,98
T858,98
T860,98
T861,98
T868,98
T874,98
T913,98
T930,98
T932,98
T938,98
T958,98
U071,98
U072,98
Z030,98
Z21X,98
Z223,98
Z290,98
Z292,97
Z500,98
Z501,98
Z502,98
Z504,98
Z505,98
Z507,98
Z509,98
Z515,98
Z602,98
Z614,98
Z720,98
Z738,98
Z740,98
Z741,98
Z742,98
Z748,98
Z749,98
Z750,98
Z751,98
Z753,98
Z754,98
Z755,98
Z825,97
Z840,98
Z850,98
Z867,98
Z871,98
Z873,98
Z874,98
Z876,97
Z880,98
Z881,98
Z888,98
Z911,98
Z930,98
Z931,98
Z932,98
Z933,98
Z934,98
Z935,98
Z936,98
Z938,98
Z939,98
Z940,97
Z941,98
Z942,98
Z944,98
Z946,98
Z947,98
Z948,98
Z949,98
Z950,98
Z951,98
Z952,98
Z954,98
Z955,98
Z992,98
Z993,98
L303,77
L309,64
