A020,87
A021,87
A022,87
A028,87
A029,87
A040,87
A042,87
A043,87
A044,87
A045,87
A046,87
A047,87
A048,87
A071,87
A072,87
A080,87
A081,87
A083,87
A084,87
A085,87
A090,87
A099,87
A150,87
A151,87
A152,87
A153,87
A154,87
A156,87
A157,87
A160,87
A162,87
A163,87
A165,87
A169,87
A170,87
A178,87
A180,87
A182,87
A183,87
A190,87
A191,87
A199,87
A208,87
A280,87
A281,87
A310,87
A318,87
A328,87
A35X,87
A390,87
A394,87
A398,87
A399,87
A400,87
A401,87
A402,87
A403,87
A408,87
A409,87
A410,87
A411,87
A412,87
A414,87
A415,87
A418,87
A419,87
A480,87
A483,87
A490,87
A491,87
A492,87
A493,87
A498,87
A521,87
A523,87
A527,87
A540,87
A548,87
A630,87
A748,87
A810,87
A812,87
A850,87
A858,87
A86X,87
A870,87
A878,87
A879,87
A881,87
A888,87
A920,87
A971,87
A979,87
B000,87
B001,87
B002,87
B004,87
B005,87
B008,87
B009,87
B020,87
B022,87
B023,87
B027,87
B028,87
B029,87
B081,87
B082,87
B084,87
B085,87
B088,87
B159,87
B169,87
B171,87
B172,87
B178,87
B179,87
B180,87
B181,87
B182,87
B188,87
B189,87
B199,87
B203,87
B204,87
B206,87
B209,87
B213,87
B220,87
B227,87
B232,87
B24X,87
B351,87
B352,87
B353,87
B354,87
B356,87
B359,87
B369,87
B370,87
B371,87
B372,87
B373,87
B374,87
B377,87
B378,87
B379,87
B440,87
B441,87
B448,87
B449,87
B450,87
B470,87
B479,87
B481,87
B508,87
B509,87
B59X,87
B769,87
B80X,87
B850,87
B86X,87
B900,87
B908,87
B909,87
B941,87
B942,87
B948,87
B949,87
B950,87
B951,87
B952,87
B953,87
B954,87
B955,87
B956,87
B957,87
B958,87
B960,87
B961,87
B962,87
B963,87
B964,87
B965,87
B966,87
B967,87
B968,87
C000,87
C01X,87
C022,87
C028,87
C029,87
C030,87
C031,87
C051,87
C060,87
C062,87
C069,87
C07X,87
C090,87
C091,87
C099,87
C109,87
C112,87
C119,87
C12X,87
C130,87
C140,87
C150,87
C153,87
C154,87
C155,87
C158,87
C159,87
C160,87
C161,87
C162,87
C163,87
C164,87
C165,87
C166,87
C168,87
C169,87
C170,87
C171,87
C172,87
C179,87
C180,87
C181,87
C182,87
C183,87
C184,87
C185,87
C186,87
C187,87
C188,87
C189,87
C19X,87
C20X,87
C210,87
C211,87
C218,87
C220,87
C221,87
C222,87
C229,87
C23X,87
C240,87
C241,87
C249,87
C250,87
C251,87
C252,87
C253,87
C257,87
C258,87
C259,87
C260,87
C268,87
C269,87
C310,87
C313,87
C319,87
C320,87
C321,87
C322,87
C323,87
C329,87
C340,87
C341,87
C342,87
C343,87
C348,87
C349,87
C383,87
C400,87
C402,87
C410,87
C411,87
C412,87
C413,87
C414,87
C430,87
C431,87
C432,87
C433,87
C434,87
C435,87
C436,87
C437,87
C439,87
C440,87
C441,87
C442,87
C443,87
C444,87
C445,87
C446,87
C447,87
C449,87
C450,87
C451,87
C459,87
C460,87
C480,87
C481,87
C482,87
C490,87
C491,87
C492,87
C493,87
C494,87
C495,87
C496,87
C498,87
C499,87
C500,87
C501,87
C502,87
C503,87
C504,87
C505,87
C506,87
C508,87
C509,87
C511,87
C519,87
C52X,87
C530,87
C539,87
C541,87
C542,87
C543,87
C548,87
C549,87
C55X,87
C56X,87
C578,87
C61X,87
C64X,87
C66X,87
C670,87
C671,87
C672,87
C673,87
C674,87
C675,87
C676,87
C677,87
C678,87
C679,87
C680,87
C688,87
C689,87
C700,87
C709,87
C710,87
C711,87
C712,87
C713,87
C714,87
C716,87
C718,87
C719,87
C723,87
C73X,87
C740,87
C749,87
C751,87
C755,87
C760,87
C761,87
C762,87
C763,87
C765,87
C767,87
C770,87
C771,87
C772,87
C773,87
C774,87
C775,87
C778,87
C779,87
C780,87
C781,87
C782,87
C783,87
C784,87
C785,87
C786,87
C787,87
C788,87
C790,87
C791,87
C792,87
C793,87
C794,87
C795,87
C796,87
C797,87
C798,87
C800,87
C810,87
C811,87
C812,87
C814,87
C817,87
C819,87
C820,87
C821,87
C822,87
C823,87
C824,87
C826,87
C827,87
C829,87
C830,87
C831,87
C833,87
C835,87
C837,87
C839,87
C840,87
C844,87
C846,87
C847,87
C848,87
C851,87
C852,87
C857,87
C859,87
C860,87
C861,87
C865,87
C866,87
C880,87
C884,87
C900,87
C902,87
C910,87
C911,87
C913,87
C914,87
C915,87
C917,87
C919,87
C920,87
C921,87
C922,87
C924,87
C925,87
C928,87
C930,87
C931,87
C944,87
C950,87
C959,87
C965,87
C966,87
D000,87
D001,87
D010,87
D013,87
D017,87
D020,87
D022,87
D031,87
D032,87
D033,87
D034,87
D035,87
D036,87
D037,87
D039,87
D040,87
D041,87
D042,87
D043,87
D044,87
D045,87
D046,87
D047,87
D049,87
D071,87
D072,87
D074,87
D075,87
D090,87
D091,87
D092,87
D093,87
D107,87
D120,87
D121,87
D122,87
D123,87
D124,87
D125,87
D126,87
D127,87
D128,87
D129,87
D130,87
D131,87
D132,87
D133,87
D134,87
D135,87
D136,87
D137,87
D139,87
D166,87
D168,87
D170,87
D171,87
D172,87
D173,87
D174,87
D175,87
D176,87
D177,87
D179,87
D180,87
D181,87
D230,87
D231,87
D232,87
D233,87
D234,87
D235,87
D236,87
D237,87
D239,87
D250,87
D251,87
D252,87
D259,87
D280,87
D282,87
D287,87
D300,87
D303,87
D310,87
D313,87
D314,87
D316,87
D319,87
D320,87
D321,87
D329,87
D330,87
D331,87
D332,87
D333,87
D334,87
D339,87
D350,87
D351,87
D352,87
D355,87
D360,87
D361,87
D367,87
D370,87
D371,87
D372,87
D373,87
D374,87
D375,87
D376,87
D377,87
D379,87
D381,87
D382,87
D384,87
D385,87
D390,87
D391,87
D392,87
D400,87
D401,87
D407,87
D411,87
D413,87
D414,87
D421,87
D429,87
D430,87
D431,87
D432,87
D434,87
D440,87
D441,86
D443,87
D444,87
D445,87
D446,87
D447,87
D449,86
D45X,87
D461,87
D462,87
D464,87
D465,87
D466,87
D467,87
D469,87
D470,87
D471,87
D472,87
D473,87
D474,87
D475,87
D477,87
D479,87
D482,87
D500,87
D501,87
D508,87
D509,87
D510,87
D511,87
D513,87
D519,87
D521,87
D528,87
D529,87
D531,87
D539,87
D550,87
D552,87
D560,87
D561,87
D562,87
D563,87
D564,87
D568,87
D569,87
D570,87
D571,87
D572,87
D573,87
D580,87
D581,87
D582,87
D588,87
D589,87
D591,87
D593,87
D594,87
D595,87
D596,87
D599,87
D600,87
D608,87
D609,87
D610,87
D611,87
D612,87
D613,87
D618,87
D619,87
D62X,87
D630,87
D638,87
D643,87
D648,87
D649,87
D65X,87
D680,87
D681,87
D682,87
D683,87
D684,87
D685,87
D686,87
D688,87
D689,87
D690,87
D691,87
D692,87
D693,87
D694,87
D695,87
D696,87
D698,87
D699,87
D70X,87
D720,87
D721,87
D728,87
D729,87
D730,87
D731,87
D733,87
D734,87
D735,87
D738,87
D739,87
D751,87
D758,87
D801,87
D802,87
D803,87
D804,87
D805,87
D806,87
D808,87
D820,87
D821,87
D824,87
D828,87
D860,87
D861,87
D862,87
D863,87
D868,87
D869,87
D890,87
D891,87
D892,87
D898,87
E009,87
E02X,87
E031,87
E032,87
E034,87
E038,87
E039,87
E050,87
E051,87
E052,87
E054,87
E058,87
E059,87
E060,87
E063,87
E064,87
E065,87
E069,87
E071,87
E078,87
E079,87
E101,71
E102,87
E103,87
E104,87
E105,87
E106,87
E109,40
E110,87
E111,87
E112,87
E113,87
E114,87
E115,87
E116,87
E117,87
E119,87
E128,87
E131,87
E133,87
E134,87
E135,87
E136,87
E138,87
E139,87
E141,86
E142,87
E143,87
E144,87
E145,87
E146,87
E148,87
E149,86
E160,87
E161,85
E162,83
E168,87
E169,81
E201,87
E208,87
E209,87
E210,87
E211,87
E212,87
E213,87
E214,87
E215,87
E220,87
E221,87
E222,87
E230,87
E232,87
E240,87
E242,87
E243,87
E248,87
E249,87
E260,87
E261,87
E268,87
E269,87
E270,87
E271,87
E272,87
E273,87
E274,83
E275,87
E278,87
E279,83
E281,87
E282,87
E283,87
E288,87
E300,83
E301,81
E308,84
E310,87
E319,87
E320,87
E328,87
E340,87
E343,81
E344,87
E348,87
E349,81
E41X,87
E43X,87
E441,87
E46X,87
E52X,87
E538,87
E539,87
E54X,87
E559,87
E561,87
E568,87
E569,87
E58X,87
E610,87
E611,87
E612,87
E615,87
E618,87
E619,87
E660,87
E661,87
E662,87
E668,87
E669,87
E700,87
E701,87
E702,87
E703,87
E710,87
E711,87
E713,87
E720,87
E721,87
E722,87
E723,87
E724,87
E728,87
E739,87
E740,87
E741,87
E742,87
E743,87
E748,87
E751,87
E752,87
E755,87
E760,87
E761,87
E762,87
E763,87
E780,87
E781,87
E782,87
E784,87
E785,87
E786,87
E788,87
E790,87
E798,87
E800,87
E801,87
E802,87
E803,87
E804,87
E805,87
E806,87
E807,87
E830,87
E834,87
E835,87
E838,87
E840,87
E841,87
E848,87
E849,87
E850,87
E851,87
E858,87
E86X,87
E870,87
E871,87
E872,87
E873,87
E874,87
E875,87
E876,87
E877,87
E878,87
E880,87
E881,87
E882,87
E888,87
E890,87
E891,87
E892,87
E893,87
E894,87
E896,87
E898,87
F000,87
F001,87
F002,87
F009,87
F011,87
F012,87
F013,87
F019,87
F020,87
F021,87
F022,87
F023,87
F028,87
F03X,87
F050,87
F051,87
F058,87
F059,87
F062,87
F067,87
F068,87
F070,87
F072,87
F100,87
F101,87
F102,87
F103,87
F104,87
F105,87
F106,87
F107,87
F109,87
F110,87
F111,87
F112,87
F113,87
F115,87
F117,87
F119,87
F121,87
F122,87
F123,87
F125,87
F129,87
F150,87
F151,87
F152,87
F154,87
F155,87
F170,87
F171,87
F172,87
F177,87
F178,87
F179,87
F181,87
F190,87
F191,87
F192,87
F193,87
F195,87
F200,87
F202,87
F204,87
F209,87
F21X,87
F220,87
F228,87
F229,87
F230,87
F232,87
F233,87
F239,87
F24X,87
F250,87
F251,87
F252,87
F259,87
F28X,87
F29X,87
F300,87
F302,87
F309,87
F310,87
F311,87
F312,87
F313,87
F314,87
F315,87
F316,87
F317,87
F318,87
F319,87
F320,87
F321,87
F322,87
F323,87
F328,87
F329,87
F332,87
F333,87
F334,87
F338,87
F339,87
F340,87
F401,87
F410,87
F411,87
F412,87
F413,87
F418,87
F419,87
F420,87
F429,87
F430,87
F431,87
F432,87
F438,87
F439,87
F440,87
F444,87
F445,87
F447,87
F448,87
F449,87
F450,87
F452,87
F453,87
F454,87
F458,87
F459,87
F480,87
F481,87
F489,87
F500,87
F501,87
F502,87
F505,87
F508,87
F509,87
F513,87
F514,87
F515,87
F518,87
F600,87
F601,87
F602,87
F603,87
F604,87
F605,87
F606,87
F607,87
F608,87
F609,87
F700,87
F709,87
F728,87
F800,87
F801,87
F802,87
F803,87
F808,87
F809,87
F810,87
F818,87
F819,87
F82X,87
F83X,87
F840,87
F841,87
F842,87
F845,87
F848,87
F849,87
F89X,87
F900,87
F909,87
F913,87
F919,87
F928,87
F929,87
F930,87
F932,87
F940,87
F942,87
G001,87
G002,87
G003,87
G008,87
G009,87
G01X,87
G020,87
G038,87
G039,87
G040,87
G041,87
G048,87
G049,87
G050,87
G051,87
G058,87
G060,87
G061,87
G062,87
G07X,87
G08X,87
G09X,87
G10X,87
G111,87
G112,87
G114,87
G118,87
G119,87
G120,87
G121,87
G122,87
G128,87
G129,87
G131,87
G20X,87
G210,87
G211,87
G214,87
G219,87
G233,87
G240,87
G241,87
G243,87
G244,87
G245,87
G248,87
G249,87
G250,87
G251,87
G252,87
G253,87
G255,87
G258,87
G259,87
G300,87
G301,87
G308,87
G309,87
G310,87
G311,87
G312,87
G318,87
G319,87
G320,87
G328,87
G35X,87
G360,87
G372,87
G373,87
G378,87
G379,87
G400,87
G401,87
G402,87
G403,87
G404,87
G405,87
G406,87
G407,87
G408,87
G409,87
G410,87
G411,87
G412,87
G418,87
G419,87
G430,87
G431,87
G432,87
G433,87
G438,87
G439,87
G440,87
G442,87
G443,87
G444,87
G448,87
G450,87
G453,87
G454,87
G458,87
G459,87
G460,87
G461,87
G462,87
G463,87
G464,87
G465,87
G467,87
G470,87
G471,87
G472,87
G473,87
G474,87
G478,87
G479,87
G500,87
G501,87
G508,87
G510,87
G511,87
G513,87
G518,87
G519,87
G521,87
G523,87
G527,87
G528,87
G529,87
G530,87
G533,87
G540,87
G541,87
G542,87
G544,87
G545,87
G546,87
G548,87
G549,87
G550,87
G551,87
G552,87
G553,87
G558,87
G560,87
G561,87
G562,87
G563,87
G568,87
G570,87
G571,87
G572,87
G573,87
G575,87
G576,87
G578,87
G579,87
G587,87
G588,87
G589,87
G590,87
G598,87
G600,87
G608,87
G609,87
G610,87
G618,87
G619,87
G620,87
G621,87
G622,87
G628,87
G629,87
G631,87
G632,87
G633,87
G634,87
G635,87
G638,87
G700,87
G702,87
G708,87
G709,87
G710,87
G711,87
G712,87
G713,87
G720,87
G721,87
G724,87
G728,87
G729,87
G730,87
G731,87
G732,87
G737,87
G800,87
G801,87
G802,87
G803,87
G804,87
G808,87
G809,87
G810,87
G811,87
G819,87
G820,87
G821,87
G822,87
G824,87
G825,87
G830,87
G831,87
G832,87
G834,87
G835,87
G838,87
G839,87
G900,87
G901,87
G902,87
G904,87
G908,87
G909,87
G910,87
G911,87
G912,87
G913,87
G918,87
G919,87
G930,87
G931,87
G932,87
G933,87
G934,87
G935,87
G936,87
G938,87
G941,87
G942,87
G950,87
G951,87
G952,87
G958,87
G959,87
G960,87
G961,87
G968,87
G970,87
G971,87
G978,87
G98X,87
G990,87
G991,87
G992,87
G998,87
H010,87
H011,87
H018,87
H019,87
H020,87
H021,87
H022,87
H023,87
H024,87
H025,87
H026,87
H028,87
H029,87
H040,87
H041,87
H042,87
H043,87
H044,87
H045,87
H046,87
H049,87
H100,87
H101,87
H103,87
H104,87
H105,87
H108,87
H109,87
H110,87
H111,87
H112,87
H113,87
H114,87
H118,87
H119,87
H160,87
H161,87
H162,87
H163,87
H164,87
H169,87
H180,87
H181,87
H182,87
H183,87
H184,87
H185,87
H186,87
H187,87
H188,87
H189,87
H200,87
H201,87
H208,87
H209,87
H260,87
H261,87
H262,87
H263,87
H264,87
H268,87
H269,87
H280,87
H330,87
H331,87
H332,87
H333,87
H334,87
H335,87
H341,87
H342,87
H348,87
H349,87
H350,87
H351,87
H352,87
H353,87
H354,87
H355,87
H356,87
H357,87
H358,87
H359,87
H360,87
H368,87
H400,87
H401,87
H402,87
H403,87
H404,87
H405,87
H406,87
H408,87
H409,87
H420,87
H428,87
H430,87
H431,87
H432,87
H433,87
H438,87
H440,87
H441,87
H442,87
H444,87
H445,87
H447,87
H449,87
H470,87
H471,87
H472,87
H473,87
H474,87
H476,87
H477,87
H490,87
H491,87
H492,87
H494,87
H498,87
H499,87
H511,87
H512,87
H518,87
H519,87
H520,87
H521,87
H522,87
H523,87
H524,87
H530,87
H531,87
H532,87
H533,87
H534,87
H535,87
H536,87
H538,87
H539,87
H540,87
H541,87
H542,87
H544,87
H545,87
H546,87
H55X,87
H570,87
H571,87
H578,87
H588,87
H600,87
H601,87
H602,87
H603,87
H604,87
H605,87
H608,87
H609,87
H610,87
H611,87
H612,87
H613,87
H618,87
H619,87
H650,87
H651,87
H652,87
H653,87
H654,87
H659,87
H660,87
H661,87
H662,87
H663,87
H664,87
H669,87
H690,87
H720,87
H721,87
H722,87
H728,87
H729,87
H900,87
H901,87
H902,87
H903,87
H904,87
H905,87
H906,87
H907,87
H908,87
H910,87
H911,87
H912,87
H913,87
H918,87
H920,87
H921,87
H922,87
H931,87
H932,87
H933,87
H938,87
I011,87
I050,87
I051,87
I052,87
I058,87
I059,87
I060,87
I071,87
I078,87
I079,87
I080,87
I081,87
I082,87
I083,87
I088,87
I089,87
I090,87
I092,87
I098,87
I099,87
I10X,87
I110,87
I119,87
I120,87
I129,87
I130,87
I131,87
I132,87
I139,87
I150,87
I152,87
I159,87
I200,87
I201,87
I208,87
I209,87
I210,87
I211,87
I212,87
I213,87
I214,87
I219,87
I220,87
I221,87
I229,87
I231,87
I232,87
I233,87
I236,87
I240,87
I241,87
I248,87
I249,87
I250,87
I251,87
I252,87
I253,87
I254,87
I255,87
I256,87
I258,87
I259,87
I260,87
I269,87
I270,87
I272,87
I278,87
I279,87
I311,87
I312,87
I313,87
I319,87
I330,87
I339,87
I340,87
I341,87
I342,87
I348,87
I349,87
I350,87
I351,87
I352,87
I358,87
I359,87
I361,87
I370,87
I371,87
I379,87
I38X,87
I420,87
I421,87
I422,87
I423,87
I424,87
I425,87
I426,87
I427,87
I428,87
I429,87
I430,87
I431,87
I438,87
I440,87
I441,87
I442,87
I443,87
I444,87
I445,87
I446,87
I447,87
I450,87
I451,87
I452,87
I453,87
I454,87
I455,87
I456,87
I458,87
I459,87
I460,87
I461,87
I469,87
I470,87
I471,87
I472,87
I479,87
I480,87
I481,87
I482,87
I483,87
I484,87
I489,87
I490,87
I491,87
I492,87
I493,87
I494,87
I495,87
I498,87
I499,87
I500,87
I501,87
I509,87
I510,87
I511,87
I512,87
I513,87
I514,87
I515,87
I517,87
I518,87
I600,87
I601,87
I602,87
I609,87
I610,87
I611,87
I612,87
I613,87
I614,87
I615,87
I616,87
I618,87
I619,87
I620,87
I629,87
I630,87
I631,87
I632,87
I633,87
I634,87
I635,87
I636,87
I638,87
I639,87
I64X,87
I650,87
I652,87
I653,87
I660,87
I661,87
I662,87
I663,87
I668,87
I669,87
I670,87
I671,87
I672,87
I674,87
I675,87
I677,87
I678,87
I679,87
I680,87
I690,87
I691,87
I692,87
I693,87
I694,87
I698,87
I700,87
I7000,87
I7001,87
I701,87
I7010,87
I7011,87
I7020,87
I7021,87
I708,87
I7080,87
I7081,87
I7090,87
I710,87
I711,87
I712,87
I713,87
I714,87
I716,87
I718,87
I719,87
I720,87
I721,87
I722,87
I723,87
I724,87
I725,87
I726,87
I728,87
I729,87
I730,87
I731,87
I738,87
I739,87
I740,87
I741,87
I742,87
I743,87
I744,87
I745,87
I748,87
I749,87
I770,87
I771,87
I772,87
I774,87
I776,87
I778,87
I779,87
I780,87
I781,87
I788,87
I800,87
I801,87
I802,87
I803,87
I808,87
I809,87
I820,87
I822,87
I823,87
I828,87
I829,87
I830,87
I831,87
I832,87
I839,87
I850,87
I859,87
I861,87
I862,87
I863,87
I864,87
I868,87
I870,87
I871,87
I872,87
I878,87
I890,87
I891,87
I898,87
I899,87
I950,87
I951,87
I952,87
I958,87
I959,87
I971,87
I972,87
I978,87
I982,87
I983,87
I988,87
J020,87
J028,87
J029,87
J040,87
J041,87
J042,87
J09X,87
J100,87
J101,87
J108,87
J110,87
J111,87
J118,87
J121,87
J122,87
J123,87
J128,87
J129,87
J13X,87
J14X,87
J150,87
J151,87
J152,87
J153,87
J154,87
J155,87
J156,87
J157,87
J158,87
J159,87
J168,87
J171,87
J172,87
J173,87
J180,87
J181,87
J182,87
J189,87
J202,87
J205,87
J208,87
J209,87
J210,87
J211,87
J218,87
J219,87
J22X,87
J301,87
J320,87
J321,87
J322,87
J323,87
J324,87
J328,87
J329,87
J340,87
J341,87
J342,87
J343,87
J348,87
J36X,87
J380,87
J381,87
J382,87
J383,87
J384,87
J385,87
J386,87
J387,87
J390,87
J391,87
J392,87
J393,87
J398,87
J40X,87
J410,87
J431,87
J432,87
J438,87
J439,87
J440,87
J441,87
J448,87
J449,87
J46X,87
J47X,87
J670,87
J672,87
J678,87
J679,87
J680,87
J684,87
J690,87
J698,87
J700,87
J701,87
J703,87
J704,87
J709,87
J80X,87
J81X,87
J840,87
J841,87
J848,87
J849,87
J850,87
J851,87
J852,87
J860,87
J869,87
J90X,87
J91X,87
J920,87
J929,87
J930,87
J931,87
J938,87
J939,87
J940,87
J941,87
J942,87
J948,87
J949,87
J950,87
J955,87
J958,87
J960,87
J9600,87
J9601,87
J9609,87
J961,87
J9610,87
J9611,87
J9619,87
J969,87
J9690,87
J9691,87
J9699,87
J980,87
J981,87
J982,87
J984,87
J985,87
J986,87
J988,87
J990,87
J991,87
J998,87
K010,87
K011,87
K028,87
K029,87
K033,87
K035,87
K036,87
K040,87
K042,87
K045,87
K046,87
K047,87
K048,87
K049,87
K050,87
K051,87
K052,87
K053,87
K056,87
K070,87
K071,87
K072,87
K073,87
K074,87
K075,87
K076,87
K081,87
K083,87
K088,87
K089,87
K090,87
K091,87
K092,87
K098,87
K099,87
K100,87
K101,87
K102,87
K103,87
K108,87
K109,87
K110,87
K112,87
K113,87
K115,87
K116,87
K117,87
K118,87
K119,87
K120,87
K121,87
K122,87
K20X,87
K210,87
K219,87
K220,87
K221,87
K222,87
K223,87
K224,87
K225,87
K226,87
K227,87
K228,87
K229,87
K250,87
K251,87
K253,87
K254,87
K255,87
K257,87
K259,87
K260,87
K261,87
K263,87
K264,87
K265,87
K266,87
K267,87
K269,87
K271,87
K274,87
K277,87
K279,87
K283,87
K284,87
K289,87
K290,87
K291,87
K292,87
K293,87
K294,87
K295,87
K296,87
K297,87
K298,87
K299,87
K30X,87
K311,87
K312,87
K314,87
K315,87
K316,87
K317,87
K318,87
K319,87
K380,87
K381,87
K382,87
K388,87
K389,87
K400,87
K402,87
K403,87
K404,87
K409,87
K410,87
K412,87
K413,87
K414,87
K419,87
K420,87
K421,87
K429,87
K430,87
K431,87
K432,87
K433,87
K435,87
K436,87
K437,87
K439,87
K440,87
K441,87
K449,87
K450,87
K458,87
K460,87
K461,87
K469,87
K520,87
K521,87
K522,87
K523,87
K528,87
K529,87
K550,87
K551,87
K552,87
K558,87
K559,87
K560,87
K561,87
K562,87
K563,87
K564,87
K565,87
K566,87
K567,87
K570,87
K571,87
K572,87
K573,87
K574,87
K575,87
K578,87
K579,87
K590,87
K591,87
K592,87
K593,87
K594,87
K598,87
K599,87
K600,87
K601,87
K602,87
K603,87
K604,87
K620,87
K621,87
K622,87
K623,87
K624,87
K625,87
K626,87
K627,87
K628,87
K629,87
K630,87
K631,87
K632,87
K633,87
K634,87
K635,87
K638,87
K639,87
K640,87
K641,87
K642,87
K643,87
K644,87
K645,87
K648,87
K649,87
K650,87
K658,87
K659,87
K660,87
K661,87
K668,87
K669,87
K700,87
K701,87
K702,87
K703,87
K704,87
K709,87
K710,87
K711,87
K712,87
K716,87
K717,87
K718,87
K719,87
K720,87
K721,87
K729,87
K730,87
K732,87
K738,87
K739,87
K740,87
K743,87
K744,87
K745,87
K746,87
K750,87
K753,87
K754,87
K758,87
K759,87
K760,87
K761,87
K763,87
K764,87
K766,87
K767,87
K768,87
K769,87
K800,87
K801,87
K802,87
K803,87
K804,87
K805,87
K808,87
K810,87
K811,87
K818,87
K819,87
K820,87
K821,87
K822,87
K823,87
K824,87
K828,87
K829,87
K830,87
K831,87
K832,87
K833,87
K834,87
K835,87
K838,87
K839,87
K850,87
K851,87
K852,87
K853,87
K858,87
K859,87
K860,87
K861,87
K862,87
K863,87
K868,87
K869,87
K900,87
K901,87
K902,87
K904,87
K908,87
K909,87
K910,87
K911,87
K912,87
K913,87
K914,87
K918,87
K920,87
K921,87
K922,87
K928,87
K930,87
K938,87
L010,87
L011,87
L020,87
L021,87
L022,87
L023,87
L024,87
L028,87
L029,87
L030,87
L031,87
L032,87
L033,87
L038,87
L039,87
L040,87
L041,87
L042,87
L043,87
L048,87
L049,87
L080,87
L081,87
L088,87
L089,87
L100,87
L108,87
L120,87
L121,87
L128,87
L129,87
L130,87
L131,87
L138,87
L139,87
L208,87
L209,87
L210,87
L218,87
L219,87
L231,87
L232,87
L233,87
L236,87
L239,87
L270,87
L271,87
L278,87
L280,87
L281,87
L282,87
L300,87
L301,87
L303,87
L304,87
L308,87
L309,87
L400,87
L401,87
L402,87
L403,87
L404,87
L405,87
L408,87
L409,87
L411,87
L430,87
L432,87
L438,87
L439,87
L500,87
L501,87
L502,87
L503,87
L505,87
L508,87
L509,87
L52X,87
L530,87
L538,87
L539,87
L570,87
L571,87
L575,87
L578,87
L579,87
L600,87
L601,87
L602,87
L603,87
L605,87
L608,87
L609,87
L630,87
L639,87
L649,87
L680,87
L730,87
L731,87
L732,87
L738,87
L739,87
L82X,87
L850,87
L851,87
L852,87
L853,87
L858,87
L859,87
L890,87
L891,87
L892,87
L893,87
L899,87
L900,87
L904,87
L905,87
L906,87
L909,87
L910,87
L918,87
L919,87
L920,87
L921,87
L922,87
L923,87
L928,87
L929,87
L940,87
L942,87
L943,87
L948,87
L949,87
L950,87
L958,87
L959,87
L97X,87
L980,87
L981,87
L982,87
L983,87
L984,87
L985,87
L986,87
L987,87
L988,87
L990,87
L998,87
M0001,87
M0003,87
M0004,87
M0005,87
M0006,87
M0007,87
M0021,87
M0023,87
M0024,87
M0025,87
M0026,87
M0027,87
M0081,87
M0086,87
M009,87
M0090,87
M0091,87
M0092,87
M0093,87
M0094,87
M0095,87
M0096,87
M0097,87
M0186,87
M0220,87
M023,87
M0286,87
M029,87
M0290,87
M0294,87
M0295,87
M0296,87
M0297,87
M0366,87
M0367,87
M051,87
M0510,87
M052,87
M053,87
M058,87
M059,87
M0590,87
M0591,87
M0593,87
M0594,87
M0595,87
M0596,87
M0597,87
M0599,87
M060,87
M0600,87
M0604,87
M0605,87
M0606,87
M0608,87
M0609,87
M061,87
M0610,87
M063,87
M0630,87
M0634,87
M064,87
M0640,87
M0644,87
M0646,87
M0649,87
M068,87
M069,87
M0690,87
M0691,87
M0692,87
M0693,87
M0694,87
M0695,87
M0696,87
M0697,87
M0698,87
M0699,87
M070,87
M071,87
M0710,87
M073,87
M0730,87
M0731,87
M0732,87
M0736,87
M0737,87
M0738,87
M0739,87
M074,87
M075,87
M0750,87
M076,87
M080,87
M0800,87
M081,87
M082,87
M083,87
M0830,87
M088,87
M0886,87
M089,87
M0890,87
M0893,87
M0896,87
M0898,87
M0899,87
M100,87
M1000,87
M1002,87
M1003,87
M1004,87
M1006,87
M1007,87
M1008,87
M1009,87
M102,87
M1035,87
M104,87
M109,87
M1090,87
M1092,87
M1093,87
M1094,87
M1096,87
M1097,87
M1098,87
M1099,87
M112,87
M1120,87
M1121,87
M1122,87
M1123,87
M1124,87
M1125,87
M1126,87
M1127,87
M1129,87
M118,87
M1183,87
M1186,87
M119,87
M1190,87
M1191,87
M1193,87
M1196,87
M1197,87
M1199,87
M120,87
M1200,87
M123,87
M1230,87
M1233,87
M1251,87
M1253,87
M1257,87
M128,87
M1288,87
M130,87
M1300,87
M131,87
M1311,87
M1312,87
M1316,87
M1317,87
M1318,87
M138,87
M1380,87
M1381,87
M1383,87
M1385,87
M1386,87
M1387,87
M1389,87
M139,87
M1390,87
M1391,87
M1392,87
M1393,87
M1394,87
M1395,87
M1396,87
M1397,87
M1398,87
M1399,87
M142,87
M143,87
M145,87
M146,87
M148,87
M150,87
M151,87
M152,87
M154,87
M158,87
M159,87
M160,87
M162,87
M163,87
M166,87
M169,87
M170,87
M171,87
M173,87
M174,87
M175,87
M179,87
M180,87
M182,87
M183,87
M189,87
M190,87
M1901,87
M1904,87
M1907,87
M1911,87
M1913,87
M1915,87
M1917,87
M192,87
M1920,87
M1921,87
M1927,87
M198,87
M1982,87
M1987,87
M199,87
M1990,87
M1991,87
M1992,87
M1993,87
M1994,87
M1995,87
M1997,87
M1998,87
M1999,87
M2106,87
M2107,87
M211,87
M2116,87
M2117,87
M2120,87
M2123,87
M2124,87
M2125,87
M2126,87
M2127,87
M213,87
M2130,87
M2133,87
M2137,87
M214,87
M215,87
M2154,87
M2157,87
M216,87
M217,87
M2173,87
M2175,87
M2176,87
M218,87
M2180,87
M2181,87
M2183,87
M2185,87
M2186,87
M2187,87
M2191,87
M2196,87
M2197,87
M230,87
M2301,87
M2302,87
M2303,87
M2304,87
M2306,87
M2309,87
M232,87
M2320,87
M2321,87
M2322,87
M2323,87
M2324,87
M2325,87
M2326,87
M2329,87
M233,87
M2330,87
M2331,87
M2332,87
M2333,87
M2334,87
M2335,87
M2336,87
M2339,87
M234,87
M235,87
M2350,87
M2351,87
M2352,87
M2353,87
M2354,87
M2356,87
M2357,87
M2359,87
M2360,87
M2361,87
M2362,87
M238,87
M2380,87
M2381,87
M2382,87
M2383,87
M2384,87
M2386,87
M2389,87
M239,87
M2401,87
M2402,87
M2405,87
M2407,87
M241,87
M2411,87
M2413,87
M2414,87
M2415,87
M2416,87
M2417,87
M242,87
M2421,87
M2422,87
M2423,87
M2424,87
M2426,87
M2427,87
M2428,87
M2431,87
M2434,87
M2436,87
M2437,87
M2440,87
M2441,87
M2444,87
M2445,87
M2446,87
M2447,87
M2450,87
M2451,87
M2452,87
M2453,87
M2454,87
M2455,87
M2456,87
M2457,87
M2464,87
M2466,87
M2467,87
M2468,87
M247,87
M2480,87
M2481,87
M2482,87
M2483,87
M2485,87
M2486,87
M2487,87
M2491,87
M250,87
M2506,87
M2507,87
M2512,87
M2530,87
M2531,87
M2533,87
M2534,87
M2535,87
M2536,87
M2537,87
M254,87
M2540,87
M2541,87
M2542,87
M2543,87
M2544,87
M2545,87
M2546,87
M2547,87
M255,87
M2550,87
M2551,87
M2552,87
M2553,87
M2554,87
M2555,87
M2556,87
M2557,87
M2558,87
M2559,87
M256,87
M2560,87
M2561,87
M2562,87
M2563,87
M2564,87
M2565,87
M2566,87
M2567,87
M2568,87
M257,87
M2570,87
M2571,87
M2572,87
M2573,87
M2574,87
M2575,87
M2576,87
M2577,87
M2578,87
M258,87
M2581,87
M2582,87
M2583,87
M2584,87
M2585,87
M2586,87
M2587,87
M2588,87
M259,87
M2591,87
M2595,87
M300,87
M301,87
M303,87
M308,87
M310,87
M311,87
M313,87
M314,87
M315,87
M316,87
M317,87
M318,87
M319,87
M320,87
M321,87
M329,87
M330,87
M331,87
M332,87
M339,87
M340,87
M341,87
M348,87
M349,87
M350,87
M351,87
M352,87
M353,87
M357,87
M358,87
M359,87
M363,87
M400,87
M4014,87
M402,87
M4022,87
M4023,87
M4024,87
M4025,87
M4026,87
M4042,87
M4046,87
M405,87
M4050,87
M4052,87
M4054,87
M4056,87
M410,87
M411,87
M412,87
M4120,87
M4125,87
M413,87
M4130,87
M4134,87
M4135,87
M414,87
M415,87
M4155,87
M4156,87
M418,87
M4180,87
M4185,87
M4186,87
M4187,87
M419,87
M4190,87
M4192,87
M4193,87
M4194,87
M4195,87
M4196,87
M4197,87
M4199,87
M420,87
M4206,87
M4292,87
M430,87
M4300,87
M4302,87
M4303,87
M4306,87
M4307,87
M431,87
M4310,87
M4312,87
M4313,87
M4315,87
M4316,87
M4317,87
M4318,87
M4320,87
M4322,87
M4323,87
M4326,87
M4327,87
M4328,87
M436,87
M4382,87
M4386,87
M439,87
M4396,87
M45X,87
M45X0,87
M45X2,87
M45X6,87
M45X7,87
M45X8,87
M45X9,87
M4606,87
M461,87
M462,87
M4622,87
M4624,87
M4626,87
M4628,87
M4632,87
M4634,87
M4636,87
M464,87
M4640,87
M4642,87
M4644,87
M4646,87
M4647,87
M4650,87
M4656,87
M4657,87
M4658,87
M468,87
M4680,87
M4682,87
M4686,87
M4687,87
M469,87
M4690,87
M4691,87
M4692,87
M4693,87
M4694,87
M4695,87
M4696,87
M4697,87
M4698,87
M4699,87
M4710,87
M4712,87
M4716,87
M4717,87
M472,87
M4720,87
M4722,87
M4726,87
M4727,87
M4728,87
M478,87
M4780,87
M4782,87
M4783,87
M4784,87
M4785,87
M4786,87
M4787,87
M4788,87
M4789,87
M479,87
M4790,87
M4791,87
M4792,87
M4793,87
M4794,87
M4795,87
M4796,87
M4797,87
M4799,87
M480,87
M4800,87
M4802,87
M4803,87
M4804,87
M4805,87
M4806,87
M4807,87
M4808,87
M4809,87
M481,87
M4810,87
M4814,87
M484,87
M4840,87
M4844,87
M4845,87
M4846,87
M4848,87
M485,87
M4850,87
M4852,87
M4854,87
M4855,87
M4856,87
M4858,87
M488,87
M4880,87
M4882,87
M4884,87
M4886,87
M489,87
M4894,87
M4896,87
M490,87
M4900,87
M4902,87
M4904,87
M4906,87
M500,87
M501,87
M502,87
M503,87
M509,87
M510,87
M511,87
M512,87
M513,87
M514,87
M518,87
M519,87
M541,87
M5410,87
M5412,87
M5413,87
M5414,87
M5415,87
M5416,87
M5417,87
M5418,87
M5419,87
M542,87
M5421,87
M5422,87
M5423,87
M543,87
M5430,87
M5435,87
M5436,87
M5437,87
M5438,87
M5439,87
M544,87
M5445,87
M5446,87
M5447,87
M5448,87
M545,87
M5450,87
M5455,87
M5456,87
M5457,87
M5458,87
M5459,87
M546,87
M5464,87
M5465,87
M548,87
M5480,87
M5481,87
M5482,87
M5483,87
M5484,87
M5486,87
M5487,87
M5489,87
M549,87
M5490,87
M5494,87
M5495,87
M5496,87
M5497,87
M5498,87
M5499,87
M600,87
M6005,87
M6006,87
M6008,87
M6020,87
M6024,87
M6028,87
M608,87
M6080,87
M6085,87
M609,87
M6090,87
M6094,87
M6095,87
M6096,87
M6097,87
M6098,87
M620,87
M6208,87
M6212,87
M6213,87
M6215,87
M622,87
M6220,87
M6223,87
M6224,87
M6225,87
M6226,87
M624,87
M6241,87
M6243,87
M6244,87
M6246,87
M6247,87
M625,87
M6250,87
M6251,87
M6253,87
M6254,87
M6255,87
M6256,87
M6258,87
M6259,87
M6265,87
M628,87
M6280,87
M6281,87
M6282,87
M6283,87
M6284,87
M6285,87
M6286,87
M6287,87
M6288,87
M6289,87
M629,87
M6292,87
M6295,87
M6296,87
M6298,87
M6504,87
M6511,87
M6514,87
M6515,87
M6516,87
M6517,87
M652,87
M6521,87
M6523,87
M6525,87
M6526,87
M653,87
M654,87
M6543,87
M6544,87
M658,87
M6581,87
M6583,87
M6584,87
M6585,87
M6586,87
M6587,87
M659,87
M6590,87
M6591,87
M6592,87
M6593,87
M6594,87
M6595,87
M6596,87
M6597,87
M660,87
M6622,87
M6624,87
M6632,87
M6634,87
M6637,87
M6645,87
M6646,87
M6647,87
M6656,87
M6657,87
M670,87
M671,87
M672,87
M673,87
M674,87
M678,87
M679,87
M7004,87
M702,87
M703,87
M704,87
M705,87
M706,87
M707,87
M709,87
M7102,87
M7105,87
M7112,87
M7116,87
M7117,87
M712,87
M713,87
M7136,87
M7137,87
M7138,87
M7146,87
M7152,87
M7158,87
M7182,87
M7191,87
M7192,87
M7195,87
M7197,87
M720,87
M722,87
M7245,87
M726,87
M7260,87
M7261,87
M7262,87
M7263,87
M7264,87
M7265,87
M7266,87
M7268,87
M728,87
M7287,87
M729,87
M7294,87
M7298,87
M750,87
M751,87
M752,87
M753,87
M754,87
M755,87
M758,87
M759,87
M790,87
M791,87
M7910,87
M7911,87
M7915,87
M7916,87
M7918,87
M792,87
M7920,87
M7921,87
M7922,87
M7923,87
M7924,87
M7925,87
M7926,87
M7927,87
M7928,87
M793,87
M7930,87
M7938,87
M794,87
M7946,87
M7950,87
M7952,87
M7953,87
M7954,87
M7955,87
M7956,87
M7957,87
M7958,87
M796,87
M7960,87
M7961,87
M7962,87
M7963,87
M7964,87
M7965,87
M7966,87
M7967,87
M797,87
M7970,87
M7973,87
M7976,87
M7977,87
M7978,87
M7979,87
M798,87
M7980,87
M7981,87
M7982,87
M7983,87
M7984,87
M7985,87
M7986,87
M7987,87
M7988,87
M7989,87
M799,87
M7996,87
M7998,87
M8040,87
M8048,87
M8080,87
M8085,87
M8086,87
M8088,87
M809,87
M8090,87
M8091,87
M8092,87
M8093,87
M8095,87
M8096,87
M8097,87
M8098,87
M810,87
M8100,87
M812,87
M814,87
M8148,87
M8149,87
M815,87
M8168,87
M818,87
M8180,87
M8185,87
M8188,87
M819,87
M8190,87
M8191,87
M8192,87
M8193,87
M8194,87
M8195,87
M8196,87
M8197,87
M8198,87
M8199,87
M821,87
M838,87
M839,87
M8394,87
M8395,87
M8396,87
M8397,87
M840,87
M8400,87
M8401,87
M8402,87
M8403,87
M8404,87
M8405,87
M8406,87
M8407,87
M8410,87
M8411,87
M8412,87
M8413,87
M8414,87
M8415,87
M8416,87
M8417,87
M8418,87
M8423,87
M8424,87
M8426,87
M8431,87
M8433,87
M8435,87
M8437,87
M8438,87
M8440,87
M8441,87
M8442,87
M8445,87
M8447,87
M8448,87
M848,87
M8484,87
M8485,87
M8486,87
M8487,87
M8491,87
M8508,87
M852,87
M853,87
M8545,87
M8563,87
M8564,87
M8565,87
M8566,87
M8567,87
M8568,87
M858,87
M8580,87
M8581,87
M8582,87
M8583,87
M8584,87
M8585,87
M8586,87
M8587,87
M8588,87
M8589,87
M859,87
M8595,87
M8611,87
M8613,87
M8614,87
M8616,87
M8617,87
M863,87
M8648,87
M866,87
M8661,87
M8662,87
M8663,87
M8665,87
M8666,87
M8667,87
M868,87
M8680,87
M8686,87
M8687,87
M869,87
M8690,87
M8691,87
M8692,87
M8694,87
M8695,87
M8696,87
M8697,87
M8698,87
M8707,87
M8715,87
M8718,87
M8721,87
M8725,87
M8738,87
M878,87
M8784,87
M8787,87
M879,87
M8790,87
M8791,87
M8792,87
M8793,87
M8794,87
M8795,87
M8796,87
M8797,87
M880,87
M888,87
M8880,87
M8885,87
M8887,87
M8888,87
M889,87
M8890,87
M8895,87
M890,87
M8900,87
M8904,87
M8906,87
M8907,87
M8908,87
M8921,87
M8933,87
M8935,87
M8936,87
M8937,87
M8938,87
M8950,87
M8951,87
M8954,87
M8955,87
M8956,87
M8957,87
M8958,87
M8962,87
M8966,87
M898,87
M8980,87
M8981,87
M8982,87
M8983,87
M8984,87
M8985,87
M8986,87
M8987,87
M8988,87
M9003,87
M9045,87
M9070,87
M9071,87
M9072,87
M9073,87
M9075,87
M9076,87
M9078,87
M908,87
M9088,87
M940,87
M941,87
M9418,87
M942,87
M9425,87
M9426,87
M9427,87
M948,87
M9480,87
M9481,87
M9485,87
M9486,87
M9487,87
M9490,87
M9496,87
M9497,87
M950,87
M952,87
M953,87
M954,87
M960,87
M961,87
M966,87
M968,87
M9908,87
M9933,87
M994,87
M9960,87
M9961,87
M9963,87
M997,87
M9971,87
M9973,87
M998,87
M9981,87
M9982,87
M9983,87
N021,87
N022,87
N023,87
N025,87
N028,87
N029,87
N031,87
N032,87
N039,87
N040,87
N041,87
N043,87
N048,87
N049,87
N050,87
N051,87
N052,87
N057,87
N058,87
N059,87
N082,87
N083,87
N084,87
N085,87
N10X,87
N111,87
N118,87
N119,87
N12X,87
N130,87
N131,87
N132,87
N133,87
N134,87
N135,87
N136,87
N137,87
N138,87
N139,87
N141,87
N142,87
N151,87
N158,87
N159,87
N164,87
N170,87
N171,87
N172,87
N179,87
N181,87
N182,87
N183,87
N184,87
N185,87
N189,87
N19X,87
N200,87
N201,87
N202,87
N209,87
N210,87
N211,87
N218,87
N23X,87
N250,87
N251,87
N258,87
N26X,87
N280,87
N281,87
N288,87
N298,87
N300,87
N301,87
N302,87
N303,87
N304,87
N308,87
N309,87
N311,87
N312,87
N318,87
N319,87
N320,87
N321,87
N323,87
N324,87
N328,87
N329,87
N342,87
N343,87
N358,87
N359,87
N360,87
N361,87
N362,87
N363,87
N368,87
N369,87
N390,87
N391,87
N393,87
N394,87
N398,87
N399,87
N40X,87
N410,87
N411,87
N412,87
N413,87
N418,87
N419,87
N430,87
N431,87
N432,87
N433,87
N434,87
N450,87
N459,87
N46X,87
N47X,87
N480,87
N481,87
N482,87
N483,87
N484,87
N485,87
N486,87
N488,87
N489,87
N492,87
N498,87
N640,87
N641,87
N643,87
N644,87
N645,87
N648,87
N730,87
N731,87
N734,87
N735,87
N736,87
N739,87
N750,87
N751,87
N758,87
N759,87
N760,87
N761,87
N762,87
N764,87
N765,87
N766,87
N768,87
N770,87
N771,87
N778,87
N800,87
N801,87
N802,87
N803,87
N804,87
N805,87
N806,87
N808,87
N809,87
N810,87
N811,87
N812,87
N813,87
N814,87
N815,87
N816,87
N818,87
N819,87
N820,87
N821,87
N823,87
N824,87
N825,87
N828,87
N829,87
N830,87
N831,87
N832,87
N833,87
N834,87
N835,87
N836,87
N837,87
N838,87
N839,87
N840,87
N841,87
N842,87
N843,87
N848,87
N850,87
N851,87
N852,87
N854,87
N856,87
N857,87
N858,87
N859,87
N880,87
N881,87
N882,87
N883,87
N884,87
N888,87
N889,87
N890,87
N893,87
N895,87
N896,87
N897,87
N898,87
N899,87
N930,87
N938,87
N939,87
N940,87
N941,87
N942,87
N943,87
N944,87
N946,87
N948,87
N950,87
N951,87
N952,87
N958,87
N959,87
N990,87
N991,87
N992,87
N993,87
N994,87
N995,87
N998,87
O210,87
O211,87
O212,87
O218,87
O219,87
O300,87
O301,87
O360,87
O361,87
O362,87
O363,87
O364,87
O365,87
O366,87
O368,87
O369,87
O470,87
O471,87
O479,87
O860,87
O861,87
O862,87
O863,87
O864,87
O868,87
P050,87
P051,87
P059,87
P070,87
P071,87
P072,87
P073,87
P080,87
P081,87
P082,87
P220,87
P221,87
P228,87
P229,87
P288,87
P360,87
P361,87
P362,87
P363,87
P364,87
P368,87
P369,87
P375,87
P38X,87
P540,87
P541,87
P543,87
P545,87
P546,87
P548,87
P700,87
P701,87
P702,87
P703,87
P704,87
P708,87
P711,87
P718,87
P719,87
P75X,87
P90X,87
P917,87
P941,87
P942,87
P948,87
Q040,87
Q044,87
Q054,87
Q057,87
Q059,87
Q068,87
Q070,87
Q120,87
Q128,87
Q170,87
Q172,87
Q173,87
Q174,87
Q175,87
Q178,87
Q179,87
Q201,87
Q206,87
Q208,87
Q209,87
Q210,87
Q211,87
Q212,87
Q213,87
Q214,87
Q218,87
Q219,87
Q220,87
Q221,87
Q223,87
Q224,87
Q225,87
Q226,87
Q228,87
Q230,87
Q231,87
Q232,87
Q233,87
Q234,87
Q238,87
Q239,87
Q240,87
Q244,87
Q245,87
Q246,87
Q248,87
Q249,87
Q250,87
Q251,87
Q254,87
Q255,87
Q256,87
Q257,87
Q258,87
Q260,87
Q261,87
Q263,87
Q265,87
Q268,87
Q270,87
Q271,87
Q272,87
Q273,87
Q278,87
Q279,87
Q281,87
Q282,87
Q283,87
Q288,87
Q310,87
Q311,87
Q315,87
Q318,87
Q319,87
Q334,87
Q355,87
Q357,87
Q359,87
Q380,87
Q381,87
Q382,87
Q383,87
Q385,87
Q387,87
Q388,87
Q390,87
Q391,87
Q396,87
Q399,87
Q400,87
Q401,87
Q402,87
Q403,87
Q408,87
Q410,87
Q441,87
Q442,87
Q444,87
Q445,87
Q446,87
Q447,87
Q531,87
Q532,87
Q539,87
Q550,87
Q552,87
Q554,87
Q555,87
Q556,87
Q558,87
Q600,87
Q601,87
Q602,87
Q605,87
Q620,87
Q621,87
Q622,87
Q623,87
Q625,87
Q627,87
Q660,87
Q661,87
Q662,87
Q663,87
Q664,87
Q665,87
Q666,87
Q667,87
Q668,87
Q669,87
Q750,87
Q751,87
Q752,87
Q753,87
Q758,87
Q760,87
Q761,87
Q762,87
Q763,87
Q764,87
Q766,87
Q772,87
Q774,87
Q810,87
Q812,87
Q819,87
Q831,87
Q833,87
Q838,87
Q839,87
Q850,87
Q851,87
Q858,87
Q859,87
Q870,87
Q871,87
Q872,87
Q873,87
Q874,87
Q875,87
Q878,87
Q892,87
Q900,87
Q901,87
Q902,87
Q909,87
Q913,87
Q917,87
Q933,87
Q937,87
Q938,87
Q992,87
Q998,87
R000,87
R001,87
R002,87
R008,87
R010,87
R011,87
R02X,87
R030,87
R031,87
R040,87
R041,87
R042,87
R048,87
R060,87
R061,87
R062,87
R063,87
R064,87
R066,87
R067,87
R070,87
R071,87
R072,87
R073,87
R074,87
R090,87
R092,87
R093,87
R098,87
R100,87
R101,87
R102,87
R103,87
R104,87
R11X,87
R13X,87
R15X,87
R160,87
R161,87
R162,87
R18X,87
R190,87
R191,87
R194,87
R195,87
R198,87
R200,87
R202,87
R208,87
R21X,87
R220,87
R221,87
R222,87
R223,87
R224,87
R227,87
R229,87
R230,87
R231,87
R232,87
R233,87
R234,87
R238,87
R250,87
R251,87
R252,87
R253,87
R258,87
R260,87
R262,87
R263,87
R268,87
R270,87
R278,87
R290,87
R292,87
R294,87
R31X,87
R32X,87
R33X,87
R34X,87
R35X,87
R36X,87
R390,87
R391,87
R392,87
R400,87
R401,87
R402,87
R410,87
R411,87
R412,87
R413,87
R418,87
R42X,87
R440,87
R441,87
R442,87
R443,87
R448,87
R450,87
R451,87
R452,87
R454,87
R455,87
R456,87
R457,87
R458,87
R460,87
R462,87
R464,87
R466,87
R468,87
R470,87
R471,87
R478,87
R480,87
R482,87
R488,87
R490,87
R491,87
R492,87
R498,87
R502,87
R508,87
R509,87
R51X,87
R521,87
R522,87
R529,87
R53X,87
R54X,87
R55X,87
R560,87
R568,87
R570,87
R571,87
R572,87
R578,87
R579,87
R58X,87
R590,87
R591,87
R599,87
R600,87
R601,87
R609,87
R610,87
R611,87
R619,87
R620,87
R628,87
R629,87
R630,87
R631,87
R632,87
R633,87
R634,87
R635,87
R636,87
R638,87
R64X,87
R650,87
R651,87
R653,87
R680,87
R681,87
R682,87
R683,87
R688,87
R72X,87
R740,87
R748,87
R75X,87
R760,87
R761,87
R768,87
R769,87
R770,87
R778,87
R779,87
R780,87
R782,87
R788,87
R789,87
R790,87
R798,87
R799,87
R80X,87
R81X,87
R824,87
R826,87
R827,87
R828,87
R829,87
R836,87
R840,87
R845,87
R848,87
R849,87
R865,87
R875,87
R876,87
R900,87
R908,87
R91X,87
R930,87
R931,87
R932,87
R933,87
R934,87
R935,87
R936,87
R937,87
R938,87
R940,87
R942,87
R943,87
R944,87
R945,87
R946,87
R947,87
S000,87
S001,87
S002,87
S003,87
S004,87
S005,87
S007,87
S008,87
S009,87
S010,87
S011,87
S012,87
S013,87
S014,87
S015,87
S017,87
S018,87
S019,87
S0200,87
S0210,87
S0211,87
S0220,87
S0221,87
S0230,87
S0240,87
S0250,87
S0260,87
S0261,87
S0270,87
S0271,87
S0280,87
S0281,87
S0290,87
S050,87
S051,87
S052,87
S053,87
S054,87
S055,87
S056,87
S058,87
S059,87
S0600,87
S0610,87
S062,87
S0620,87
S0630,87
S0640,87
S065,87
S0650,87
S0651,87
S066,87
S0660,87
S0661,87
S0680,87
S0690,87
S081,87
S090,87
S091,87
S092,87
S097,87
S098,87
S099,87
S1200,87
S1210,87
S1220,87
S127,87
S1270,87
S1280,87
S1290,87
S131,87
S134,87
S136,87
S140,87
S141,87
S220,87
S2200,87
S2210,87
S222,87
S2220,87
S223,87
S2230,87
S224,87
S2240,87
S2250,87
S2290,87
S241,87
S300,87
S301,87
S302,87
S307,87
S308,87
S309,87
S310,87
S311,87
S312,87
S313,87
S314,87
S317,87
S318,87
S320,87
S3200,87
S3201,87
S3210,87
S3220,87
S3230,87
S324,87
S3240,87
S325,87
S3250,87
S327,87
S3270,87
S3280,87
S331,87
S341,87
S360,87
S3600,87
S3601,87
S3610,87
S3611,87
S3700,87
S3710,87
S3720,87
S3721,87
S3730,87
S3760,87
S3761,87
S3780,87
S379,87
S3790,87
S381,87
S390,87
S398,87
S400,87
S407,87
S408,87
S409,87
S410,87
S411,87
S417,87
S418,87
S420,87
S4200,87
S4201,87
S421,87
S4210,87
S422,87
S4220,87
S4221,87
S4230,87
S4231,87
S4240,87
S4241,87
S4270,87
S4280,87
S4290,87
S430,87
S431,87
S432,87
S434,87
S435,87
S460,87
S461,87
S462,87
S463,87
S467,87
S468,87
S497,87
S498,87
S500,87
S501,87
S507,87
S508,87
S509,87
S510,87
S517,87
S518,87
S519,87
S5200,87
S5201,87
S5210,87
S5211,87
S5220,87
S5221,87
S5230,87
S5231,87
S5240,87
S5241,87
S525,87
S5250,87
S5251,87
S5260,87
S5261,87
S5270,87
S5280,87
S600,87
S601,87
S602,87
S607,87
S608,87
S609,87
S610,87
S611,87
S617,87
S618,87
S619,87
S620,87
S6200,87
S6201,87
S6210,87
S6211,87
S6220,87
S6230,87
S6231,87
S624,87
S6240,87
S625,87
S6250,87
S6251,87
S6260,87
S6261,87
S6270,87
S6271,87
S6280,87
S700,87
S701,87
S707,87
S708,87
S709,87
S710,87
S711,87
S717,87
S7200,87
S7210,87
S722,87
S7220,87
S7230,87
S7231,87
S724,87
S7240,87
S7241,87
S7280,87
S7290,87
S730,87
S798,87
S800,87
S801,87
S807,87
S808,87
S809,87
S810,87
S817,87
S818,87
S819,87
S820,87
S8200,87
S8210,87
S8211,87
S8220,87
S8230,87
S8231,87
S8240,87
S8241,87
S8250,87
S8251,87
S826,87
S8260,87
S8261,87
S8270,87
S828,87
S8280,87
S8281,87
S830,87
S831,87
S832,87
S833,87
S898,87
S900,87
S901,87
S902,87
S903,87
S907,87
S908,87
S909,87
S910,87
S911,87
S912,87
S913,87
S917,87
S9200,87
S9210,87
S9211,87
S9220,87
S9230,87
S9231,87
S9240,87
S9241,87
S925,87
S9250,87
S9251,87
S927,87
S9270,87
S930,87
S931,87
S932,87
S933,87
S934,87
S935,87
S936,87
S998,87
T001,87
T002,87
T003,87
T006,87
T008,87
T012,87
T013,87
T016,87
T0210,87
T0240,87
T0241,87
T0250,87
T064,87
T090,87
T093,87
T094,87
T098,87
T130,87
T131,87
T134,87
T139,87
T150,87
T151,87
T174,87
T175,87
T178,87
T380,87
T381,87
T383,87
T384,87
T385,87
T387,87
T388,87
T390,87
T391,87
T392,87
T393,87
T398,87
T420,87
T421,87
T422,87
T423,87
T424,87
T425,87
T426,87
T427,87
T428,87
T430,87
T431,87
T432,87
T433,87
T434,87
T435,87
T436,87
T438,87
T450,87
T451,87
T452,87
T454,87
T455,87
T456,87
T458,87
T460,87
T461,87
T463,87
T464,87
T465,87
T466,87
T467,87
T469,87
T470,87
T471,87
T472,87
T474,87
T475,87
T476,87
T500,87
T501,87
T502,87
T503,87
T504,87
T505,87
T506,87
T508,87
T509,87
T568,87
T66X,87
T68X,87
T740,87
T741,87
T749,87
T780,87
T781,87
T782,87
T783,87
T788,87
T791,87
T793,87
T795,87
T796,87
T797,87
T798,87
T801,87
T805,87
T808,87
T810,87
T811,87
T813,87
T814,87
T817,87
T818,87
T820,87
T821,87
T822,87
T823,87
T824,87
T825,87
T826,87
T827,87
T828,87
T829,87
T830,87
T831,87
T832,87
T833,87
T834,87
T835,87
T836,87
T838,87
T839,87
T840,87
T841,87
T842,87
T843,87
T844,87
T845,87
T846,87
T847,87
T848,87
T849,87
T850,87
T852,87
T853,87
T854,87
T855,87
T856,87
T857,87
T858,87
T859,87
T860,87
T861,87
T868,87
T874,87
T875,87
T876,87
T881,87
T884,87
T885,87
T886,87
T887,87
T888,87
T900,87
T901,87
T902,87
T903,87
T904,87
T905,87
T908,87
T909,87
T910,87
T911,87
T912,87
T913,87
T915,87
T918,87
T919,87
T920,87
T921,87
T922,87
T923,87
T925,87
T926,87
T928,87
T929,87
T930,87
T931,87
T932,87
T933,87
T934,87
T935,87
T936,87
T938,87
T939,87
T980,87
T981,87
T983,87
U071,87
U072,87
Z030,87
Z21X,87
Z431,87
Z466,87
Z515,87
Z602,87
Z614,87
Z738,87
Z740,87
Z741,87
Z742,87
Z748,87
Z749,87
Z750,87
Z751,87
Z753,87
Z754,87
Z755,87
Z860,87
Z867,87
Z870,87
Z871,87
Z874,87
Z876,87
Z921,87
Z923,87
Z930,87
Z931,87
Z932,87
Z933,87
Z934,87
Z935,87
Z936,87
Z938,87
Z939,87
Z940,87
Z941,87
Z942,87
Z944,87
Z946,87
Z947,87
Z948,87
Z949,87
Z950,87
Z951,87
Z952,87
Z953,87
Z954,87
Z955,87
Z958,87
Z990,87
Z991,87
Z992,87
Z993,87
Z998,87
Z999,87
E228,81
E229,81
