A047,104
A080,104
A081,104
A083,104
A084,104
A085,104
A090,104
A099,104
A150,104
A151,104
A152,104
A153,104
A154,104
A156,104
A157,104
A160,104
A162,104
A163,104
A165,104
A169,104
A170,104
A178,104
A180,104
A182,104
A183,104
A190,104
A191,104
A199,104
A208,104
A280,104
A281,104
A310,104
A318,104
A328,104
A35X,104
A390,104
A394,104
A398,104
A399,104
A400,104
A401,104
A402,104
A403,104
A408,104
A409,104
A410,104
A411,104
A412,104
A414,104
A415,104
A418,104
A419,104
A480,104
A483,104
A490,104
A491,104
A492,104
A493,104
A498,104
A521,104
A523,104
A630,104
A748,104
A810,104
A812,104
A850,104
A858,104
A86X,104
A870,104
A878,104
A879,104
A881,104
A888,104
A920,104
A971,104
A979,104
B004,104
B010,104
B011,104
B012,104
B018,104
B019,104
B020,104
B022,104
B023,104
B027,104
B028,104
B029,104
B171,104
B180,104
B181,104
B182,104
B188,104
B203,104
B204,104
B206,104
B209,104
B213,104
B220,104
B227,104
B232,104
B24X,104
B351,104
B370,104
B371,104
B372,104
B373,104
B374,104
B377,104
B378,104
B379,104
B441,104
B448,104
B450,104
B470,104
B479,104
B481,104
B59X,104
B950,104
B951,104
B952,104
B953,104
B954,104
B955,104
B956,104
B957,104
B958,104
B961,104
B962,103
B964,104
B965,104
B968,104
C000,104
C01X,104
C022,104
C028,104
C029,104
C030,104
C031,104
C051,104
C060,104
C062,104
C07X,104
C090,104
C091,104
C099,104
C109,104
C112,104
C12X,104
C130,104
C140,104
C160,104
C161,104
C162,104
C163,104
C164,104
C165,104
C166,104
C168,104
C169,104
C170,104
C171,104
C180,104
C183,104
C184,104
C185,104
C186,104
C188,104
C19X,104
C220,104
C221,104
C222,104
C229,104
C241,104
C251,104
C252,104
C257,104
C258,104
C268,104
C310,104
C313,104
C320,104
C321,104
C322,104
C323,104
C329,104
C340,104
C341,104
C342,104
C343,104
C348,104
C349,104
C400,104
C402,104
C410,104
C412,104
C460,104
C490,104
C491,104
C492,104
C493,104
C494,104
C495,104
C496,104
C498,104
C499,104
C500,104
C501,104
C502,104
C503,104
C504,104
C505,104
C506,104
C508,104
C509,104
C511,104
C519,104
C52X,104
C530,104
C539,104
C541,104
C542,104
C543,104
C548,104
C549,104
C55X,104
C578,104
C600,104
C601,104
C609,104
C64X,104
C66X,104
C670,104
C671,104
C672,104
C673,104
C674,104
C675,104
C676,104
C677,104
C678,104
C679,104
C680,104
C688,104
C700,104
C709,104
C710,104
C711,104
C712,104
C713,104
C714,104
C716,104
C718,104
C719,104
C723,104
C740,104
C749,104
C751,104
C760,104
C761,104
C762,104
C763,104
C765,104
C767,104
C780,104
C781,104
C782,104
C784,104
C785,104
C786,104
C787,104
C788,104
C790,104
C791,104
C792,104
C793,104
C794,104
C795,104
C811,104
C812,104
C814,104
C820,104
C821,104
C822,104
C823,104
C824,104
C826,104
C827,104
C829,104
C830,104
C831,104
C833,104
C835,104
C837,104
C839,104
C846,104
C847,104
C848,104
C851,104
C852,104
C857,104
C859,104
C860,104
C861,104
C865,104
C866,104
C880,104
C884,104
C910,104
C911,104
C913,104
C914,104
C915,104
C917,104
C919,104
C920,104
C921,104
C922,104
C924,104
C925,104
C928,104
C930,104
C931,104
C944,104
C950,104
C959,104
C965,104
C966,104
D000,104
D001,104
D010,104
D013,104
D017,104
D020,104
D074,104
D075,104
D090,104
D091,104
D093,104
D107,104
D166,104
D168,104
D180,104
D300,104
D303,104
D320,104
D321,104
D329,104
D330,104
D331,104
D332,104
D333,104
D334,104
D339,104
D352,104
D355,104
D361,104
D371,104
D372,104
D374,104
D375,104
D376,104
D377,104
D384,104
D390,104
D391,104
D392,104
D400,104
D411,104
D413,104
D414,104
D421,104
D429,104
D430,104
D431,104
D432,104
D434,104
D443,104
D444,104
D445,104
D461,104
D462,104
D464,104
D465,104
D466,104
D467,104
D469,104
D472,104
D477,104
D482,104
D500,104
D501,104
D508,104
D509,104
D510,104
D511,104
D513,104
D519,104
D521,104
D528,104
D529,104
D531,104
D539,104
D550,104
D552,104
D560,104
D561,104
D562,104
D563,104
D564,104
D568,104
D569,104
D570,104
D571,104
D572,104
D573,104
D580,104
D581,104
D582,104
D588,104
D589,104
D591,104
D593,104
D594,104
D595,104
D596,104
D599,104
D600,104
D608,104
D609,104
D610,104
D611,104
D612,104
D613,104
D618,104
D619,104
D62X,104
D630,104
D638,104
D643,104
D648,104
D649,104
D683,104
D70X,104
E031,104
E032,104
E034,104
E038,104
E039,104
E101,104
E102,104
E103,104
E104,104
E105,104
E106,104
E110,104
E111,104
E112,104
E113,104
E114,104
E115,104
E116,104
E117,104
E135,104
E145,104
E160,104
E161,104
E162,104
E212,104
E214,104
E222,104
E282,104
E538,104
E660,104
E661,104
E662,104
E668,103
E669,104
E700,104
E701,104
E702,104
E703,104
E710,104
E711,104
E713,104
E720,104
E721,104
E722,104
E723,104
E724,104
E728,104
E739,104
E740,104
E741,104
E742,104
E743,104
E748,104
E760,104
E761,104
E762,104
E763,104
E790,104
E798,104
E800,104
E835,104
E840,104
E841,104
E848,104
E849,104
E850,104
E851,104
E858,104
E86X,104
E870,104
E871,104
E872,104
E875,103
E876,104
E877,104
F000,104
F001,104
F002,104
F009,104
F011,104
F012,104
F013,104
F019,104
F020,104
F021,104
F022,104
F023,104
F028,104
F03X,104
F050,104
F051,104
F058,104
F059,104
F067,104
F101,104
F103,104
F181,104
F228,104
F232,104
F28X,104
F310,104
F311,104
F312,104
F313,104
F314,104
F315,104
F316,104
F317,104
F318,104
F319,104
F320,104
F321,104
F322,104
F323,104
F328,104
F329,104
F332,104
F333,104
F334,104
F338,104
F339,104
F340,104
F401,104
F410,104
F411,104
F412,104
F413,104
F418,104
F419,104
F420,104
F429,104
F431,104
F438,104
F448,104
F450,104
F500,104
F501,104
F502,104
F505,104
F508,104
F509,104
F515,104
F728,104
F800,104
F801,104
F802,104
F803,104
F808,104
F809,104
F810,104
F818,104
F819,104
F82X,104
F83X,104
F840,102
F841,104
F842,104
F845,104
F848,104
F849,104
F89X,104
F900,104
F909,104
F913,104
F919,104
F928,104
F929,104
F930,104
F932,104
F940,104
F942,104
G001,104
G002,104
G003,104
G008,104
G009,104
G01X,104
G020,104
G038,104
G039,104
G040,104
G041,104
G048,104
G049,104
G050,104
G051,104
G058,104
G060,104
G061,104
G062,104
G07X,104
G08X,104
G122,104
G20X,104
G300,104
G301,104
G308,104
G309,104
G310,104
G311,104
G312,104
G318,104
G319,104
G320,104
G372,104
G373,104
G400,104
G401,104
G402,104
G403,104
G404,104
G405,104
G406,104
G407,104
G408,104
G409,104
G450,104
G453,104
G454,104
G458,104
G459,104
G510,104
G550,104
G610,104
G618,104
G619,104
G620,104
G621,104
G622,104
G628,104
G629,104
G631,104
G632,104
G633,104
G634,104
G635,104
G638,104
G800,104
G801,104
G802,104
G803,104
G804,104
G808,104
G809,104
G820,104
G821,104
G822,104
G824,104
G825,104
G830,104
G834,104
G930,104
G933,104
G934,104
G950,104
G951,104
G952,104
G992,104
H100,104
H101,104
H103,104
H104,104
H105,104
H108,104
H109,104
H260,104
H261,104
H262,104
H263,104
H264,104
H268,104
H269,104
H353,104
H400,104
H401,104
H402,104
H403,104
H404,104
H405,104
H406,104
H408,104
H409,104
H540,104
H541,104
H542,104
H544,104
H545,104
H546,104
H690,104
H910,104
H911,104
H912,104
H913,104
H918,104
I011,104
I050,104
I051,104
I052,104
I058,104
I059,104
I060,104
I071,104
I078,104
I079,104
I080,104
I081,104
I082,104
I083,104
I088,104
I089,104
I090,104
I098,104
I110,104
I120,104
I130,104
I132,104
I150,104
I152,104
I159,104
I200,104
I210,104
I211,104
I212,104
I213,104
I214,104
I219,104
I220,104
I221,104
I229,104
I250,104
I251,104
I252,104
I253,104
I254,104
I255,104
I256,104
I258,104
I259,104
I260,104
I269,104
I270,104
I330,104
I339,104
I340,104
I341,104
I342,104
I348,104
I349,104
I350,104
I351,104
I352,104
I358,104
I359,104
I361,104
I370,104
I371,104
I379,104
I38X,104
I420,104
I440,104
I447,104
I460,104
I471,104
I472,104
I480,104
I481,104
I482,104
I483,104
I484,104
I489,104
I500,104
I501,104
I509,104
I511,104
I512,104
I517,104
I600,104
I601,104
I602,104
I609,104
I610,104
I611,104
I612,104
I613,104
I614,104
I615,104
I616,104
I618,104
I619,104
I620,104
I629,104
I630,104
I631,104
I632,104
I633,104
I634,104
I635,104
I636,104
I638,104
I639,104
I64X,104
I650,104
I652,104
I653,104
I660,104
I661,104
I662,104
I663,104
I668,104
I669,104
I670,104
I671,104
I672,104
I674,104
I675,104
I677,104
I678,104
I679,104
I680,104
I690,104
I691,104
I692,104
I693,104
I694,104
I698,104
I700,104
I7000,104
I7001,104
I701,104
I7010,104
I7011,104
I7020,104
I7021,104
I708,104
I7080,104
I7081,104
I710,104
I711,104
I712,104
I713,104
I714,104
I716,104
I718,104
I719,104
I723,104
I725,104
I726,104
I728,104
I730,104
I731,104
I738,104
I739,104
I740,104
I741,104
I742,104
I743,104
I744,104
I745,104
I748,104
I772,104
I776,104
I778,104
I788,104
I801,104
I802,104
I820,104
I830,104
I832,104
I868,104
I890,104
I950,104
I951,104
I952,104
I958,104
I959,103
I971,104
J020,104
J028,104
J029,103
J030,104
J038,104
J039,104
J060,104
J068,104
J09X,104
J100,104
J101,104
J108,104
J110,104
J111,104
J118,104
J121,104
J122,104
J123,104
J128,104
J129,104
J13X,104
J14X,104
J150,104
J151,104
J152,104
J153,104
J154,104
J155,104
J156,104
J157,104
J158,104
J159,104
J168,104
J171,104
J172,104
J173,104
J180,104
J181,104
J182,104
J189,104
J202,104
J205,104
J208,104
J209,104
J210,104
J211,104
J218,104
J219,104
J22X,104
J323,104
J40X,104
J410,104
J42X,104
J440,104
J441,104
J450,104
J451,104
J458,104
J459,101
J47X,104
J680,104
J684,104
J690,104
J698,104
J81X,104
J841,104
J850,104
J851,104
J852,104
J860,104
J869,104
J90X,104
J91X,104
J930,104
J931,104
J938,104
J939,104
J940,104
J942,104
J948,104
J960,104
J9600,104
J9601,104
J9609,104
J961,104
J9610,104
J9611,104
J9619,104
J969,104
J9690,104
J9691,104
J9699,104
J981,104
K20X,104
K210,104
K221,104
K290,104
K291,104
K292,104
K293,104
K294,104
K295,104
K296,104
K297,104
K298,104
K30X,104
K440,104
K441,104
K449,104
K520,104
K521,104
K522,104
K523,104
K528,104
K529,104
K563,104
K564,104
K565,104
K566,104
K570,104
K571,104
K572,104
K573,104
K574,104
K575,104
K578,104
K579,104
K590,104
K623,104
K625,104
K628,104
K650,104
K658,104
K659,104
K660,104
K700,104
K701,104
K702,104
K703,104
K704,104
K709,104
K711,104
K717,104
K720,104
K721,104
K729,104
K738,104
K740,104
K743,104
K744,104
K745,104
K746,104
K750,104
K754,104
K758,104
K761,104
K763,104
K766,104
K767,104
K768,104
K800,104
K801,104
K802,104
K850,104
K851,104
K852,104
K853,104
K858,104
K859,104
K920,104
K921,104
K922,104
L022,104
L030,104
L031,104
L032,104
L033,104
L038,104
L039,104
L080,104
L081,104
L088,104
L089,104
L300,104
L301,104
L303,104
L304,104
L308,104
L309,103
L405,104
L530,104
L538,104
L539,104
L890,104
L891,104
L892,104
L893,104
L899,104
L97X,104
M0001,104
M0003,104
M0004,104
M0005,104
M0006,104
M0007,104
M0021,104
M0023,104
M0024,104
M0025,104
M0026,104
M0027,104
M0081,104
M0086,104
M009,104
M0090,104
M0091,104
M0092,104
M0093,104
M0094,104
M0095,104
M0096,104
M0097,104
M0186,104
M060,104
M0600,104
M0604,104
M0605,104
M0606,104
M0608,104
M0609,104
M061,104
M0610,104
M063,104
M0630,104
M0634,104
M064,104
M0640,104
M0644,104
M0646,104
M0649,104
M068,104
M100,104
M1000,104
M1002,104
M1003,104
M1004,104
M1006,104
M1007,104
M1008,104
M1009,104
M102,104
M1035,104
M104,104
M109,104
M1090,104
M1092,104
M1093,104
M1094,104
M1096,104
M1097,104
M1098,104
M1099,104
M142,104
M143,104
M145,104
M146,104
M148,104
M150,104
M151,104
M152,104
M154,104
M158,104
M159,104
M160,104
M162,104
M163,104
M166,104
M169,104
M170,104
M171,104
M173,104
M174,104
M175,104
M179,104
M180,104
M182,104
M183,104
M189,104
M190,104
M1901,104
M1904,104
M1907,104
M1911,104
M1913,104
M1915,104
M1917,104
M192,104
M1920,104
M1921,104
M1927,104
M198,104
M1982,104
M1987,104
M199,104
M1990,104
M1991,104
M1992,104
M1993,104
M1994,104
M1995,104
M1997,104
M1998,104
M1999,104
M350,104
M353,104
M45X,104
M45X0,104
M45X2,104
M45X6,104
M45X7,104
M45X8,104
M45X9,104
M462,104
M4622,104
M4624,104
M4626,104
M4628,104
M4632,104
M4634,104
M4636,104
M464,104
M4640,104
M4642,104
M4644,104
M4646,104
M4647,104
M4650,104
M4656,104
M4657,104
M4658,104
M4710,104
M4712,104
M4716,104
M4717,104
M472,104
M4720,104
M4722,104
M4726,104
M4727,104
M4728,104
M478,104
M4780,104
M4782,104
M4783,104
M4784,104
M4785,104
M4786,104
M4787,104
M4788,104
M4789,104
M479,104
M4790,104
M4791,104
M4792,104
M4793,104
M4794,104
M4795,104
M4796,104
M4797,104
M4799,104
M484,104
M4840,104
M4844,104
M4845,104
M4846,104
M4848,104
M490,104
M4900,104
M4902,104
M4904,104
M4906,104
M500,104
M541,104
M5410,104
M5412,104
M5413,104
M5414,104
M5415,104
M5416,104
M5417,104
M5418,104
M5419,104
M542,104
M5421,104
M5422,104
M5423,104
M543,104
M5430,104
M5435,104
M5436,104
M5437,104
M5438,104
M5439,104
M544,104
M5445,104
M5446,104
M5447,104
M5448,104
M545,104
M5450,104
M5455,104
M5456,104
M5457,104
M5458,104
M5459,104
M546,104
M5464,104
M5465,104
M548,104
M5480,104
M5481,104
M5482,104
M5483,104
M5484,104
M5486,104
M5487,104
M5489,104
M549,104
M5490,104
M5494,104
M5495,104
M5496,104
M5497,104
M5498,104
M5499,104
M600,104
M6005,104
M6006,104
M6008,104
M653,104
M654,104
M6543,104
M6544,104
M758,104
M796,104
M7960,104
M7961,104
M7962,104
M7963,104
M7964,104
M7965,104
M7966,104
M7967,104
M798,104
M7980,104
M7981,104
M7982,104
M7983,104
M7984,104
M7985,104
M7986,104
M7987,104
M7988,104
M7989,104
M8040,104
M8048,104
M8080,104
M8085,104
M8086,104
M8088,104
M809,104
M8090,104
M8091,104
M8092,104
M8093,104
M8095,104
M8096,104
M8097,104
M8098,104
M810,104
M8100,104
M812,104
M814,104
M8148,104
M8149,104
M815,104
M8168,104
M818,104
M8180,104
M8185,104
M8188,104
M819,104
M8190,104
M8191,104
M8192,104
M8193,104
M8194,104
M8195,104
M8196,104
M8197,104
M8198,104
M8199,104
M821,104
M8431,104
M8433,104
M8435,104
M8437,104
M8438,104
M8440,104
M8441,104
M8442,104
M8445,104
M8447,104
M8448,104
M8611,104
M8613,104
M8614,104
M8616,104
M8617,104
M863,104
M8648,104
M866,104
M8661,104
M8662,104
M8663,104
M8665,104
M8666,104
M8667,104
M868,104
M8680,104
M8686,104
M8687,104
M869,104
M8690,104
M8691,104
M8692,104
M8694,104
M8695,104
M8696,104
M8697,104
M8698,104
M880,104
M888,104
M8880,104
M8885,104
M8887,104
M8888,104
M889,104
M8890,104
M8895,104
M9003,104
M9070,104
M9071,104
M9072,104
M9073,104
M9075,104
M9076,104
M9078,104
N031,104
N032,104
N039,104
N040,104
N041,104
N043,103
N048,104
N050,104
N051,104
N052,104
N057,104
N058,104
N059,99
N084,104
N085,104
N130,103
N131,104
N132,103
N133,102
N134,104
N135,104
N136,103
N137,104
N138,104
N139,99
N151,104
N170,104
N171,104
N172,104
N179,104
N26X,104
N270,104
N280,104
N300,104
N304,104
N311,104
N312,104
N318,104
N319,104
N321,104
N323,104
N328,104
N360,104
N361,104
N390,104
N430,104
N431,104
N432,104
N433,95
N44X,104
N450,104
N481,103
N482,102
N483,104
N484,104
N485,104
N488,104
N492,104
N498,104
N508,100
N744,104
N760,103
N771,104
N812,104
N813,104
N814,104
N820,104
N930,104
N938,104
N939,104
N948,104
N950,104
N990,104
P050,104
P051,104
P059,104
P070,104
P071,104
P072,104
P073,104
P375,104
P75X,104
Q044,104
Q054,104
Q057,104
Q059,104
Q068,104
Q070,104
Q201,104
Q206,104
Q208,104
Q209,104
Q210,104
Q211,104
Q212,104
Q213,104
Q214,104
Q218,104
Q219,104
Q220,104
Q221,104
Q223,104
Q224,104
Q225,104
Q226,104
Q228,104
Q230,104
Q231,104
Q232,104
Q233,104
Q234,104
Q238,104
Q239,104
Q240,104
Q244,104
Q245,104
Q246,104
Q248,104
Q249,104
Q250,104
Q251,104
Q254,104
Q255,104
Q256,104
Q257,104
Q258,104
Q260,104
Q261,104
Q263,104
Q265,104
Q268,104
Q271,104
Q278,104
Q281,104
Q282,104
Q283,104
Q288,104
Q334,104
Q380,104
Q385,104
Q387,104
Q388,104
Q390,104
Q391,104
Q410,104
Q442,104
Q446,104
Q447,104
Q541,104
Q544,104
Q548,104
Q627,104
Q630,104
Q631,104
Q640,104
Q641,104
Q647,103
Q668,104
Q764,104
Q850,104
Q871,104
Q872,104
Q873,104
Q874,104
Q878,104
Q900,104
Q901,104
Q902,104
Q909,104
Q913,104
Q917,104
Q933,104
Q937,104
Q938,104
Q998,104
R000,104
R001,104
R010,104
R011,104
R02X,104
R030,104
R031,104
R040,104
R042,104
R05X,103
R060,104
R070,104
R071,104
R072,104
R073,104
R074,104
R092,104
R100,104
R101,104
R102,104
R103,103
R104,104
R11X,104
R13X,104
R15X,104
R160,104
R162,104
R17X,104
R18X,103
R190,104
R21X,104
R260,104
R262,104
R263,104
R268,104
R296,104
R300,104
R31X,99
R32X,104
R33X,95
R34X,103
R35X,103
R400,104
R401,104
R402,104
R410,104
R411,104
R412,104
R413,104
R418,104
R440,104
R441,104
R442,104
R443,104
R451,104
R470,104
R482,104
R502,104
R508,104
R509,104
R51X,104
R521,104
R53X,104
R54X,104
R55X,104
R560,104
R568,104
R570,104
R571,104
R572,104
R578,104
R579,104
R590,104
R600,104
R601,104
R609,104
R630,104
R631,103
R634,104
R635,104
R650,104
R651,104
R653,104
R836,104
R91X,104
R938,104
R945,104
S008,104
S090,102
S091,102
S092,102
S097,102
S098,102
S1200,102
S1210,102
S1220,102
S127,102
S1270,102
S1280,102
S1290,102
S131,102
S140,102
S141,102
S220,102
S2200,102
S2210,102
S241,102
S308,104
S312,104
S320,104
S3200,104
S3201,104
S3210,102
S3220,102
S3230,102
S324,102
S3240,102
S325,102
S3250,102
S327,102
S3270,102
S3280,102
S331,104
S341,102
S360,102
S3600,102
S3601,102
S3610,102
S3611,102
S381,102
S390,102
S398,102
S7200,102
S7210,102
S722,102
S7220,102
S7230,102
S7231,102
S724,102
S7240,102
S7241,102
S7280,102
S7290,102
S730,102
S820,102
S8200,102
S8210,102
S8211,102
S8220,102
S8230,102
S8231,102
S8240,102
S8241,102
S8250,102
S8251,102
S826,102
S8260,102
S8261,102
S8270,102
S828,102
S8280,102
S8281,102
S830,102
S831,102
S832,102
S833,102
T0210,102
T0240,102
T0241,102
T0250,102
T064,104
T093,102
T174,104
T175,104
T178,104
T66X,104
T795,102
T810,104
T813,104
T814,104
T818,104
T823,104
T824,104
T825,104
T826,104
T827,104
T828,104
T835,104
T836,104
T840,104
T841,104
T842,104
T843,104
T844,104
T845,104
T856,104
T857,104
T858,104
T860,104
T861,104
T868,104
T913,104
U071,104
U072,104
Z030,104
Z223,104
Z292,104
Z466,104
Z515,104
Z602,104
Z614,104
Z720,104
Z722,104
Z738,104
Z740,104
Z741,104
Z742,104
Z748,104
Z750,104
Z751,104
Z753,104
Z754,104
Z755,104
Z833,104
Z841,104
Z842,104
Z861,104
Z866,104
Z874,100
Z880,104
Z886,104
Z907,104
Z910,104
Z924,104
Z930,104
Z931,104
Z932,104
Z933,104
Z934,104
Z935,104
Z936,104
Z938,104
Z939,104
Z940,104
Z941,104
Z942,104
Z944,104
Z946,104
Z947,104
Z948,104
Z949,104
Z950,104
Z952,104
Z960,104
Z993,104
N049,97
