A009,35
A010,35
A014,35
A020,35
A021,35
A022,35
A028,35
A029,35
A031,35
A033,35
A039,35
A040,35
A042,35
A043,35
A044,35
A045,35
A046,35
A047,35
A048,35
A059,35
A071,35
A072,35
A080,35
A081,35
A083,35
A084,35
A085,35
A090,35
A099,35
A150,35
A151,35
A152,35
A153,35
A154,35
A156,35
A157,35
A160,35
A162,35
A163,35
A165,35
A169,35
A170,35
A178,35
A180,35
A182,35
A183,35
A190,35
A191,35
A199,35
A208,35
A280,35
A281,35
A310,35
A311,35
A318,35
A319,35
A328,35
A35X,35
A370,35
A379,35
A390,35
A394,35
A398,35
A399,35
A400,35
A401,35
A402,35
A403,35
A408,35
A409,35
A410,35
A411,35
A412,35
A414,35
A415,35
A418,35
A419,35
A480,35
A483,35
A490,35
A491,35
A492,35
A493,35
A498,35
A521,35
A523,35
A748,35
A810,35
A812,35
A850,35
A858,35
A86X,35
A870,35
A878,35
A879,35
A881,35
A888,35
A920,35
A971,35
A979,35
B000,35
B001,35
B002,35
B004,35
B005,35
B008,35
B009,35
B010,35
B011,35
B012,35
B018,35
B019,35
B020,35
B022,35
B023,35
B027,35
B028,35
B029,35
B059,35
B159,35
B169,35
B171,35
B172,35
B178,35
B179,35
B180,35
B181,35
B182,35
B188,35
B189,35
B199,35
B203,35
B204,35
B206,35
B209,35
B213,35
B220,35
B227,35
B232,35
B24X,35
B250,35
B251,35
B258,35
B259,35
B270,35
B271,35
B279,35
B348,35
B351,35
B370,35
B371,35
B372,35
B373,35
B374,35
B377,35
B378,35
B379,35
B440,35
B441,35
B448,35
B449,35
B450,35
B470,35
B479,35
B481,35
B488,35
B49X,35
B508,35
B509,35
B519,35
B54X,35
B573,35
B59X,35
B950,35
B951,35
B952,35
B953,35
B954,35
B955,35
B956,35
B957,35
B958,35
B960,35
B961,35
B962,35
B963,35
B964,35
B965,35
B966,35
B967,35
B968,35
B971,35
B972,35
B974,35
B976,35
B977,35
B978,35
C000,35
C01X,35
C022,35
C028,35
C029,35
C030,35
C031,35
C051,35
C060,35
C062,35
C069,35
C07X,35
C089,35
C090,35
C091,35
C099,35
C109,35
C112,35
C119,35
C12X,35
C130,35
C139,35
C140,35
C150,35
C153,35
C154,35
C155,35
C158,35
C159,35
C160,35
C161,35
C162,35
C163,35
C164,35
C165,35
C166,35
C168,35
C169,35
C170,35
C171,35
C172,35
C179,35
C180,35
C181,35
C182,35
C183,35
C184,35
C185,35
C186,35
C187,35
C188,35
C189,35
C19X,35
C20X,35
C210,35
C211,35
C218,35
C220,35
C221,35
C222,35
C229,35
C23X,35
C240,35
C241,35
C249,35
C250,35
C251,35
C252,35
C253,35
C257,35
C258,35
C259,35
C260,35
C268,35
C269,35
C300,35
C310,35
C313,35
C319,35
C320,35
C321,35
C322,35
C323,35
C329,35
C33X,35
C340,35
C341,35
C342,35
C343,35
C348,35
C349,35
C37X,35
C383,35
C400,35
C402,35
C410,35
C411,35
C412,35
C413,35
C414,35
C430,35
C431,35
C432,35
C433,35
C434,35
C435,35
C436,35
C437,35
C439,35
C440,35
C441,35
C442,35
C443,35
C444,35
C445,35
C446,35
C447,35
C449,35
C450,35
C451,35
C459,35
C460,35
C480,35
C481,35
C482,35
C490,35
C491,35
C492,35
C493,35
C494,35
C495,35
C496,35
C498,35
C499,35
C500,35
C501,35
C502,35
C503,35
C504,35
C505,35
C506,35
C508,35
C509,35
C511,35
C519,35
C52X,35
C530,35
C539,35
C541,35
C542,35
C543,35
C548,35
C549,35
C55X,35
C56X,35
C570,35
C578,35
C579,35
C600,35
C601,35
C609,35
C61X,35
C621,35
C629,35
C632,35
C64X,35
C65X,35
C66X,35
C670,35
C671,35
C672,35
C673,35
C674,35
C675,35
C676,35
C677,35
C678,35
C679,35
C680,35
C688,35
C689,35
C690,35
C692,35
C693,35
C694,35
C696,35
C700,35
C709,35
C710,35
C711,35
C712,35
C713,35
C714,35
C716,35
C718,35
C719,35
C723,35
C73X,35
C740,35
C749,35
C751,35
C755,35
C760,35
C761,35
C762,35
C763,35
C765,35
C767,35
C770,35
C771,35
C772,35
C773,35
C774,35
C775,35
C778,35
C779,35
C780,35
C781,35
C782,35
C783,35
C784,35
C785,35
C786,35
C787,35
C788,35
C790,35
C791,35
C792,35
C793,35
C794,35
C795,35
C796,35
C797,35
C798,35
C800,35
C810,35
C811,35
C812,35
C814,35
C817,35
C819,35
C820,35
C821,35
C822,35
C823,35
C824,35
C826,35
C827,35
C829,35
C830,35
C831,35
C833,35
C835,35
C837,35
C839,35
C840,35
C844,35
C846,35
C847,35
C848,35
C851,35
C852,35
C857,35
C859,35
C860,35
C861,35
C865,35
C866,35
C880,35
C884,35
C900,35
C902,35
C910,35
C911,35
C913,35
C914,35
C915,35
C917,35
C919,35
C920,35
C921,35
C922,35
C924,35
C925,35
C928,35
C930,35
C931,35
C944,35
C946,35
C950,35
C959,35
C965,35
C966,35
C97X,35
D000,35
D001,35
D010,35
D013,35
D017,35
D020,35
D075,35
D090,35
D091,35
D093,35
D107,35
D166,35
D168,35
D180,35
D250,35
D251,35
D252,35
D259,35
D300,35
D303,35
D320,35
D321,35
D329,35
D330,35
D331,35
D332,35
D333,35
D334,35
D339,35
D352,35
D355,35
D361,35
D371,35
D372,35
D374,35
D375,35
D376,35
D377,35
D384,35
D390,35
D391,35
D392,35
D400,35
D411,35
D413,35
D414,35
D421,35
D429,35
D430,35
D431,35
D432,35
D434,35
D443,35
D444,35
D445,35
D45X,35
D461,35
D462,35
D464,35
D465,35
D466,35
D467,35
D469,35
D473,35
D477,35
D482,35
D500,35
D501,35
D508,33
D509,27
D510,35
D511,35
D513,35
D519,35
D521,35
D528,35
D529,35
D531,35
D539,35
D550,34
D552,35
D560,35
D561,35
D562,35
D563,35
D564,35
D568,35
D569,35
D570,22
D571,29
D572,35
D573,35
D580,35
D581,35
D582,34
D588,35
D589,34
D591,34
D593,35
D594,35
D595,35
D596,35
D600,35
D608,35
D609,35
D610,35
D611,35
D612,35
D613,35
D618,35
D619,35
D62X,35
D630,35
D638,35
D643,35
D648,35
D649,34
D65X,35
D66X,35
D67X,35
D680,35
D681,35
D682,35
D683,35
D684,35
D685,35
D686,35
D688,35
D689,35
D690,35
D691,35
D692,35
D693,35
D694,35
D695,35
D696,35
D698,35
D699,35
D70X,33
D761,35
D763,35
D801,35
D802,35
D803,35
D804,35
D805,35
D806,35
D808,35
D811,35
D813,35
D818,35
D819,35
D820,35
D821,35
D824,35
D828,35
D830,35
D838,35
D839,35
D860,35
D861,35
D862,35
D863,35
D868,35
D869,35
E009,35
E031,35
E032,35
E034,35
E038,35
E039,35
E040,35
E041,35
E042,35
E049,35
E050,35
E051,35
E052,35
E054,35
E058,35
E059,35
E101,35
E102,35
E103,35
E104,35
E105,35
E106,35
E109,35
E110,35
E111,35
E112,35
E113,35
E114,35
E115,35
E116,35
E117,35
E119,35
E128,35
E131,35
E133,35
E134,35
E135,35
E136,35
E138,35
E139,35
E141,35
E142,35
E143,35
E144,35
E145,35
E146,35
E148,35
E149,35
E160,35
E161,35
E162,35
E201,35
E208,35
E209,35
E210,35
E211,35
E212,35
E213,35
E214,35
E215,35
E220,35
E221,35
E222,35
E228,35
E229,35
E230,35
E231,35
E232,35
E233,35
E236,35
E237,35
E240,35
E242,35
E243,35
E248,35
E249,35
E250,35
E260,35
E261,35
E268,35
E269,35
E270,35
E271,35
E272,35
E273,35
E274,35
E275,35
E278,35
E279,35
E320,35
E328,35
E41X,35
E538,35
E559,35
E660,35
E661,35
E662,35
E668,35
E669,35
E700,35
E701,35
E702,35
E703,35
E710,35
E711,35
E713,35
E720,35
E721,35
E722,35
E723,35
E724,35
E728,35
E739,35
E740,35
E741,35
E742,35
E743,35
E748,35
E751,35
E752,35
E755,35
E760,35
E761,35
E762,35
E763,35
E780,35
E781,35
E782,35
E784,35
E785,35
E790,35
E798,35
E800,35
E830,35
E834,35
E835,35
E838,35
E840,35
E841,35
E848,35
E849,35
E850,35
E851,35
E858,35
E86X,35
E870,35
E871,35
E872,35
E875,35
E876,35
E877,35
E878,35
E880,35
F000,35
F001,35
F002,35
F009,35
F011,35
F012,35
F013,35
F019,35
F020,35
F021,35
F022,35
F023,35
F028,35
F03X,35
F050,35
F051,35
F058,35
F059,35
F067,35
F070,35
F072,35
F101,35
F102,35
F112,35
F171,35
F172,35
F181,35
F200,35
F202,35
F204,35
F209,35
F21X,35
F220,35
F228,35
F229,35
F230,35
F232,35
F233,35
F239,35
F28X,35
F310,35
F311,35
F312,35
F313,35
F314,35
F315,35
F316,35
F317,35
F318,35
F319,35
F320,35
F321,35
F322,35
F323,35
F328,35
F329,35
F332,35
F333,35
F334,35
F338,35
F339,35
F340,35
F341,35
F348,35
F349,35
F401,35
F402,35
F410,35
F411,35
F412,35
F413,35
F418,35
F419,35
F420,35
F429,35
F430,35
F431,35
F432,35
F438,35
F439,35
F440,35
F444,35
F445,35
F447,35
F448,35
F449,35
F450,35
F452,35
F453,35
F454,35
F458,35
F459,35
F500,35
F501,35
F502,35
F505,35
F508,35
F509,35
F515,35
F700,35
F709,35
F711,35
F719,35
F721,35
F728,35
F729,35
F739,35
F781,35
F789,35
F800,35
F801,35
F802,35
F803,35
F808,35
F809,35
F810,35
F818,35
F819,35
F82X,35
F83X,35
F840,35
F841,35
F842,35
F845,35
F848,35
F849,35
F89X,35
F900,35
F909,35
F913,35
F919,35
F928,35
F929,35
F930,35
F932,35
F940,35
F942,35
G001,35
G002,35
G003,35
G008,35
G009,35
G01X,35
G020,35
G038,35
G039,35
G040,35
G041,35
G048,35
G049,35
G050,35
G051,35
G058,35
G060,35
G061,35
G062,35
G07X,35
G08X,35
G09X,35
G10X,35
G111,35
G112,35
G114,35
G118,35
G119,35
G120,35
G121,35
G122,35
G128,35
G129,35
G131,35
G20X,35
G210,35
G211,35
G214,35
G219,35
G230,35
G231,35
G232,35
G233,35
G238,35
G239,35
G240,35
G241,35
G243,35
G244,35
G245,35
G248,35
G249,35
G250,35
G251,35
G252,35
G253,35
G255,35
G258,35
G259,35
G300,35
G301,35
G308,35
G309,35
G310,35
G311,35
G312,35
G318,35
G319,35
G320,35
G328,35
G35X,35
G360,35
G372,35
G373,35
G378,35
G379,35
G400,35
G401,35
G402,35
G403,35
G404,35
G405,35
G406,35
G407,35
G408,35
G409,35
G410,35
G411,35
G412,35
G418,35
G419,35
G430,35
G431,35
G432,35
G433,35
G438,35
G439,35
G464,35
G473,35
G550,35
G590,35
G610,35
G618,35
G619,35
G620,35
G621,35
G622,35
G628,35
G629,35
G631,35
G632,35
G633,35
G634,35
G635,35
G638,35
G700,35
G702,35
G708,35
G709,35
G710,35
G711,35
G712,35
G713,35
G720,35
G721,35
G724,35
G728,35
G729,35
G730,35
G731,35
G732,35
G737,35
G800,35
G801,35
G802,35
G803,35
G804,35
G808,35
G809,35
G810,35
G811,35
G819,35
G820,35
G821,35
G822,35
G824,35
G825,35
G830,35
G831,35
G832,35
G834,35
G835,35
G838,35
G839,35
G900,35
G901,35
G902,35
G904,35
G908,35
G909,35
G910,35
G911,35
G912,35
G913,35
G918,35
G919,35
G930,35
G931,35
G932,35
G933,35
G934,35
G935,35
G936,35
G938,35
G950,35
G951,35
G952,35
G992,35
H050,35
H053,35
H100,35
H101,35
H103,35
H104,35
H105,35
H108,35
H109,35
H113,35
H171,35
H178,35
H179,35
H200,35
H201,35
H208,35
H209,35
H210,35
H215,35
H250,35
H251,35
H258,35
H259,35
H260,35
H261,35
H262,35
H263,35
H264,35
H268,35
H269,35
H302,35
H309,35
H311,35
H330,35
H332,35
H333,35
H335,35
H351,35
H353,35
H368,35
H400,35
H401,35
H402,35
H403,35
H404,35
H405,35
H406,35
H408,35
H409,35
H431,35
H440,35
H441,35
H444,35
H46X,35
H470,35
H476,35
H477,35
H530,35
H531,35
H532,35
H533,35
H534,35
H535,35
H536,35
H538,35
H539,35
H540,35
H541,35
H542,35
H544,35
H545,35
H546,35
H600,35
H601,35
H602,35
H603,35
H604,35
H605,35
H608,35
H609,35
H612,35
H660,35
H661,35
H662,35
H663,35
H664,35
H669,35
H690,35
H901,35
H903,35
H904,35
H905,35
H906,35
H907,35
H910,35
H911,35
H912,35
H913,35
H918,35
H931,35
I00X,35
I011,35
I019,35
I020,35
I050,35
I051,35
I052,35
I058,35
I059,35
I060,35
I071,35
I078,35
I079,35
I080,35
I081,35
I082,35
I083,35
I088,35
I089,35
I090,35
I098,35
I10X,35
I110,35
I119,35
I120,35
I129,35
I130,35
I131,35
I132,35
I139,35
I150,35
I152,35
I159,35
I200,35
I201,35
I208,35
I209,35
I210,35
I211,35
I212,35
I213,35
I214,35
I219,35
I231,35
I240,35
I241,35
I248,35
I249,35
I250,35
I251,35
I252,35
I253,35
I254,35
I255,35
I256,35
I258,35
I259,35
I260,35
I269,35
I270,35
I272,35
I278,35
I279,35
I288,35
I301,35
I309,35
I311,35
I312,35
I313,35
I319,35
I330,35
I339,35
I340,35
I341,35
I342,35
I348,35
I349,35
I350,35
I351,35
I352,35
I358,35
I359,35
I361,35
I370,35
I371,35
I379,35
I38X,35
I420,35
I421,35
I422,35
I423,35
I424,35
I425,35
I426,35
I427,35
I428,35
I429,35
I431,35
I438,35
I440,35
I442,35
I444,35
I445,35
I446,35
I447,35
I450,35
I451,35
I460,35
I461,35
I469,35
I470,35
I471,35
I472,35
I479,35
I480,35
I481,35
I482,35
I483,35
I484,35
I489,35
I490,35
I491,35
I492,35
I493,35
I494,35
I495,35
I498,35
I499,35
I500,35
I501,35
I509,35
I511,35
I512,35
I513,35
I517,35
I518,35
I600,35
I601,35
I602,35
I609,35
I610,35
I611,35
I612,35
I613,35
I614,35
I615,35
I616,35
I618,35
I619,35
I620,35
I629,35
I630,35
I631,35
I632,35
I633,35
I634,35
I635,35
I636,35
I638,35
I639,35
I64X,35
I650,35
I652,35
I653,35
I660,35
I661,35
I662,35
I663,35
I668,35
I669,35
I670,35
I671,35
I672,35
I674,35
I675,35
I677,35
I678,35
I679,35
I680,35
I690,35
I691,35
I692,35
I693,35
I694,35
I698,35
I700,35
I7000,35
I7001,35
I7020,35
I7021,35
I708,35
I7080,35
I7081,35
I710,35
I711,35
I712,35
I713,35
I714,35
I716,35
I718,35
I719,35
I723,35
I725,35
I726,35
I728,35
I730,35
I731,35
I738,35
I739,35
I740,35
I741,35
I742,35
I743,35
I744,35
I745,35
I748,35
I749,35
I772,35
I778,35
I788,35
I802,35
I81X,35
I820,35
I822,35
I823,35
I828,35
I829,35
I830,35
I831,35
I832,35
I839,35
I850,35
I859,35
I868,35
I871,35
I890,35
I950,35
I951,35
I952,35
I958,35
I959,35
I971,35
J00X,35
J010,35
J012,35
J014,35
J018,35
J019,35
J020,35
J028,35
J029,35
J030,35
J038,35
J039,35
J040,35
J041,35
J042,35
J050,35
J051,35
J060,35
J068,35
J069,35
J09X,35
J100,35
J101,35
J108,35
J110,35
J111,35
J118,35
J121,35
J122,35
J123,35
J128,35
J129,35
J13X,35
J14X,35
J150,35
J151,35
J152,35
J153,35
J154,35
J155,35
J156,35
J157,35
J158,35
J159,35
J168,35
J171,35
J172,35
J173,35
J180,35
J181,35
J182,35
J189,35
J202,35
J205,35
J208,35
J209,35
J210,35
J211,35
J218,35
J219,35
J22X,35
J320,35
J321,35
J322,35
J323,35
J324,35
J328,35
J329,35
J431,35
J432,35
J438,35
J439,35
J440,35
J441,35
J448,35
J449,35
J450,35
J451,35
J458,35
J459,35
J46X,35
J47X,35
J61X,35
J680,35
J684,35
J690,35
J698,35
J80X,35
J81X,35
J82X,35
J840,35
J841,35
J848,35
J849,35
J850,35
J851,35
J852,35
J860,35
J869,35
J90X,35
J91X,35
J920,35
J929,35
J930,35
J931,35
J938,35
J939,35
J940,35
J942,35
J948,35
J960,35
J9600,35
J9601,35
J9609,35
J961,35
J9610,35
J9611,35
J9619,35
J969,35
J9690,35
J9691,35
J9699,35
J980,35
J981,35
J982,35
J984,35
J985,35
J986,35
J988,35
J998,35
K028,35
K029,35
K046,35
K047,35
K068,35
K120,35
K121,35
K140,35
K20X,35
K210,35
K219,35
K221,35
K222,35
K228,35
K250,35
K251,35
K253,35
K254,35
K255,35
K257,35
K259,35
K260,35
K261,35
K263,35
K264,35
K265,35
K266,35
K267,35
K269,35
K271,35
K274,35
K277,35
K279,35
K290,35
K291,35
K292,35
K293,35
K294,35
K295,35
K296,35
K297,35
K298,35
K299,35
K30X,35
K311,35
K312,35
K314,35
K315,35
K316,35
K317,35
K318,35
K319,35
K352,35
K353,35
K358,35
K36X,35
K37X,35
K381,35
K388,35
K400,35
K402,35
K403,35
K404,35
K409,35
K420,35
K421,35
K429,35
K430,35
K431,35
K432,35
K433,35
K435,35
K436,35
K437,35
K439,35
K440,35
K441,35
K449,35
K500,35
K501,35
K508,35
K509,35
K510,35
K512,35
K513,35
K514,35
K515,35
K518,35
K519,35
K520,35
K521,35
K522,35
K523,35
K528,35
K529,35
K552,35
K563,35
K564,35
K565,35
K566,35
K570,35
K571,35
K572,35
K573,35
K574,35
K575,35
K578,35
K579,35
K580,35
K589,35
K590,35
K600,35
K601,35
K602,35
K621,35
K625,35
K628,35
K635,35
K638,35
K640,35
K641,35
K642,35
K643,35
K644,35
K645,35
K648,35
K649,35
K650,35
K658,35
K659,35
K700,35
K701,35
K702,35
K703,35
K704,35
K709,35
K710,35
K711,35
K712,35
K716,35
K717,35
K718,35
K719,35
K720,35
K721,35
K729,35
K730,35
K732,35
K738,35
K739,35
K740,35
K743,35
K744,35
K745,35
K746,35
K750,35
K753,35
K754,35
K758,35
K759,35
K760,35
K761,35
K763,35
K764,35
K766,35
K767,35
K768,35
K769,35
K770,35
K778,35
K800,35
K801,35
K802,35
K803,35
K804,35
K805,35
K808,35
K810,35
K811,35
K818,35
K819,35
K820,35
K821,35
K822,35
K823,35
K824,35
K828,35
K829,35
K830,35
K831,35
K832,35
K833,35
K834,35
K835,35
K838,35
K839,35
K850,35
K851,35
K852,35
K853,35
K858,35
K859,35
K860,35
K861,35
K862,35
K863,35
K868,35
K869,35
K900,35
K901,35
K902,35
K904,35
K908,35
K909,35
K910,35
K911,35
K912,35
K913,35
K914,35
K918,35
K920,35
K921,35
K922,35
L00X,35
L011,35
L020,35
L021,35
L022,35
L023,35
L024,35
L028,35
L029,35
L030,35
L031,35
L032,35
L033,35
L038,35
L039,35
L040,35
L041,35
L042,35
L043,35
L048,35
L049,35
L080,35
L081,35
L088,35
L089,35
L130,35
L131,35
L138,35
L139,35
L208,35
L209,35
L210,35
L218,35
L219,35
L22X,35
L231,35
L232,35
L233,35
L236,35
L239,35
L244,35
L245,35
L248,35
L249,35
L251,35
L254,35
L258,35
L259,35
L26X,35
L270,35
L271,35
L278,35
L280,35
L281,35
L282,35
L290,35
L292,35
L293,35
L298,35
L299,35
L300,35
L301,35
L303,35
L304,35
L308,35
L309,35
L511,35
L512,35
L518,35
L530,35
L538,35
L539,35
L658,35
L659,35
L730,35
L731,35
L732,35
L738,35
L739,35
L890,35
L891,35
L892,35
L893,35
L899,35
L940,35
L942,35
L943,35
L948,35
L949,35
L950,35
L958,35
L959,35
L97X,35
L980,35
L981,35
L982,35
L983,35
L984,35
L985,35
L986,35
L988,35
M0001,35
M0003,35
M0004,35
M0005,35
M0006,35
M0007,35
M0021,35
M0023,35
M0024,35
M0025,35
M0026,35
M0027,35
M0081,35
M0086,35
M009,35
M0090,35
M0091,35
M0092,35
M0093,35
M0094,35
M0095,35
M0096,35
M0097,35
M0186,35
M0220,35
M023,35
M0286,35
M029,35
M0290,35
M0294,35
M0295,35
M0296,35
M0297,35
M0366,35
M0367,35
M051,35
M0510,35
M052,35
M053,35
M058,35
M059,35
M0590,35
M0591,35
M0593,35
M0594,35
M0595,35
M0596,35
M0597,35
M0599,35
M060,35
M0600,35
M0604,35
M0605,35
M0606,35
M0608,35
M0609,35
M061,35
M0610,35
M063,35
M0630,35
M0634,35
M064,35
M0640,35
M0644,35
M0646,35
M0649,35
M068,35
M069,35
M0690,35
M0691,35
M0692,35
M0693,35
M0694,35
M0695,35
M0696,35
M0697,35
M0698,35
M0699,35
M070,35
M071,35
M0710,35
M073,35
M0730,35
M0731,35
M0732,35
M0736,35
M0737,35
M0738,35
M0739,35
M074,35
M075,35
M0750,35
M076,35
M080,35
M0800,35
M081,35
M082,35
M083,35
M0830,35
M088,35
M0886,35
M089,35
M0890,35
M0893,35
M0896,35
M0898,35
M0899,35
M100,35
M1000,35
M1002,35
M1003,35
M1004,35
M1006,35
M1007,35
M1008,35
M1009,35
M102,35
M1035,35
M104,35
M109,35
M1090,35
M1092,35
M1093,35
M1094,35
M1096,35
M1097,35
M1098,35
M1099,35
M112,35
M1120,35
M1121,35
M1122,35
M1123,35
M1124,35
M1125,35
M1126,35
M1127,35
M1129,35
M118,35
M1183,35
M1186,35
M119,35
M1190,35
M1191,35
M1193,35
M1196,35
M1197,35
M1199,35
M120,35
M1200,35
M123,35
M1230,35
M1233,35
M1251,35
M1253,35
M1257,35
M128,35
M1288,35
M130,35
M1300,35
M131,35
M1311,35
M1312,35
M1316,35
M1317,35
M1318,35
M138,35
M1380,35
M1381,35
M1383,35
M1385,35
M1386,35
M1387,35
M1389,35
M139,35
M1390,35
M1391,35
M1392,35
M1393,35
M1394,35
M1395,35
M1396,35
M1397,35
M1398,35
M1399,35
M142,35
M143,35
M145,35
M146,35
M148,35
M150,35
M151,35
M152,35
M154,35
M158,35
M159,35
M160,35
M162,35
M163,35
M166,35
M169,35
M170,35
M171,35
M173,35
M174,35
M175,35
M179,35
M180,35
M182,35
M183,35
M189,35
M190,35
M1901,35
M1904,35
M1907,35
M1911,35
M1913,35
M1915,35
M1917,35
M192,35
M1920,35
M1921,35
M1927,35
M198,35
M1982,35
M1987,35
M199,35
M1990,35
M1991,35
M1992,35
M1993,35
M1994,35
M1995,35
M1997,35
M1998,35
M1999,35
M2137,35
M300,35
M301,35
M303,35
M308,35
M310,35
M311,35
M313,35
M314,35
M315,35
M316,35
M317,35
M318,35
M319,35
M320,35
M321,35
M329,35
M330,35
M331,35
M332,35
M339,35
M340,35
M341,35
M348,35
M349,35
M350,35
M351,35
M352,35
M353,35
M357,35
M358,35
M359,35
M363,35
M410,35
M411,35
M412,35
M4120,35
M4125,35
M413,35
M4130,35
M4134,35
M4135,35
M414,35
M415,35
M4155,35
M4156,35
M418,35
M4180,35
M4185,35
M4186,35
M4187,35
M419,35
M4190,35
M4192,35
M4193,35
M4194,35
M4195,35
M4196,35
M4197,35
M4199,35
M45X,35
M45X0,35
M45X2,35
M45X6,35
M45X7,35
M45X8,35
M45X9,35
M462,35
M4622,35
M4624,35
M4626,35
M4628,35
M4632,35
M4634,35
M4636,35
M464,35
M4640,35
M4642,35
M4644,35
M4646,35
M4647,35
M4650,35
M4656,35
M4657,35
M4658,35
M4710,35
M4712,35
M4716,35
M4717,35
M472,35
M4720,35
M4722,35
M4726,35
M4727,35
M4728,35
M478,35
M4780,35
M4782,35
M4783,35
M4784,35
M4785,35
M4786,35
M4787,35
M4788,35
M4789,35
M479,35
M4790,35
M4791,35
M4792,35
M4793,35
M4794,35
M4795,35
M4796,35
M4797,35
M4799,35
M480,35
M4800,35
M4802,35
M4803,35
M4804,35
M4805,35
M4806,35
M4807,35
M4808,35
M4809,35
M484,35
M4840,35
M4844,35
M4845,35
M4846,35
M4848,35
M490,35
M4900,35
M4902,35
M4904,35
M4906,35
M4950,35
M4952,35
M4954,35
M4956,35
M500,35
M512,35
M513,35
M541,35
M5410,35
M5412,35
M5413,35
M5414,35
M5415,35
M5416,35
M5417,35
M5418,35
M5419,35
M542,35
M5421,35
M5422,35
M5423,35
M543,35
M5430,35
M5435,35
M5436,35
M5437,35
M5438,35
M5439,35
M544,35
M5445,35
M5446,35
M5447,35
M5448,35
M545,35
M5450,35
M5455,35
M5456,35
M5457,35
M5458,35
M5459,35
M546,35
M5464,35
M5465,35
M548,35
M5480,35
M5481,35
M5482,35
M5483,35
M5484,35
M5486,35
M5487,35
M5489,35
M549,35
M5490,35
M5494,35
M5495,35
M5496,35
M5497,35
M5498,35
M5499,35
M600,35
M6005,35
M6006,35
M6008,35
M653,35
M654,35
M6543,35
M6544,35
M758,35
M8040,35
M8048,35
M8080,35
M8085,35
M8086,35
M8088,35
M809,35
M8090,35
M8091,35
M8092,35
M8093,35
M8095,35
M8096,35
M8097,35
M8098,35
M810,35
M8100,35
M812,35
M814,35
M8148,35
M8149,35
M815,35
M8168,35
M818,35
M8180,35
M8185,35
M8188,35
M819,35
M8190,35
M8191,35
M8192,35
M8193,35
M8194,35
M8195,35
M8196,35
M8197,35
M8198,35
M8199,35
M821,35
M8431,35
M8433,35
M8435,35
M8437,35
M8438,35
M8440,35
M8441,35
M8442,35
M8445,35
M8447,35
M8448,35
M858,35
M8580,35
M8581,35
M8582,35
M8583,35
M8584,35
M8585,35
M8586,35
M8587,35
M8588,35
M8589,35
M8611,35
M8613,35
M8614,35
M8616,35
M8617,35
M863,35
M8648,35
M866,35
M8661,35
M8662,35
M8663,35
M8665,35
M8666,35
M8667,35
M868,35
M8680,35
M8686,35
M8687,35
M869,35
M8690,35
M8691,35
M8692,35
M8694,35
M8695,35
M8696,35
M8697,35
M8698,35
M8715,35
M8725,35
M8795,35
M9003,35
M9070,35
M9071,35
M9072,35
M9073,35
M9075,35
M9076,35
M9078,35
N001,35
N002,35
N008,35
N009,35
N021,35
N022,35
N023,35
N025,35
N028,35
N029,35
N031,35
N032,35
N039,35
N040,35
N041,35
N043,35
N048,35
N049,35
N050,35
N051,35
N052,35
N057,35
N058,35
N059,35
N082,35
N083,35
N084,35
N085,35
N10X,35
N111,35
N118,35
N119,35
N12X,35
N130,35
N131,35
N132,35
N133,35
N134,35
N136,35
N137,35
N138,35
N151,35
N158,35
N159,35
N170,35
N171,35
N172,35
N179,35
N181,35
N182,35
N183,35
N184,35
N185,35
N189,35
N19X,35
N200,35
N201,35
N202,35
N209,35
N250,35
N251,35
N258,35
N26X,35
N280,35
N281,35
N288,35
N311,35
N312,35
N318,35
N319,35
N320,35
N328,35
N358,35
N359,35
N390,35
N40X,35
N44X,35
N450,35
N459,35
N508,35
N771,35
N800,35
N801,35
N802,35
N803,35
N804,35
N805,35
N806,35
N808,35
N809,35
N830,35
N831,35
N832,35
N898,35
N920,35
N930,35
N938,35
N939,35
N990,35
O268,35
O360,35
P050,35
P051,35
P059,35
P070,35
P071,35
P072,35
P073,35
P111,35
P113,35
P119,35
P210,35
P211,35
P219,35
P220,35
P221,35
P228,35
P229,35
P233,35
P239,35
P240,35
P241,35
P243,35
P249,35
P251,35
P269,35
P271,35
P278,35
P279,35
P280,35
P282,35
P283,35
P284,35
P285,35
P288,35
P289,35
P290,35
P291,35
P292,35
P293,35
P298,35
P351,35
P360,35
P361,35
P362,35
P363,35
P364,35
P368,35
P369,35
P375,35
P38X,35
P390,35
P391,35
P393,35
P394,35
P398,35
P399,35
P520,35
P521,35
P522,35
P523,35
P524,35
P540,35
P541,35
P543,35
P545,35
P546,35
P550,35
P551,35
P583,35
P590,35
P593,35
P598,35
P599,35
P610,35
P611,35
P612,35
P614,35
P616,35
P618,35
P700,35
P701,35
P702,35
P704,35
P708,35
P711,35
P718,35
P719,35
P722,35
P740,35
P741,35
P742,35
P743,35
P744,35
P748,35
P749,35
P75X,35
P760,35
P768,35
P769,35
P77X,35
P780,35
P782,35
P783,35
P788,35
P789,35
P808,35
P809,35
P810,35
P818,35
P830,35
P831,35
P833,35
P835,35
P838,35
P839,35
P90X,35
P912,35
P917,35
P920,35
P921,35
P922,35
P923,35
P924,35
P928,35
P941,35
P942,35
P948,35
P960,35
P961,35
P962,35
Q02X,35
Q030,35
Q031,35
Q038,35
Q039,35
Q040,35
Q043,35
Q044,35
Q045,35
Q046,35
Q048,35
Q049,35
Q054,35
Q057,35
Q059,35
Q068,35
Q070,35
Q078,35
Q112,35
Q120,35
Q130,35
Q131,35
Q134,35
Q141,35
Q150,35
Q158,35
Q161,35
Q163,35
Q201,35
Q206,35
Q208,35
Q209,35
Q210,35
Q211,35
Q212,35
Q213,35
Q214,35
Q218,35
Q219,35
Q220,35
Q221,35
Q223,35
Q224,35
Q225,35
Q226,35
Q228,35
Q230,35
Q231,35
Q232,35
Q233,35
Q234,35
Q238,35
Q239,35
Q240,35
Q244,35
Q245,35
Q246,35
Q248,35
Q249,35
Q250,35
Q251,35
Q254,35
Q255,35
Q256,35
Q257,35
Q258,35
Q260,35
Q261,35
Q263,35
Q265,35
Q268,35
Q270,35
Q271,35
Q272,35
Q273,35
Q278,35
Q279,35
Q281,35
Q282,35
Q283,35
Q288,35
Q300,35
Q310,35
Q311,35
Q315,35
Q318,35
Q319,35
Q320,35
Q321,35
Q322,35
Q330,35
Q332,35
Q334,35
Q336,35
Q338,35
Q339,35
Q341,35
Q348,35
Q355,35
Q357,35
Q359,35
Q369,35
Q371,35
Q373,35
Q374,35
Q375,35
Q378,35
Q379,35
Q380,35
Q381,35
Q382,35
Q383,35
Q385,35
Q387,35
Q388,35
Q390,35
Q391,35
Q396,35
Q399,35
Q400,35
Q401,35
Q402,35
Q403,35
Q408,35
Q410,35
Q419,35
Q420,35
Q423,35
Q429,35
Q430,35
Q431,35
Q433,35
Q436,35
Q438,35
Q439,35
Q441,35
Q442,35
Q444,35
Q445,35
Q446,35
Q447,35
Q451,35
Q453,35
Q458,35
Q600,35
Q601,35
Q602,35
Q605,35
Q610,35
Q611,35
Q612,35
Q613,35
Q614,35
Q615,35
Q618,35
Q619,35
Q620,35
Q621,35
Q622,35
Q650,35
Q651,35
Q652,35
Q654,35
Q656,35
Q658,35
Q660,35
Q661,35
Q662,35
Q663,35
Q664,35
Q665,35
Q666,35
Q667,35
Q668,35
Q669,35
Q740,35
Q741,35
Q742,35
Q743,35
Q748,35
Q750,35
Q751,35
Q764,35
Q772,35
Q782,35
Q790,35
Q791,35
Q792,35
Q793,35
Q795,35
Q796,35
Q798,35
Q803,35
Q808,35
Q809,35
Q810,35
Q812,35
Q819,35
Q824,35
Q850,35
Q858,35
Q860,35
Q870,35
Q871,35
Q872,35
Q873,35
Q874,35
Q875,35
Q878,35
Q900,35
Q901,35
Q902,35
Q909,35
Q913,35
Q917,35
Q928,35
Q933,35
Q937,35
Q938,35
Q998,35
R000,35
R001,35
R002,35
R010,35
R011,35
R02X,35
R030,35
R031,35
R040,35
R042,35
R05X,35
R060,35
R062,35
R070,35
R071,35
R072,35
R073,35
R074,35
R090,35
R100,35
R101,35
R102,35
R103,35
R104,35
R11X,35
R13X,35
R14X,35
R15X,35
R160,35
R161,35
R162,35
R17X,35
R18X,35
R190,35
R194,35
R195,35
R202,35
R21X,35
R233,35
R260,35
R262,35
R263,35
R268,35
R296,35
R300,35
R31X,35
R32X,35
R33X,35
R35X,35
R400,35
R401,35
R402,35
R410,35
R411,35
R412,35
R413,35
R418,35
R42X,35
R440,35
R441,35
R442,35
R443,35
R451,35
R470,35
R471,35
R478,35
R482,35
R502,35
R508,35
R509,35
R51X,35
R521,35
R522,35
R53X,35
R54X,35
R55X,35
R560,35
R568,35
R570,35
R571,35
R572,35
R578,35
R579,35
R590,35
R591,35
R600,35
R601,35
R609,35
R620,35
R628,35
R629,35
R630,35
R633,35
R634,35
R636,35
R638,35
R650,35
R651,35
R653,35
R681,35
R730,35
R739,35
R790,35
R836,35
R945,35
S008,35
S018,35
S0200,35
S0210,35
S0211,35
S0220,35
S0221,35
S0230,35
S0240,35
S0250,35
S0260,35
S0261,35
S0270,35
S0271,35
S0280,35
S0281,35
S0290,35
S0600,35
S0610,35
S062,35
S0620,35
S0630,35
S0640,35
S065,35
S0650,35
S0651,35
S066,35
S0660,35
S0661,35
S0680,35
S0690,35
S090,35
S091,35
S092,35
S097,35
S098,35
S1200,35
S1210,35
S1220,35
S127,35
S1270,35
S1280,35
S1290,35
S131,35
S140,35
S141,35
S220,35
S2200,35
S2210,35
S241,35
S270,35
S2700,35
S2701,35
S2710,35
S272,35
S2720,35
S2730,35
S2780,35
S320,35
S3200,35
S3201,35
S3210,35
S3220,35
S3230,35
S324,35
S3240,35
S325,35
S3250,35
S327,35
S3270,35
S3280,35
S331,35
S341,35
S360,35
S3600,35
S3601,35
S3610,35
S3611,35
S364,35
S3640,35
S3650,35
S3660,35
S3680,35
S3690,35
S381,35
S420,35
S4200,35
S4201,35
S421,35
S4210,35
S422,35
S4220,35
S4221,35
S4230,35
S4231,35
S4240,35
S4241,35
S4270,35
S4280,35
S4290,35
S500,35
S501,35
S507,35
S508,35
S509,35
S510,35
S517,35
S518,35
S519,35
S5200,35
S5201,35
S5210,35
S5211,35
S5220,35
S5221,35
S5230,35
S5231,35
S5240,35
S5241,35
S525,35
S5250,35
S5251,35
S5260,35
S5261,35
S5270,35
S5280,35
S530,35
S531,35
S532,35
S533,35
S534,35
S540,35
S541,35
S542,35
S548,35
S550,35
S551,35
S552,35
S557,35
S560,35
S561,35
S562,35
S563,35
S564,35
S565,35
S567,35
S568,35
S598,35
S599,35
S7200,35
S7210,35
S722,35
S7220,35
S7230,35
S7231,35
S724,35
S7240,35
S7241,35
S7280,35
S7290,35
S730,35
S820,35
S8200,35
S8210,35
S8211,35
S8220,35
S8230,35
S8231,35
S8240,35
S8241,35
S8250,35
S8251,35
S826,35
S8260,35
S8261,35
S8270,35
S828,35
S8280,35
S8281,35
S830,35
S831,35
S832,35
S833,35
T0210,35
T0240,35
T0241,35
T0250,35
T064,35
T093,35
T174,35
T175,35
T178,35
T740,35
T741,35
T749,35
T795,35
T810,35
T811,35
T813,35
T814,35
T817,35
T818,35
T820,35
T821,35
T822,35
T823,35
T824,35
T825,35
T826,35
T827,35
T828,35
T829,35
T830,35
T831,35
T832,35
T833,35
T834,35
T835,35
T836,35
T838,35
T839,35
T840,35
T841,35
T842,35
T843,35
T844,35
T845,35
T846,35
T847,35
T848,35
T849,35
T850,35
T852,35
T853,35
T854,35
T855,35
T856,35
T857,35
T858,35
T859,35
T860,35
T861,35
T868,35
T881,35
T884,35
T885,35
T886,35
T887,35
U071,35
U072,35
Z030,35
Z21X,35
Z515,35
Z602,35
Z614,35
Z720,35
Z738,35
Z740,35
Z741,35
Z742,35
Z748,35
Z750,35
Z751,35
Z753,35
Z754,35
Z755,35
Z856,35
Z861,35
Z867,35
Z880,35
Z881,35
Z894,35
Z896,35
Z902,35
Z911,35
Z921,35
Z922,35
Z923,35
Z924,35
Z928,35
Z930,35
Z931,35
Z932,35
Z933,35
Z934,35
Z935,35
Z936,35
Z938,35
Z939,35
Z940,35
Z941,35
Z942,35
Z944,35
Z946,35
Z947,35
Z948,35
Z949,35
Z950,35
Z951,35
Z952,35
Z953,35
Z954,35
Z958,35
Z960,35
Z966,35
Z968,35
Z978,35
Z982,35
Z992,35
Z993,35
Z998,35
D599,33
