A150,49
A151,49
A152,49
A153,49
A154,49
A156,49
A157,49
A160,49
A162,49
A163,49
A165,49
A169,49
A170,49
A178,49
A180,49
A182,49
A183,49
A190,49
A191,49
A199,49
A208,49
A280,49
A281,49
A310,49
A318,49
A328,49
A35X,49
A390,49
A394,49
A398,49
A399,49
A400,49
A401,49
A402,49
A403,49
A408,49
A409,49
A410,49
A411,49
A412,49
A414,49
A415,49
A418,49
A419,49
A480,49
A483,49
A490,49
A491,49
A492,49
A493,49
A498,49
A521,49
A523,49
A748,49
A810,49
A812,49
A850,49
A858,49
A86X,49
A870,49
A878,49
A879,49
A881,49
A888,49
A920,49
A971,49
A979,49
B004,49
B020,49
B180,49
B188,49
B203,49
B204,49
B206,49
B209,49
B213,49
B220,49
B227,49
B232,49
B24X,49
B351,49
B377,49
B378,49
B441,49
B448,49
B450,49
B470,49
B479,49
B481,49
B59X,49
B968,49
C000,49
C01X,49
C022,49
C028,49
C029,49
C030,49
C031,49
C051,49
C060,49
C062,49
C07X,49
C090,49
C091,49
C099,49
C109,49
C112,49
C12X,49
C130,49
C140,49
C160,49
C161,49
C162,49
C163,49
C164,49
C165,49
C166,49
C168,49
C169,49
C170,49
C171,49
C180,49
C183,49
C184,49
C185,49
C186,49
C188,49
C220,49
C221,49
C222,49
C229,49
C241,49
C251,49
C252,49
C257,49
C258,49
C268,49
C310,49
C313,49
C320,49
C321,49
C322,49
C323,49
C329,49
C340,49
C341,49
C342,49
C343,49
C348,49
C349,49
C400,49
C402,49
C410,49
C412,49
C460,49
C490,49
C491,49
C492,49
C493,49
C494,49
C495,49
C496,49
C498,49
C499,49
C511,49
C519,49
C52X,49
C530,49
C539,49
C541,49
C542,49
C543,49
C548,49
C549,49
C55X,49
C578,49
C64X,49
C66X,49
C670,49
C671,49
C672,49
C673,49
C674,49
C675,49
C676,49
C677,49
C678,49
C679,49
C680,49
C688,49
C700,49
C709,49
C710,49
C711,49
C712,49
C713,49
C714,49
C716,49
C718,49
C719,49
C723,49
C740,49
C749,49
C751,49
C760,49
C761,49
C762,49
C763,49
C765,49
C767,49
C781,49
C782,49
C784,49
C785,49
C786,49
C787,49
C788,49
C790,49
C791,49
C793,49
C794,49
C811,49
C812,49
C814,49
C820,49
C821,49
C822,49
C823,49
C824,49
C826,49
C827,49
C829,49
C830,49
C831,49
C833,49
C835,49
C837,49
C839,49
C846,49
C847,49
C848,49
C851,49
C852,49
C857,49
C859,49
C860,49
C861,49
C865,49
C866,49
C880,49
C884,49
C910,49
C911,49
C913,49
C914,49
C915,49
C917,49
C919,49
C920,49
C921,49
C922,49
C924,49
C925,49
C928,49
C930,49
C931,49
C944,49
C950,49
C959,49
C965,49
C966,49
D000,49
D001,49
D010,49
D013,49
D017,49
D020,49
D075,49
D090,49
D091,49
D093,49
D107,49
D166,49
D168,49
D300,49
D303,49
D320,49
D321,49
D329,49
D330,49
D331,49
D332,49
D333,49
D334,49
D339,49
D352,49
D355,49
D361,49
D371,49
D372,49
D374,49
D375,49
D376,49
D377,49
D384,49
D390,49
D391,49
D392,49
D400,49
D411,49
D413,49
D414,49
D421,49
D429,49
D430,49
D431,49
D432,49
D434,49
D443,49
D444,49
D445,49
D477,49
D482,49
D580,49
D581,49
D582,49
D588,49
D589,49
D591,49
D593,49
D594,49
D600,49
D608,49
D609,49
D610,49
D611,49
D612,49
D613,49
D618,49
D619,49
D70X,49
E105,49
E115,49
E135,49
E145,49
E212,49
E214,49
E700,49
E701,49
E702,49
E703,49
E710,49
E711,49
E713,49
E720,49
E721,49
E722,49
E723,49
E724,49
E728,49
E739,49
E740,49
E741,49
E742,49
E743,49
E748,49
E760,49
E761,49
E762,49
E763,49
E790,49
E798,49
E800,49
E840,49
E841,49
E848,49
E849,49
F000,49
F001,49
F002,49
F009,49
F011,49
F012,49
F013,49
F019,49
F020,49
F021,49
F022,49
F023,49
F028,49
F03X,49
F050,49
F051,49
F058,49
F059,49
F067,49
F107,49
F117,49
F147,49
F177,49
F181,49
F228,49
F232,49
F28X,49
F334,49
F340,49
F401,49
F413,49
F420,49
F429,49
F431,49
F438,49
F448,49
F450,49
F500,49
F501,49
F502,49
F505,49
F508,49
F509,49
F515,49
F700,49
F709,49
F711,49
F719,49
F721,49
F728,49
F729,49
F739,49
F781,49
F789,49
F800,49
F801,49
F802,49
F803,49
F808,49
F809,49
F810,49
F818,49
F819,49
F82X,49
F83X,49
F840,49
F841,49
F842,49
F845,49
F848,49
F849,49
F89X,49
F900,49
F909,49
F913,49
F919,49
F928,49
F929,49
F930,49
F932,49
F940,49
F942,49
G001,49
G002,49
G003,49
G008,49
G009,49
G01X,49
G020,49
G038,49
G039,49
G040,49
G041,49
G048,49
G049,49
G050,49
G051,49
G058,49
G060,49
G061,49
G062,49
G07X,49
G08X,49
G122,49
G20X,49
G210,49
G211,49
G214,49
G219,49
G233,49
G300,49
G301,49
G308,49
G309,49
G320,49
G372,49
G373,49
G820,49
G821,49
G822,49
G824,49
G825,49
G830,49
G930,49
G933,49
G934,49
G950,49
G951,49
G952,49
G992,49
H000,47
H020,49
H021,49
H022,49
H023,49
H024,47
H025,49
H026,49
H028,49
H029,47
H031,49
H052,49
H100,49
H101,49
H103,49
H104,49
H105,49
H108,49
H109,49
H133,49
H160,49
H161,49
H162,49
H163,49
H164,49
H169,49
H180,49
H181,49
H182,49
H183,49
H184,49
H185,49
H186,49
H187,49
H188,49
H189,49
H191,49
H192,49
H193,49
H198,49
H200,49
H201,49
H208,49
H209,49
H210,49
H211,49
H212,49
H220,49
H250,49
H251,49
H268,49
H270,49
H280,49
H302,49
H309,49
H330,49
H332,49
H333,49
H334,49
H335,49
H350,49
H351,49
H352,49
H353,49
H354,49
H355,49
H356,49
H357,49
H358,49
H359,49
H400,49
H401,49
H402,49
H403,49
H404,49
H405,49
H406,49
H408,49
H409,49
H430,49
H431,49
H440,49
H441,49
H442,49
H444,49
H445,49
H447,49
H449,49
H522,49
H532,49
H540,49
H541,49
H542,49
H544,49
H545,49
H546,49
H55X,49
H588,49
H590,49
H598,49
H690,49
H811,49
H814,49
H910,49
H911,49
H912,49
H913,49
H918,49
I011,49
I050,49
I051,49
I052,49
I058,49
I059,49
I060,49
I071,49
I078,49
I079,49
I080,49
I081,49
I082,49
I083,49
I088,49
I089,49
I090,49
I098,49
I110,49
I120,49
I130,49
I132,49
I330,49
I339,49
I340,49
I341,49
I342,49
I348,49
I349,49
I350,49
I351,49
I352,49
I358,49
I359,49
I361,49
I370,49
I371,49
I379,49
I38X,49
I471,49
I480,49
I481,49
I482,49
I483,49
I484,49
I489,49
I500,49
I501,49
I509,49
I511,49
I512,49
I600,49
I601,49
I602,49
I609,49
I610,49
I611,49
I612,49
I613,49
I614,49
I615,49
I616,49
I618,49
I619,49
I620,49
I629,49
I630,49
I631,49
I632,49
I633,49
I634,49
I635,49
I636,49
I638,49
I639,49
I64X,49
I650,49
I652,49
I653,49
I660,49
I661,49
I662,49
I663,49
I668,49
I669,49
I670,49
I671,49
I672,49
I674,49
I675,49
I677,49
I678,49
I679,49
I680,49
I694,49
I700,49
I7000,49
I7001,49
I7020,49
I7021,49
I708,49
I7080,49
I7081,49
I710,49
I711,49
I712,49
I713,49
I714,49
I716,49
I718,49
I719,49
I723,49
I725,49
I726,49
I728,49
I730,49
I740,49
I741,49
I742,49
I743,49
I744,49
I745,49
I748,49
I772,49
I788,49
I820,49
I830,49
I832,49
I868,49
I971,49
J09X,49
J100,49
J101,49
J108,49
J110,49
J111,49
J118,49
J121,49
J122,49
J123,49
J128,49
J129,49
J13X,49
J14X,49
J150,49
J151,49
J152,49
J153,49
J154,49
J155,49
J156,49
J157,49
J158,49
J159,49
J168,49
J171,49
J172,49
J173,49
J180,49
J181,49
J182,49
J189,49
J202,49
J205,49
J208,49
J209,49
J210,49
J211,49
J218,49
J219,49
J22X,49
J320,49
J321,49
J322,49
J323,49
J324,49
J328,49
J329,49
J440,49
J441,49
J448,49
J449,49
J47X,49
J680,49
J684,49
J690,49
J698,49
J850,49
J851,49
J852,49
J860,49
J869,49
J90X,49
J91X,49
J940,49
J942,49
J948,49
K20X,49
K210,49
K219,49
K221,49
K30X,49
K440,49
K441,49
K449,49
K500,49
K501,49
K508,49
K509,49
K510,49
K512,49
K513,49
K514,49
K515,49
K518,49
K519,49
K520,49
K521,49
K522,49
K523,49
K528,49
K529,49
K570,49
K571,49
K572,49
K573,49
K574,49
K575,49
K578,49
K579,49
K580,49
K589,49
K590,49
K700,49
K701,49
K702,49
K703,49
K704,49
K709,49
K711,49
K717,49
K720,49
K721,49
K729,49
K738,49
K740,49
K743,49
K744,49
K745,49
K746,49
K750,49
K754,49
K758,49
K761,49
K763,49
K766,49
K767,49
K800,49
K801,49
K802,49
K900,49
L121,49
L97X,49
M0001,49
M0003,49
M0004,49
M0005,49
M0006,49
M0007,49
M0021,49
M0023,49
M0024,49
M0025,49
M0026,49
M0027,49
M0081,49
M0086,49
M009,49
M0090,49
M0091,49
M0092,49
M0093,49
M0094,49
M0095,49
M0096,49
M0097,49
M0186,49
M462,49
M4622,49
M4624,49
M4626,49
M4628,49
M4632,49
M4634,49
M4636,49
M464,49
M4640,49
M4642,49
M4644,49
M4646,49
M4647,49
M4650,49
M4656,49
M4657,49
M4658,49
M4710,49
M4712,49
M484,49
M4840,49
M4844,49
M4845,49
M4846,49
M4848,49
M490,49
M4900,49
M4902,49
M4904,49
M4906,49
M500,49
M600,49
M6005,49
M6006,49
M6008,49
M653,49
M654,49
M6543,49
M6544,49
M8080,49
M8085,49
M8086,49
M8088,49
M8431,49
M8433,49
M8435,49
M8437,49
M8438,49
M8440,49
M8441,49
M8442,49
M8445,49
M8447,49
M8448,49
M8611,49
M8613,49
M8614,49
M8616,49
M8617,49
M863,49
M8648,49
M866,49
M8661,49
M8662,49
M8663,49
M8665,49
M8666,49
M8667,49
M868,49
M8680,49
M8686,49
M8687,49
M869,49
M8690,49
M8691,49
M8692,49
M8694,49
M8695,49
M8696,49
M8697,49
M8698,49
M9003,49
M9070,49
M9071,49
M9072,49
M9073,49
M9075,49
M9076,49
M9078,49
N083,49
N170,49
N171,49
N172,49
N179,49
N181,49
N182,49
N183,49
N184,49
N185,49
N189,49
N19X,49
N280,49
N281,49
N288,49
N390,49
N40X,49
N990,49
P050,49
P051,49
P059,49
P070,49
P071,49
P072,49
P073,49
P271,49
P375,49
P75X,49
Q044,49
Q054,49
Q057,49
Q059,49
Q068,49
Q070,49
Q201,49
Q206,49
Q208,49
Q209,49
Q210,49
Q211,49
Q212,49
Q213,49
Q214,49
Q218,49
Q219,49
Q220,49
Q221,49
Q223,49
Q224,49
Q225,49
Q226,49
Q228,49
Q230,49
Q231,49
Q232,49
Q233,49
Q234,49
Q238,49
Q239,49
Q240,49
Q244,49
Q245,49
Q246,49
Q248,49
Q249,49
Q250,49
Q251,49
Q254,49
Q255,49
Q256,49
Q257,49
Q258,49
Q260,49
Q261,49
Q263,49
Q265,49
Q268,49
Q271,49
Q278,49
Q281,49
Q282,49
Q283,49
Q288,49
Q334,49
Q380,49
Q385,49
Q387,49
Q388,49
Q390,49
Q391,49
Q410,49
Q442,49
Q446,49
Q447,49
Q850,49
Q871,49
Q872,49
Q873,49
Q874,49
Q878,49
Q900,49
Q901,49
Q902,49
Q909,49
Q913,49
Q917,49
Q933,49
Q937,49
Q938,49
Q998,49
R001,49
R010,49
R02X,49
R031,49
R040,49
R13X,49
R15X,49
R162,49
R260,49
R262,49
R263,49
R268,49
R31X,49
R32X,49
R33X,49
R400,49
R401,49
R402,49
R410,49
R411,49
R412,49
R413,49
R418,49
R440,49
R441,49
R442,49
R443,49
R451,49
R470,49
R482,49
R54X,49
R570,49
R571,49
R572,49
R578,49
R579,49
R600,49
R601,49
R609,49
R628,49
R650,49
R651,49
R653,49
R836,49
R945,49
S000,49
S001,49
S002,49
S003,49
S004,49
S005,49
S007,49
S008,49
S009,49
S011,49
S0230,49
S050,49
S051,49
S052,49
S053,49
S054,49
S055,49
S056,49
S058,49
S059,49
S1200,49
S1210,49
S1220,49
S127,49
S1270,49
S1280,49
S1290,49
S131,49
S140,49
S141,49
S220,49
S2200,49
S2210,49
S241,49
S320,49
S3200,49
S3201,49
S3210,49
S3220,49
S3230,49
S324,49
S3240,49
S325,49
S3250,49
S327,49
S3270,49
S3280,49
S331,49
S341,49
S360,49
S3600,49
S3601,49
S3610,49
S3611,49
S381,49
S7200,49
S7210,49
S722,49
S7220,49
S7230,49
S7231,49
S724,49
S7240,49
S7241,49
S7280,49
S7290,49
S730,49
S820,49
S8200,49
S8210,49
S8211,49
S8220,49
S8230,49
S8231,49
S8240,49
S8241,49
S8250,49
S8251,49
S826,49
S8260,49
S8261,49
S8270,49
S828,49
S8280,49
S8281,49
S830,49
S831,49
S832,49
S833,49
T0210,49
T0240,49
T0241,49
T0250,49
T064,49
T093,49
T174,49
T175,49
T178,49
T795,49
T823,49
T824,49
T826,49
T840,49
T841,49
T842,49
T843,49
T844,49
T845,49
T852,49
T853,49
T856,49
T857,49
T858,49
T860,49
T861,49
T868,49
U071,49
U072,49
Z030,49
Z223,49
Z515,49
Z602,49
Z614,49
Z720,49
Z738,49
Z740,49
Z741,49
Z742,49
Z748,49
Z750,49
Z751,49
Z753,49
Z754,49
Z755,49
Z861,49
Z863,49
Z864,49
Z866,49
Z867,49
Z871,49
Z876,49
Z880,49
Z921,49
Z923,49
Z930,49
Z931,49
Z932,49
Z933,49
Z934,49
Z935,49
Z936,49
Z938,49
Z939,49
Z940,49
Z941,49
Z942,49
Z944,49
Z946,49
Z947,49
Z948,49
Z949,49
Z993,49
H050,17
