A009,6
A010,6
A014,6
A020,6
A021,6
A022,6
A028,6
A029,6
A031,6
A033,6
A039,6
A040,6
A042,6
A043,6
A044,6
A045,6
A046,6
A047,6
A048,6
A059,6
A071,6
A072,6
A080,6
A081,6
A083,6
A084,6
A085,6
A090,6
A099,6
A150,6
A151,6
A152,6
A153,6
A154,6
A156,6
A157,6
A160,6
A162,6
A163,6
A165,6
A169,6
A170,6
A178,6
A180,6
A182,6
A183,6
A190,6
A191,6
A199,6
A208,6
A280,6
A281,6
A310,6
A311,6
A318,6
A319,6
A328,6
A35X,6
A370,6
A379,6
A390,6
A394,6
A398,6
A399,6
A400,6
A401,6
A402,6
A403,6
A408,6
A409,6
A410,6
A411,6
A412,6
A414,6
A415,6
A418,6
A419,6
A480,6
A483,6
A490,6
A491,6
A492,6
A493,6
A498,6
A521,6
A523,6
A630,6
A748,6
A810,6
A812,6
A850,6
A858,6
A86X,6
A870,6
A878,6
A879,6
A881,6
A888,6
A920,6
A971,6
A979,6
B000,6
B001,6
B002,6
B004,6
B005,6
B008,6
B009,6
B010,6
B011,6
B012,6
B018,6
B019,6
B020,6
B022,6
B023,6
B027,6
B028,6
B029,6
B059,6
B159,6
B169,6
B171,6
B172,6
B178,6
B179,6
B180,6
B181,6
B182,6
B188,6
B189,6
B199,6
B203,6
B204,6
B206,6
B209,6
B213,6
B220,6
B227,6
B232,6
B24X,6
B250,6
B251,6
B258,6
B259,6
B270,6
B271,6
B279,6
B348,6
B351,6
B370,6
B371,6
B372,6
B373,6
B374,6
B377,6
B378,6
B379,6
B440,6
B441,6
B448,6
B449,6
B450,6
B470,6
B479,6
B481,6
B508,6
B509,6
B519,6
B54X,6
B573,6
B59X,6
B850,6
B950,6
B951,6
B952,6
B953,6
B954,6
B955,6
B956,6
B957,6
B958,6
B960,6
B961,6
B962,6
B963,6
B964,6
B965,6
B966,6
B967,6
B968,6
B971,6
B972,6
B974,6
B976,6
B977,6
B978,6
C000,6
C01X,6
C022,6
C028,6
C029,6
C030,6
C031,6
C051,6
C060,6
C062,6
C069,6
C07X,6
C089,6
C090,6
C091,6
C099,6
C109,6
C112,6
C119,6
C12X,6
C130,6
C139,6
C140,6
C150,6
C153,6
C154,6
C155,6
C158,6
C159,6
C160,6
C161,6
C162,6
C163,6
C164,6
C165,6
C166,6
C168,6
C169,6
C170,6
C171,6
C172,6
C179,6
C180,6
C181,6
C182,6
C183,6
C184,6
C185,6
C186,6
C187,6
C188,6
C189,6
C19X,6
C20X,6
C210,6
C211,6
C218,6
C220,6
C221,6
C222,6
C229,6
C23X,6
C240,6
C241,6
C249,6
C250,6
C251,6
C252,6
C253,6
C257,6
C258,6
C259,6
C260,6
C268,6
C269,6
C300,6
C310,6
C313,6
C319,6
C320,6
C321,6
C322,6
C323,6
C329,6
C33X,6
C340,6
C341,6
C342,6
C343,6
C348,6
C349,6
C37X,6
C383,6
C400,6
C402,6
C410,6
C411,6
C412,6
C413,6
C414,6
C430,6
C431,6
C432,6
C433,6
C434,6
C435,6
C436,6
C437,6
C439,6
C440,6
C441,6
C442,6
C443,6
C444,6
C445,6
C446,6
C447,6
C449,6
C450,6
C451,6
C459,6
C460,6
C480,6
C481,6
C482,6
C490,6
C491,6
C492,6
C493,6
C494,6
C495,6
C496,6
C498,6
C499,6
C500,6
C501,6
C502,6
C503,6
C504,6
C505,6
C506,6
C508,6
C509,6
C511,6
C519,6
C52X,6
C530,6
C539,6
C541,6
C542,6
C543,6
C548,6
C549,6
C55X,6
C56X,6
C570,6
C578,6
C579,6
C600,6
C601,6
C609,6
C61X,6
C621,6
C629,6
C632,6
C64X,6
C65X,6
C66X,6
C670,6
C671,6
C672,6
C673,6
C674,6
C675,6
C676,6
C677,6
C678,6
C679,6
C680,6
C688,6
C689,6
C690,6
C692,6
C693,6
C694,6
C696,6
C700,6
C709,6
C710,6
C711,6
C712,6
C713,6
C714,6
C716,6
C718,6
C719,6
C723,6
C73X,6
C740,6
C749,6
C751,6
C755,6
C760,6
C761,6
C762,6
C763,6
C765,6
C767,6
C770,6
C771,6
C772,6
C773,6
C774,6
C775,6
C778,6
C779,6
C780,6
C781,6
C782,6
C783,6
C784,6
C785,6
C786,6
C787,6
C788,6
C790,6
C791,6
C792,6
C793,6
C794,6
C795,6
C796,6
C797,6
C798,6
C800,6
C810,6
C811,6
C812,6
C814,6
C817,6
C819,6
C820,6
C821,6
C822,6
C823,6
C824,6
C826,6
C827,6
C829,6
C830,6
C831,6
C833,6
C835,6
C837,6
C839,6
C840,6
C844,6
C846,6
C847,6
C848,6
C851,6
C852,6
C857,6
C859,6
C860,6
C861,6
C865,6
C866,6
C880,6
C884,6
C900,6
C902,6
C910,6
C911,6
C913,6
C914,6
C915,6
C917,6
C919,6
C920,6
C921,6
C922,6
C924,6
C925,6
C928,6
C930,6
C931,6
C944,6
C946,6
C950,6
C959,6
C965,6
C966,6
C97X,6
D000,6
D001,6
D010,6
D013,6
D017,6
D020,6
D075,6
D090,6
D091,6
D093,6
D107,6
D166,6
D168,6
D225,6
D300,6
D303,6
D320,6
D321,6
D329,6
D330,6
D331,6
D332,6
D333,6
D334,6
D339,6
D352,6
D355,6
D361,6
D371,6
D372,6
D374,6
D375,6
D376,6
D377,6
D384,6
D390,6
D391,6
D392,6
D400,6
D411,6
D413,6
D414,6
D421,6
D429,6
D430,6
D431,6
D432,6
D434,6
D443,6
D444,6
D445,6
D45X,6
D477,6
D482,6
D500,6
D501,6
D508,6
D509,6
D510,6
D511,6
D513,6
D519,6
D521,6
D528,6
D529,6
D531,6
D539,6
D550,6
D552,6
D560,6
D561,6
D562,6
D563,6
D564,6
D568,6
D569,6
D570,6
D571,6
D572,6
D573,6
D580,6
D581,6
D582,6
D588,6
D589,6
D591,6
D593,6
D594,6
D595,6
D596,6
D599,6
D600,6
D608,6
D609,6
D610,6
D611,6
D612,6
D613,6
D618,6
D619,6
D62X,6
D630,6
D638,6
D643,6
D648,6
D649,6
D65X,6
D66X,6
D67X,6
D680,6
D681,6
D682,6
D683,6
D684,6
D685,6
D686,6
D688,6
D689,6
D690,6
D691,6
D692,6
D693,6
D694,6
D695,6
D696,6
D698,6
D699,6
D70X,6
D730,6
D761,6
D763,6
D801,5
D802,6
D803,6
D804,6
D805,6
D806,6
D808,6
D811,6
D813,6
D818,6
D819,6
D820,2
D821,6
D824,6
D828,6
D830,6
D838,6
D839,6
D860,6
D861,6
D862,6
D863,6
D868,6
D869,6
E009,6
E031,6
E032,6
E034,6
E038,6
E039,6
E101,6
E102,6
E103,6
E104,6
E105,6
E106,6
E109,6
E110,6
E111,6
E112,6
E113,6
E114,6
E115,6
E116,6
E117,6
E119,6
E128,6
E131,6
E133,6
E134,6
E135,6
E136,6
E138,6
E139,6
E141,6
E142,6
E143,6
E144,6
E145,6
E146,6
E148,6
E149,6
E160,6
E161,6
E162,6
E201,6
E208,6
E209,6
E210,6
E211,6
E212,6
E213,6
E214,6
E215,6
E220,6
E221,6
E222,6
E228,6
E229,6
E230,6
E231,6
E232,6
E233,6
E236,6
E237,6
E240,6
E242,6
E243,6
E248,6
E249,6
E250,6
E260,6
E261,6
E268,6
E269,6
E270,6
E271,6
E272,6
E273,6
E274,6
E275,6
E278,6
E279,6
E282,6
E300,6
E320,6
E328,6
E41X,6
E43X,6
E441,6
E46X,6
E538,6
E559,6
E662,6
E668,6
E700,6
E701,6
E702,6
E703,6
E710,6
E711,6
E713,6
E720,6
E721,6
E722,6
E723,6
E724,6
E728,6
E739,6
E740,6
E741,6
E742,6
E743,6
E748,6
E751,6
E752,6
E755,6
E760,6
E761,6
E762,6
E763,6
E780,6
E790,6
E798,6
E800,6
E804,6
E806,6
E830,6
E834,6
E835,6
E838,6
E840,6
E841,6
E848,6
E849,6
E850,6
E851,6
E858,6
E86X,6
E870,6
E871,6
E872,6
E876,6
E877,6
E878,6
E880,6
F000,6
F001,6
F002,6
F009,6
F011,6
F012,6
F013,6
F019,6
F020,6
F021,6
F022,6
F023,6
F028,6
F03X,6
F050,6
F051,6
F058,6
F059,6
F067,6
F070,6
F072,6
F101,6
F102,6
F103,6
F111,6
F112,6
F122,6
F151,6
F171,6
F172,6
F181,6
F191,6
F192,6
F200,6
F202,6
F204,6
F209,6
F21X,6
F220,6
F228,6
F229,6
F230,6
F232,6
F233,6
F239,6
F28X,6
F300,6
F302,6
F309,6
F310,6
F311,6
F312,6
F313,6
F314,6
F315,6
F316,6
F317,6
F318,6
F319,6
F320,6
F321,6
F322,6
F323,6
F328,6
F329,6
F332,6
F333,6
F334,6
F338,6
F339,6
F340,6
F341,6
F348,6
F349,6
F388,6
F39X,6
F401,6
F410,6
F411,6
F412,6
F413,6
F418,6
F419,6
F420,6
F429,6
F430,6
F431,6
F432,6
F438,6
F439,6
F440,6
F444,6
F445,6
F447,6
F448,6
F449,6
F450,6
F452,6
F453,6
F454,6
F458,6
F459,6
F500,6
F501,6
F502,6
F505,6
F508,6
F509,6
F515,6
F603,6
F700,6
F709,6
F711,6
F719,6
F721,6
F728,6
F729,6
F739,6
F781,6
F789,6
F800,6
F801,6
F802,6
F803,6
F808,6
F809,6
F810,6
F818,6
F819,6
F82X,6
F83X,6
F840,6
F841,6
F842,6
F845,6
F848,6
F849,6
F89X,6
F900,6
F909,6
F913,6
F919,6
F928,6
F929,6
F930,6
F932,6
F940,6
F942,6
F952,6
G001,6
G002,6
G003,6
G008,6
G009,6
G01X,6
G020,6
G038,6
G039,6
G040,6
G041,6
G048,6
G049,6
G050,6
G051,6
G058,6
G060,6
G061,6
G062,6
G07X,6
G08X,6
G09X,6
G10X,6
G111,6
G112,6
G114,6
G118,6
G119,6
G120,6
G121,6
G122,6
G128,6
G129,6
G131,6
G20X,6
G210,6
G211,6
G214,6
G219,6
G230,6
G231,6
G232,6
G233,6
G238,6
G239,6
G240,6
G241,6
G243,6
G244,6
G245,6
G248,6
G249,6
G250,6
G251,6
G252,6
G253,6
G255,6
G258,6
G259,6
G300,6
G301,6
G308,6
G309,6
G310,6
G311,6
G312,6
G318,6
G319,6
G320,6
G328,6
G35X,6
G360,6
G372,6
G373,6
G378,6
G379,6
G400,6
G401,6
G402,6
G403,6
G404,6
G405,6
G406,6
G407,6
G408,6
G409,6
G410,6
G411,6
G412,6
G418,6
G419,6
G430,6
G431,6
G432,6
G433,6
G438,6
G439,6
G464,6
G470,6
G471,6
G472,6
G473,6
G474,6
G478,6
G479,6
G610,6
G618,6
G619,6
G620,6
G621,6
G622,6
G628,6
G629,6
G631,6
G632,6
G633,6
G634,6
G635,6
G638,6
G700,6
G702,6
G708,6
G709,6
G710,6
G711,6
G712,6
G713,6
G720,6
G721,6
G724,6
G728,6
G729,6
G730,6
G731,6
G732,6
G737,6
G800,6
G801,6
G802,6
G803,6
G804,6
G808,6
G809,6
G810,6
G811,6
G819,6
G820,6
G821,6
G822,6
G824,6
G825,6
G830,6
G831,6
G832,6
G834,6
G835,6
G838,6
G839,6
G900,6
G901,6
G902,6
G904,6
G908,6
G909,6
G910,6
G911,6
G912,6
G913,6
G918,6
G919,6
G930,6
G931,6
G932,6
G933,6
G934,6
G935,6
G936,6
G938,6
G950,6
G951,6
G952,6
G992,6
H050,6
H053,6
H100,6
H101,6
H103,6
H104,6
H105,6
H108,6
H109,6
H171,6
H178,6
H179,6
H200,6
H201,6
H208,6
H209,6
H210,6
H215,6
H302,6
H309,6
H311,6
H330,6
H332,6
H333,6
H335,6
H351,6
H356,6
H400,6
H401,6
H402,6
H403,6
H404,6
H405,6
H406,6
H408,6
H409,6
H431,6
H440,6
H441,6
H444,6
H46X,6
H470,6
H472,6
H476,6
H477,6
H500,6
H501,6
H502,6
H503,6
H505,6
H506,6
H508,6
H509,6
H530,6
H531,6
H532,6
H533,6
H534,6
H535,6
H536,6
H538,6
H539,6
H540,6
H541,6
H542,6
H544,6
H545,6
H546,6
H600,6
H601,6
H602,6
H603,6
H604,6
H605,6
H608,6
H609,6
H650,6
H651,6
H652,6
H653,6
H654,6
H659,6
H690,6
H738,6
H901,6
H906,6
H907,6
I00X,6
I011,6
I019,6
I020,6
I050,6
I051,6
I052,6
I058,6
I059,6
I060,6
I071,6
I078,6
I079,6
I080,6
I081,6
I082,6
I083,6
I088,6
I089,6
I090,6
I098,6
I10X,6
I110,6
I119,6
I120,6
I129,6
I130,6
I131,6
I132,6
I139,6
I150,6
I152,6
I159,6
I200,6
I201,6
I208,6
I209,6
I231,6
I240,6
I241,6
I248,6
I249,6
I250,6
I251,6
I252,6
I253,6
I254,6
I255,6
I256,6
I258,6
I259,6
I260,6
I269,6
I270,6
I272,6
I278,6
I279,6
I288,6
I301,6
I309,6
I311,6
I312,6
I313,6
I319,6
I330,6
I339,6
I340,6
I341,6
I342,6
I348,6
I349,6
I350,6
I351,6
I352,6
I358,6
I359,6
I361,6
I370,6
I371,6
I379,6
I38X,6
I420,6
I421,6
I422,6
I423,6
I424,6
I425,6
I426,6
I427,6
I428,6
I429,6
I431,6
I438,6
I450,6
I451,6
I460,6
I461,6
I469,6
I470,6
I471,6
I472,6
I479,6
I480,6
I481,6
I482,6
I483,6
I484,6
I489,6
I490,6
I498,6
I500,6
I501,6
I509,6
I511,6
I512,6
I513,6
I517,6
I600,6
I601,6
I602,6
I609,6
I610,6
I611,6
I612,6
I613,6
I614,6
I615,6
I616,6
I618,6
I619,6
I620,6
I629,6
I630,6
I631,6
I632,6
I633,6
I634,6
I635,6
I636,6
I638,6
I639,6
I64X,6
I650,6
I652,6
I653,6
I660,6
I661,6
I662,6
I663,6
I668,6
I669,6
I670,6
I671,6
I672,6
I674,6
I675,6
I677,6
I678,6
I679,6
I680,6
I690,6
I691,6
I692,6
I693,6
I694,6
I698,6
I700,6
I7000,6
I7001,6
I7020,6
I7021,6
I708,6
I7080,6
I7081,6
I710,6
I711,6
I712,6
I713,6
I718,6
I723,6
I725,6
I726,6
I728,6
I730,6
I740,6
I741,6
I742,6
I743,6
I744,6
I745,6
I748,6
I749,6
I772,6
I788,6
I81X,6
I820,6
I822,6
I823,6
I828,6
I829,6
I830,6
I832,6
I850,6
I859,6
I868,6
I950,6
I951,6
I952,6
I958,6
I959,6
I971,6
J020,6
J028,6
J029,6
J030,6
J038,6
J039,6
J09X,6
J100,6
J101,6
J108,6
J110,6
J111,6
J118,6
J121,6
J122,6
J123,6
J128,6
J129,6
J13X,6
J14X,6
J150,6
J151,6
J152,6
J153,6
J154,6
J155,6
J156,6
J157,6
J158,6
J159,6
J168,6
J171,6
J172,6
J173,6
J180,6
J181,6
J182,6
J189,6
J202,6
J205,6
J208,6
J209,6
J210,6
J211,6
J218,6
J219,6
J22X,6
J323,6
J387,6
J398,6
J440,6
J441,6
J448,6
J449,6
J46X,6
J47X,6
J680,6
J684,6
J690,6
J698,6
J80X,6
J81X,6
J82X,6
J840,6
J841,6
J848,6
J849,6
J850,6
J851,6
J852,6
J860,6
J869,6
J90X,6
J91X,6
J930,6
J931,6
J938,6
J939,6
J940,6
J942,6
J948,6
J960,6
J9600,6
J9601,6
J9609,6
J961,6
J9610,6
J9611,6
J9619,6
J969,6
J9690,6
J9691,6
J9699,6
J980,6
J981,6
J982,6
J984,6
J985,6
J986,6
J988,6
K046,6
K047,6
K070,6
K088,6
K121,6
K20X,6
K210,6
K219,6
K228,6
K250,6
K251,6
K253,6
K254,6
K255,6
K257,6
K259,6
K260,6
K261,6
K263,6
K264,6
K265,6
K266,6
K267,6
K269,6
K271,6
K274,6
K277,6
K279,6
K290,6
K291,6
K292,6
K293,6
K294,6
K295,6
K296,6
K297,6
K298,6
K299,6
K30X,6
K352,6
K353,6
K358,6
K36X,6
K37X,6
K381,6
K388,6
K400,6
K402,6
K403,6
K404,6
K409,6
K440,6
K441,6
K449,6
K500,6
K501,6
K508,6
K509,6
K510,6
K512,6
K513,6
K514,6
K515,6
K518,6
K519,6
K520,6
K521,6
K522,6
K523,6
K528,6
K529,6
K564,6
K580,6
K589,6
K590,6
K598,6
K625,6
K638,6
K650,6
K658,6
K659,6
K700,6
K701,6
K702,6
K703,6
K704,6
K709,6
K710,6
K711,6
K712,6
K716,6
K717,6
K718,6
K719,6
K720,6
K721,6
K729,6
K730,6
K732,6
K738,6
K739,6
K740,6
K743,6
K744,6
K745,6
K746,6
K750,6
K753,6
K754,6
K758,6
K759,6
K760,6
K761,6
K763,6
K764,6
K766,6
K767,6
K768,6
K769,6
K770,6
K778,6
K800,6
K801,6
K802,6
K803,6
K804,6
K805,6
K808,6
K810,6
K811,6
K818,6
K819,6
K820,6
K821,6
K822,6
K823,6
K824,6
K828,6
K829,6
K830,6
K831,6
K832,6
K833,6
K834,6
K835,6
K838,6
K839,6
K850,6
K851,6
K852,6
K853,6
K858,6
K859,6
K860,6
K861,6
K862,6
K863,6
K868,6
K869,6
K900,6
K901,6
K902,6
K904,6
K908,6
K909,6
K910,6
K911,6
K912,6
K913,6
K914,6
K918,6
K920,6
K921,6
K922,6
L00X,6
L011,6
L020,6
L021,6
L022,6
L023,6
L024,6
L028,6
L029,6
L030,6
L031,6
L032,6
L033,6
L038,6
L039,6
L040,6
L041,6
L042,6
L043,6
L048,6
L049,6
L080,6
L081,6
L088,6
L089,6
L130,6
L131,6
L138,6
L139,6
L208,6
L209,6
L210,6
L218,6
L219,6
L22X,6
L231,6
L232,6
L233,6
L236,6
L239,6
L244,6
L245,6
L248,6
L249,6
L251,6
L254,6
L258,6
L259,6
L26X,6
L270,6
L271,6
L278,6
L280,6
L281,6
L282,6
L290,6
L292,6
L293,6
L298,6
L299,6
L400,6
L401,6
L402,6
L403,6
L404,6
L405,6
L408,6
L409,6
L511,6
L512,6
L518,6
L700,6
L704,6
L709,6
L890,6
L891,6
L892,6
L893,6
L899,6
L940,6
L942,6
L943,6
L948,6
L949,6
L950,6
L958,6
L959,6
L97X,6
M0001,6
M0003,6
M0004,6
M0005,6
M0006,6
M0007,6
M0021,6
M0023,6
M0024,6
M0025,6
M0026,6
M0027,6
M0081,6
M0086,6
M009,6
M0090,6
M0091,6
M0092,6
M0093,6
M0094,6
M0095,6
M0096,6
M0097,6
M0186,6
M0220,6
M023,6
M0286,6
M029,6
M0290,6
M0294,6
M0295,6
M0296,6
M0297,6
M0366,6
M0367,6
M051,6
M0510,6
M052,6
M053,6
M058,6
M059,6
M0590,6
M0591,6
M0593,6
M0594,6
M0595,6
M0596,6
M0597,6
M0599,6
M060,6
M0600,6
M0604,6
M0605,6
M0606,6
M0608,6
M0609,6
M061,6
M0610,6
M063,6
M0630,6
M0634,6
M064,6
M0640,6
M0644,6
M0646,6
M0649,6
M068,6
M069,6
M0690,6
M0691,6
M0692,6
M0693,6
M0694,6
M0695,6
M0696,6
M0697,6
M0698,6
M0699,6
M070,6
M071,6
M0710,6
M073,6
M0730,6
M0731,6
M0732,6
M0736,6
M0737,6
M0738,6
M0739,6
M074,6
M075,6
M0750,6
M076,6
M080,6
M0800,6
M081,6
M082,6
M083,6
M0830,6
M088,6
M0886,6
M089,6
M0890,6
M0893,6
M0896,6
M0898,6
M0899,6
M100,6
M1000,6
M1002,6
M1003,6
M1004,6
M1006,6
M1007,6
M1008,6
M1009,6
M102,6
M1035,6
M104,6
M109,6
M1090,6
M1092,6
M1093,6
M1094,6
M1096,6
M1097,6
M1098,6
M1099,6
M112,6
M1120,6
M1121,6
M1122,6
M1123,6
M1124,6
M1125,6
M1126,6
M1127,6
M1129,6
M118,6
M1183,6
M1186,6
M119,6
M1190,6
M1191,6
M1193,6
M1196,6
M1197,6
M1199,6
M120,6
M1200,6
M123,6
M1230,6
M1233,6
M1251,6
M1253,6
M1257,6
M128,6
M1288,6
M130,6
M1300,6
M131,6
M1311,6
M1312,6
M1316,6
M1317,6
M1318,6
M138,6
M1380,6
M1381,6
M1383,6
M1385,6
M1386,6
M1387,6
M1389,6
M139,6
M1390,6
M1391,6
M1392,6
M1393,6
M1394,6
M1395,6
M1396,6
M1397,6
M1398,6
M1399,6
M142,6
M143,6
M145,6
M146,6
M148,6
M150,6
M151,6
M152,6
M154,6
M158,6
M159,6
M160,6
M162,6
M163,6
M166,6
M169,6
M170,6
M171,6
M173,6
M174,6
M175,6
M179,6
M180,6
M182,6
M183,6
M189,6
M190,6
M1901,6
M1904,6
M1907,6
M1911,6
M1913,6
M1915,6
M1917,6
M192,6
M1920,6
M1921,6
M1927,6
M198,6
M1982,6
M1987,6
M199,6
M1990,6
M1991,6
M1992,6
M1993,6
M1994,6
M1995,6
M1997,6
M1998,6
M1999,6
M300,6
M301,6
M303,6
M308,6
M310,6
M311,6
M313,6
M314,6
M315,6
M316,6
M317,6
M318,6
M319,6
M320,6
M321,6
M329,6
M330,6
M331,6
M332,6
M339,6
M340,6
M341,6
M348,6
M349,6
M350,6
M351,6
M352,6
M353,6
M357,6
M358,6
M359,6
M363,6
M410,6
M411,6
M412,6
M4120,6
M4125,6
M413,6
M4130,6
M4134,6
M4135,6
M414,6
M415,6
M4155,6
M4156,6
M418,6
M4180,6
M4185,6
M4186,6
M4187,6
M419,6
M4190,6
M4192,6
M4193,6
M4194,6
M4195,6
M4196,6
M4197,6
M4199,6
M462,6
M4622,6
M4624,6
M4626,6
M4628,6
M4632,6
M4634,6
M4636,6
M464,6
M4640,6
M4642,6
M4644,6
M4646,6
M4647,6
M4650,6
M4656,6
M4657,6
M4658,6
M4710,6
M4712,6
M484,6
M4840,6
M4844,6
M4845,6
M4846,6
M4848,6
M490,6
M4900,6
M4902,6
M4904,6
M4906,6
M500,6
M545,6
M5450,6
M5455,6
M5456,6
M5457,6
M5458,6
M5459,6
M548,6
M5480,6
M5481,6
M5482,6
M5483,6
M5484,6
M5486,6
M5487,6
M5489,6
M600,6
M6005,6
M6006,6
M6008,6
M653,6
M654,6
M6543,6
M6544,6
M758,6
M8080,6
M8085,6
M8086,6
M8088,6
M8431,6
M8433,6
M8435,6
M8437,6
M8438,6
M8440,6
M8441,6
M8442,6
M8445,6
M8447,6
M8448,6
M8611,6
M8613,6
M8614,6
M8616,6
M8617,6
M863,6
M8648,6
M866,6
M8661,6
M8662,6
M8663,6
M8665,6
M8666,6
M8667,6
M868,6
M8680,6
M8686,6
M8687,6
M869,6
M8690,6
M8691,6
M8692,6
M8694,6
M8695,6
M8696,6
M8697,6
M8698,6
M9003,6
M9070,6
M9071,6
M9072,6
M9073,6
M9075,6
M9076,6
M9078,6
N001,6
N002,6
N008,6
N009,6
N021,6
N022,6
N023,6
N025,6
N028,6
N029,6
N031,6
N032,6
N039,6
N040,6
N041,6
N043,6
N048,6
N049,6
N050,6
N051,6
N052,6
N057,6
N058,6
N059,6
N082,6
N083,6
N084,6
N085,6
N10X,6
N111,6
N118,6
N119,6
N12X,6
N130,6
N131,6
N132,6
N133,6
N134,6
N136,6
N137,6
N138,6
N151,6
N158,6
N159,6
N170,6
N171,6
N172,6
N179,6
N181,6
N182,6
N183,6
N184,6
N185,6
N189,6
N19X,6
N200,6
N201,6
N202,6
N209,6
N250,6
N251,6
N258,6
N280,6
N281,6
N311,6
N312,6
N318,6
N319,6
N320,6
N328,6
N358,6
N359,6
N390,6
N430,6
N431,6
N432,6
N433,6
N44X,6
N450,6
N459,6
N47X,6
N730,6
N731,6
N734,6
N735,6
N736,6
N739,6
N760,6
N771,6
N800,6
N801,6
N802,6
N803,6
N804,6
N805,6
N806,6
N808,6
N809,6
N830,6
N831,6
N832,6
N838,6
N854,6
N898,6
N920,6
N921,6
N930,6
N938,6
N939,6
N941,6
N990,6
P011,6
P013,6
P030,6
P032,6
P033,6
P050,6
P051,6
P059,6
P070,6
P071,6
P072,6
P073,6
P080,6
P082,6
P111,6
P113,6
P119,6
P120,6
P123,6
P154,6
P200,6
P201,6
P209,6
P210,6
P211,6
P219,6
P220,6
P221,6
P228,6
P229,6
P233,6
P239,6
P240,6
P241,6
P243,6
P249,6
P251,6
P269,6
P271,6
P278,6
P279,6
P280,6
P282,6
P283,6
P284,6
P285,6
P288,6
P289,6
P290,6
P291,6
P292,6
P293,6
P298,6
P351,6
P360,6
P361,6
P362,6
P363,6
P364,6
P368,6
P369,6
P375,6
P38X,6
P390,6
P391,6
P393,6
P394,6
P398,6
P399,6
P520,6
P521,6
P522,6
P523,6
P524,6
P540,6
P541,6
P543,6
P545,6
P546,6
P550,6
P551,6
P583,6
P590,6
P593,6
P598,6
P599,6
P610,6
P611,6
P612,6
P614,6
P616,6
P618,6
P700,6
P701,6
P702,6
P704,6
P708,6
P711,6
P718,6
P719,6
P722,6
P740,6
P741,6
P742,6
P743,6
P744,6
P748,6
P749,6
P75X,6
P760,6
P768,6
P769,6
P77X,6
P780,6
P782,6
P783,6
P788,6
P789,6
P808,6
P809,6
P810,6
P818,6
P830,6
P831,6
P833,6
P835,6
P838,6
P839,6
P90X,6
P912,6
P917,6
P920,6
P921,6
P922,6
P923,6
P924,6
P928,6
P941,6
P942,6
P948,6
P960,6
P961,6
P962,6
P968,6
Q02X,6
Q030,6
Q031,6
Q038,6
Q039,6
Q040,6
Q043,6
Q044,6
Q045,6
Q046,6
Q048,6
Q049,6
Q054,6
Q057,6
Q059,6
Q068,6
Q070,6
Q078,6
Q100,6
Q103,6
Q112,6
Q120,6
Q128,6
Q130,6
Q131,6
Q134,6
Q141,6
Q150,6
Q158,6
Q161,6
Q163,6
Q170,6
Q174,6
Q178,6
Q180,6
Q181,6
Q183,6
Q184,6
Q188,6
Q189,6
Q201,6
Q206,6
Q208,6
Q209,6
Q210,6
Q211,6
Q212,6
Q213,6
Q214,6
Q218,6
Q219,6
Q220,6
Q221,6
Q223,6
Q224,6
Q225,6
Q226,6
Q228,6
Q230,6
Q231,6
Q232,6
Q233,6
Q234,6
Q238,6
Q239,6
Q240,6
Q244,6
Q245,6
Q246,6
Q248,6
Q249,6
Q250,6
Q251,6
Q254,6
Q255,6
Q256,6
Q257,6
Q258,6
Q260,6
Q261,6
Q263,6
Q265,6
Q268,6
Q270,6
Q271,6
Q272,6
Q273,6
Q278,6
Q279,6
Q281,6
Q282,6
Q283,6
Q288,6
Q300,6
Q310,6
Q311,6
Q315,6
Q318,6
Q319,6
Q320,6
Q321,6
Q322,6
Q330,6
Q332,6
Q334,6
Q336,6
Q338,6
Q339,6
Q341,6
Q348,6
Q355,6
Q357,6
Q359,6
Q369,6
Q371,6
Q373,6
Q374,6
Q375,6
Q378,6
Q379,6
Q380,6
Q381,6
Q382,6
Q383,6
Q385,6
Q387,6
Q388,6
Q390,6
Q391,6
Q396,6
Q399,6
Q400,6
Q401,6
Q402,6
Q403,6
Q408,6
Q410,6
Q419,6
Q420,6
Q423,6
Q429,6
Q430,6
Q431,6
Q433,6
Q436,6
Q438,6
Q439,6
Q441,6
Q442,6
Q444,6
Q445,6
Q446,6
Q447,6
Q451,6
Q453,6
Q458,6
Q532,6
Q540,6
Q544,6
Q556,6
Q600,6
Q601,6
Q602,6
Q605,6
Q610,6
Q611,6
Q612,6
Q613,6
Q614,6
Q615,6
Q618,6
Q619,6
Q620,6
Q621,6
Q622,6
Q623,6
Q647,6
Q650,6
Q651,6
Q652,6
Q654,6
Q656,6
Q658,6
Q660,6
Q661,6
Q662,6
Q663,6
Q664,6
Q665,6
Q666,6
Q667,6
Q668,6
Q669,6
Q690,6
Q691,6
Q692,6
Q699,6
Q703,6
Q728,6
Q740,6
Q741,6
Q742,6
Q743,6
Q748,6
Q750,6
Q751,6
Q752,6
Q764,6
Q772,6
Q790,6
Q791,6
Q792,6
Q793,6
Q795,6
Q796,6
Q798,6
Q803,6
Q808,6
Q809,6
Q810,6
Q812,6
Q819,6
Q824,6
Q828,6
Q850,6
Q858,6
Q860,6
Q868,6
Q870,6
Q871,6
Q872,6
Q873,6
Q874,6
Q875,6
Q878,6
Q900,6
Q901,6
Q902,6
Q909,6
Q913,6
Q917,6
Q928,6
Q933,6
Q935,6
Q937,6
Q938,6
Q968,6
Q969,6
Q998,6
R000,6
R001,6
R002,6
R010,6
R02X,6
R030,6
R031,6
R040,6
R042,6
R060,6
R061,6
R073,6
R092,6
R098,6
R100,6
R101,6
R102,6
R103,6
R104,6
R11X,6
R13X,6
R14X,6
R15X,6
R160,6
R162,6
R17X,6
R18X,6
R190,6
R194,6
R195,6
R202,6
R230,6
R251,6
R252,6
R260,6
R262,6
R263,6
R268,6
R270,6
R294,6
R300,6
R31X,6
R32X,6
R33X,6
R35X,6
R391,6
R400,6
R401,6
R402,6
R410,6
R411,6
R412,6
R413,6
R418,6
R42X,6
R440,6
R441,6
R442,6
R443,6
R451,6
R452,6
R454,6
R456,6
R458,6
R462,6
R470,6
R480,6
R482,6
R508,6
R522,6
R53X,6
R54X,6
R55X,6
R560,6
R568,6
R570,6
R571,6
R572,6
R578,6
R579,6
R590,6
R591,6
R600,6
R601,6
R609,6
R610,6
R611,6
R619,6
R628,6
R630,6
R634,6
R636,6
R638,6
R650,6
R651,6
R653,6
R748,6
R778,6
R798,6
R836,6
R933,6
R935,6
R943,6
R944,6
R945,6
S004,6
S018,6
S0200,6
S0210,6
S0211,6
S0220,6
S0221,6
S0230,6
S0240,6
S0250,6
S0260,6
S0261,6
S0270,6
S0271,6
S0280,6
S0281,6
S0290,6
S0600,6
S0610,6
S062,6
S0620,6
S0630,6
S0640,6
S065,6
S0650,6
S0651,6
S066,6
S0660,6
S0661,6
S0680,6
S0690,6
S1200,6
S1210,6
S1220,6
S127,6
S1270,6
S1280,6
S1290,6
S131,6
S140,6
S141,6
S220,6
S2200,6
S2210,6
S241,6
S270,6
S2700,6
S2701,6
S2710,6
S272,6
S2720,6
S2730,6
S2780,6
S320,6
S3200,6
S3201,6
S3210,6
S3220,6
S3230,6
S324,6
S3240,6
S325,6
S3250,6
S327,6
S3270,6
S3280,6
S331,6
S341,6
S360,6
S3600,6
S3601,6
S3610,6
S3611,6
S364,6
S3640,6
S3650,6
S3660,6
S3680,6
S3690,6
S381,6
S411,6
S420,6
S4200,6
S4201,6
S421,6
S4210,6
S422,6
S4220,6
S4221,6
S4230,6
S4231,6
S4240,6
S4241,6
S4270,6
S4280,6
S4290,6
S500,6
S501,6
S507,6
S508,6
S509,6
S510,6
S517,6
S518,6
S519,6
S5200,6
S5201,6
S5210,6
S5211,6
S5220,6
S5221,6
S5230,6
S5231,6
S5240,6
S5241,6
S525,6
S5250,6
S5251,6
S5260,6
S5261,6
S5270,6
S5280,6
S530,6
S531,6
S532,6
S533,6
S534,6
S540,6
S541,6
S542,6
S548,6
S550,6
S551,6
S552,6
S557,6
S560,6
S561,6
S562,6
S563,6
S564,6
S565,6
S567,6
S568,6
S598,6
S599,6
S610,6
S611,6
S617,6
S618,6
S619,6
S7200,6
S7210,6
S722,6
S7220,6
S7230,6
S7231,6
S724,6
S7240,6
S7241,6
S7280,6
S7290,6
S730,6
S820,6
S8200,6
S8210,6
S8211,6
S8220,6
S8230,6
S8231,6
S8240,6
S8241,6
S8250,6
S8251,6
S826,6
S8260,6
S8261,6
S8270,6
S828,6
S8280,6
S8281,6
S830,6
S831,6
S832,6
S833,6
T012,6
T0210,6
T0240,6
T0241,6
T0250,6
T064,6
T093,6
T111,6
T174,6
T175,6
T178,6
T360,6
T361,6
T364,6
T378,6
T381,6
T384,6
T385,6
T387,6
T388,6
T390,6
T391,6
T393,6
T402,6
T403,6
T404,6
T421,6
T424,6
T426,6
T427,6
T430,6
T431,6
T432,6
T433,6
T434,6
T435,6
T436,6
T443,6
T447,6
T450,6
T452,6
T454,6
T456,6
T461,6
T464,6
T465,6
T466,6
T470,6
T471,6
T474,6
T484,6
T485,6
T490,6
T500,6
T501,6
T502,6
T503,6
T504,6
T505,6
T506,6
T508,6
T509,6
T542,6
T543,6
T549,6
T740,6
T741,6
T749,6
T795,6
T810,6
T811,6
T813,6
T814,6
T817,6
T818,6
T820,6
T821,6
T822,6
T823,6
T824,6
T825,6
T826,6
T827,6
T828,6
T829,6
T830,6
T831,6
T832,6
T833,6
T834,6
T835,6
T836,6
T838,6
T839,6
T840,6
T841,6
T842,6
T843,6
T844,6
T845,6
T846,6
T847,6
T848,6
T849,6
T850,6
T852,6
T853,6
T854,6
T855,6
T856,6
T857,6
T858,6
T859,6
T860,6
T861,6
T868,6
U071,6
U072,6
Z030,6
Z032,6
Z035,6
Z038,6
Z205,6
Z21X,6
Z223,6
Z246,6
Z292,6
Z298,6
Z515,6
Z554,6
Z590,6
Z602,6
Z603,6
Z604,6
Z608,6
Z609,6
Z610,6
Z611,6
Z614,6
Z615,6
Z618,6
Z628,6
Z630,6
Z631,6
Z632,6
Z633,6
Z634,6
Z635,6
Z636,6
Z637,6
Z638,6
Z639,6
Z653,6
Z658,6
Z720,6
Z721,6
Z722,6
Z728,6
Z738,6
Z740,6
Z741,6
Z742,6
Z748,6
Z750,6
Z751,6
Z753,6
Z754,6
Z755,6
Z762,6
Z800,6
Z813,6
Z818,6
Z820,6
Z824,6
Z830,6
Z831,6
Z836,6
Z837,6
Z843,6
Z861,6
Z864,6
Z865,6
Z867,6
Z871,6
Z880,6
Z881,6
Z885,6
Z886,6
Z904,6
Z908,6
Z911,6
Z915,6
Z916,6
Z917,6
Z918,6
Z921,6
Z930,6
Z931,6
Z932,6
Z933,6
Z934,6
Z935,6
Z940,6
Z941,6
Z942,6
Z944,6
Z951,6
Z954,6
Z960,6
Z966,6
Z968,6
Z975,6
Z992,6
Z998,6
