A047,237
A080,237
A081,237
A083,237
A084,237
A085,237
A090,237
A099,237
A150,237
A151,237
A152,237
A153,237
A154,237
A156,237
A157,237
A160,237
A162,237
A163,237
A165,237
A169,237
A170,237
A178,237
A180,237
A182,237
A183,237
A190,237
A191,237
A199,237
A208,237
A280,237
A281,237
A310,237
A318,237
A328,237
A35X,237
A390,237
A394,237
A398,237
A399,237
A400,237
A401,237
A402,237
A403,237
A408,237
A409,237
A410,237
A411,237
A412,237
A414,237
A415,237
A418,237
A419,237
A480,237
A483,237
A490,237
A491,237
A492,237
A493,237
A498,237
A521,237
A523,237
A748,237
A810,237
A812,237
A850,237
A858,237
A86X,237
A870,237
A878,237
A879,237
A881,237
A888,237
A920,237
A971,237
A979,237
B000,237
B001,237
B002,237
B004,237
B005,237
B008,237
B009,237
B010,237
B011,237
B012,237
B018,237
B019,237
B020,237
B022,237
B023,237
B027,237
B028,237
B029,237
B171,237
B180,237
B181,237
B182,237
B188,237
B203,237
B204,237
B206,237
B209,237
B213,237
B220,237
B227,237
B232,237
B24X,237
B351,237
B370,237
B371,237
B372,237
B373,237
B374,237
B377,237
B378,237
B379,237
B441,237
B448,237
B450,237
B470,237
B479,237
B481,237
B59X,237
B86X,237
B91X,237
B950,237
B951,237
B952,237
B953,237
B954,237
B955,237
B956,237
B957,237
B958,237
B961,237
B962,237
B963,237
B964,237
B965,237
B968,237
B971,237
B978,237
C000,237
C01X,237
C022,237
C028,237
C029,237
C030,237
C031,237
C051,237
C060,237
C062,237
C07X,237
C090,237
C091,237
C099,237
C109,237
C112,237
C12X,237
C130,237
C140,237
C160,237
C161,237
C162,237
C163,237
C164,237
C165,237
C166,237
C168,237
C169,237
C170,237
C171,237
C180,237
C183,237
C184,237
C185,237
C186,237
C187,237
C188,237
C20X,237
C220,237
C221,237
C222,237
C229,237
C241,237
C251,237
C252,237
C257,237
C258,237
C268,237
C310,237
C313,237
C320,237
C321,237
C322,237
C323,237
C329,237
C340,237
C341,237
C342,237
C343,237
C348,237
C349,237
C400,237
C402,237
C410,237
C412,237
C440,237
C441,237
C442,237
C443,237
C460,237
C490,237
C491,237
C492,237
C493,237
C494,237
C495,237
C496,237
C498,237
C499,237
C500,237
C501,237
C502,237
C503,237
C504,237
C505,237
C506,237
C508,237
C509,237
C511,237
C519,237
C52X,237
C530,237
C539,237
C541,237
C542,237
C543,237
C548,237
C549,237
C55X,237
C56X,237
C578,237
C61X,237
C64X,237
C66X,237
C670,237
C671,237
C672,237
C673,237
C674,237
C675,237
C676,237
C677,237
C678,237
C679,237
C680,237
C688,237
C700,237
C709,237
C710,237
C711,237
C712,237
C713,237
C714,237
C716,237
C718,237
C719,237
C723,237
C740,237
C749,237
C751,237
C760,237
C761,237
C762,237
C763,237
C765,237
C767,237
C770,237
C778,237
C780,237
C781,237
C782,237
C784,237
C785,237
C786,237
C787,237
C788,237
C790,237
C791,237
C792,237
C793,237
C794,237
C795,237
C798,237
C800,237
C811,237
C812,237
C814,237
C820,237
C821,237
C822,237
C823,237
C824,237
C826,237
C827,237
C829,237
C830,237
C831,237
C833,237
C835,237
C837,237
C839,237
C846,237
C847,237
C848,237
C851,237
C852,237
C857,237
C859,237
C860,237
C861,237
C865,237
C866,237
C880,237
C884,237
C900,237
C910,237
C911,237
C913,237
C914,237
C915,237
C917,237
C919,237
C920,237
C921,237
C922,237
C924,237
C925,237
C928,237
C930,237
C931,237
C944,237
C950,237
C959,237
C965,237
C966,237
D000,237
D001,237
D010,237
D013,237
D017,237
D020,237
D075,237
D090,237
D091,237
D093,237
D107,237
D166,237
D168,237
D180,237
D181,237
D250,237
D251,237
D252,237
D259,237
D300,237
D303,237
D320,237
D321,237
D329,237
D330,237
D331,237
D332,237
D333,237
D334,237
D339,237
D350,237
D352,237
D355,237
D361,237
D371,237
D372,237
D374,237
D375,237
D376,237
D377,237
D384,237
D390,237
D391,237
D392,237
D400,237
D411,237
D413,237
D414,237
D421,237
D429,237
D430,237
D431,237
D432,237
D434,237
D443,237
D444,237
D445,237
D461,237
D462,237
D464,237
D465,237
D466,237
D467,237
D469,237
D471,237
D473,237
D477,237
D482,237
D500,237
D501,237
D508,237
D509,237
D510,237
D511,237
D513,237
D519,237
D521,237
D528,237
D529,237
D531,237
D539,237
D550,237
D552,237
D560,237
D561,237
D562,237
D563,237
D564,237
D568,237
D569,237
D570,237
D571,237
D572,237
D573,237
D580,237
D581,237
D582,237
D588,237
D589,237
D591,237
D593,237
D594,237
D595,237
D596,237
D599,237
D600,237
D608,237
D609,237
D610,237
D611,237
D612,237
D613,237
D618,237
D619,237
D62X,237
D630,237
D638,237
D643,237
D648,237
D649,237
D680,237
D681,237
D682,237
D683,237
D684,237
D685,237
D686,237
D688,237
D689,237
D693,237
D694,237
D695,237
D696,237
D70X,237
D728,237
D751,237
D758,237
D821,237
D860,237
D861,237
D862,237
D863,237
D868,237
D869,237
E031,237
E032,237
E034,237
E038,237
E039,237
E040,237
E041,237
E042,237
E049,237
E050,237
E051,237
E052,237
E054,237
E058,237
E059,237
E101,237
E102,237
E103,237
E104,237
E105,237
E106,237
E109,237
E110,237
E111,237
E112,237
E113,237
E114,237
E115,237
E116,237
E117,237
E119,237
E128,237
E131,237
E133,237
E134,237
E135,237
E136,237
E138,237
E139,237
E141,237
E142,237
E143,237
E144,237
E145,237
E146,237
E148,237
E149,237
E160,237
E161,237
E162,237
E210,237
E211,237
E212,237
E213,237
E214,237
E222,237
E232,237
E240,237
E242,237
E243,237
E248,237
E249,237
E271,237
E282,237
E301,237
E41X,237
E43X,237
E441,237
E46X,237
E512,237
E538,237
E559,237
E660,237
E661,237
E662,237
E668,237
E669,237
E700,237
E701,237
E702,237
E703,237
E710,237
E711,237
E713,237
E720,237
E721,237
E722,237
E723,237
E724,237
E728,237
E739,237
E740,237
E741,237
E742,237
E743,237
E748,237
E752,237
E760,237
E761,237
E762,237
E763,237
E780,237
E781,237
E782,237
E784,237
E785,237
E786,237
E788,237
E790,237
E798,237
E800,237
E804,237
E834,237
E835,237
E840,237
E841,237
E848,237
E849,237
E86X,237
E870,237
E871,237
E872,237
E873,237
E875,237
E876,237
E877,237
E878,237
E880,237
F000,237
F001,237
F002,237
F009,237
F011,237
F012,237
F013,237
F019,237
F020,237
F021,237
F022,237
F023,237
F028,237
F03X,237
F050,237
F051,237
F058,237
F059,237
F062,237
F067,237
F068,237
F100,237
F101,237
F102,237
F103,237
F104,237
F105,237
F106,237
F107,237
F109,237
F172,237
F181,237
F191,237
F200,237
F202,237
F204,237
F209,237
F21X,237
F220,237
F228,237
F229,237
F230,237
F232,237
F233,237
F239,237
F24X,237
F250,237
F251,237
F252,237
F259,237
F28X,237
F29X,237
F300,237
F302,237
F309,237
F310,237
F311,237
F312,237
F313,237
F314,237
F315,237
F316,237
F317,237
F318,237
F319,237
F320,237
F321,237
F322,237
F323,237
F328,237
F329,237
F332,237
F333,237
F334,237
F338,237
F339,237
F340,237
F341,237
F348,237
F349,237
F388,237
F39X,237
F400,237
F401,237
F402,237
F410,237
F411,237
F412,237
F413,237
F418,237
F419,237
F420,237
F429,237
F431,237
F438,237
F448,237
F450,237
F500,237
F501,237
F502,237
F505,237
F508,237
F509,237
F515,237
F700,237
F709,237
F721,237
F728,237
F729,237
F800,237
F801,237
F802,237
F803,237
F808,237
F809,237
F810,237
F818,237
F819,237
F82X,237
F83X,237
F840,237
F841,237
F842,237
F845,237
F848,237
F849,237
F89X,237
F900,237
F909,237
F913,237
F919,237
F928,237
F929,237
F930,237
F932,237
F940,237
F942,237
G001,237
G002,237
G003,237
G008,237
G009,237
G01X,237
G020,237
G038,237
G039,237
G040,237
G041,237
G048,237
G049,237
G050,237
G051,237
G058,237
G060,237
G061,237
G062,237
G07X,237
G08X,237
G09X,237
G10X,237
G111,237
G112,237
G114,237
G118,237
G119,237
G122,237
G20X,237
G211,237
G238,237
G240,237
G241,237
G243,237
G244,237
G245,237
G248,237
G249,237
G250,237
G253,235
G258,237
G300,237
G301,237
G308,237
G309,237
G310,237
G311,237
G312,237
G318,237
G319,237
G320,237
G328,237
G35X,233
G372,237
G373,237
G378,236
G379,236
G400,237
G401,231
G402,237
G403,226
G404,235
G405,237
G406,237
G407,237
G408,235
G409,206
G410,237
G411,237
G412,237
G418,237
G419,236
G430,237
G431,237
G432,237
G433,237
G438,237
G439,231
G440,237
G450,237
G453,237
G454,237
G458,237
G459,237
G463,237
G464,237
G470,237
G471,237
G472,237
G473,237
G474,237
G478,237
G479,236
G500,237
G510,235
G530,237
G560,237
G562,237
G588,236
G590,237
G600,237
G610,237
G618,237
G619,237
G620,237
G621,237
G622,237
G628,237
G629,237
G631,237
G632,237
G633,237
G634,237
G635,237
G638,237
G710,236
G711,237
G800,237
G801,236
G802,237
G803,236
G804,237
G808,237
G809,235
G810,237
G811,237
G819,236
G820,237
G821,237
G822,237
G824,237
G825,237
G830,237
G831,237
G832,237
G835,237
G838,237
G910,236
G911,236
G912,237
G913,237
G918,237
G919,235
G930,237
G931,237
G932,236
G933,237
G934,237
G935,237
G936,237
G938,237
G941,237
G942,237
G950,237
G951,237
G952,237
G958,237
G959,237
G960,237
G961,237
G971,236
G978,237
G990,237
G992,237
H021,237
H024,237
H100,237
H101,237
H103,237
H104,237
H105,237
H108,237
H109,237
H113,237
H260,237
H261,237
H262,237
H263,237
H264,237
H268,237
H269,237
H332,237
H350,237
H351,237
H353,237
H355,237
H360,237
H400,237
H401,237
H402,237
H403,237
H404,237
H405,237
H406,237
H408,237
H409,237
H440,237
H46X,237
H471,235
H472,237
H476,237
H492,236
H500,237
H501,237
H502,237
H503,237
H505,237
H506,237
H508,237
H509,237
H530,237
H531,237
H532,237
H533,237
H534,237
H535,237
H536,237
H538,237
H539,237
H540,237
H541,237
H542,237
H544,237
H545,237
H546,237
H55X,237
H570,237
H571,237
H578,237
H600,237
H601,237
H602,237
H603,237
H604,237
H605,237
H608,237
H609,237
H612,237
H660,237
H661,237
H662,237
H663,237
H664,237
H669,236
H690,237
H720,237
H721,237
H722,237
H728,237
H729,237
H810,237
H811,237
H903,236
H904,237
H905,237
H910,237
H911,237
H912,237
H913,237
H918,237
H920,237
I011,237
I050,237
I051,237
I052,237
I058,237
I059,237
I060,237
I071,237
I078,237
I079,237
I080,237
I081,237
I082,237
I083,237
I088,237
I089,237
I090,237
I098,237
I10X,237
I110,237
I119,237
I120,237
I129,237
I130,237
I132,237
I200,237
I201,237
I208,237
I209,237
I210,237
I211,237
I212,237
I213,237
I214,237
I219,237
I220,237
I221,237
I229,237
I240,237
I248,237
I250,237
I251,237
I252,237
I253,237
I254,237
I255,237
I256,237
I258,237
I259,237
I260,237
I269,237
I270,237
I313,237
I330,237
I339,237
I340,237
I341,237
I342,237
I348,237
I349,237
I350,237
I351,237
I352,237
I358,237
I359,237
I361,237
I370,237
I371,237
I379,237
I38X,237
I420,237
I421,237
I422,237
I423,237
I424,237
I425,237
I426,237
I427,237
I428,237
I429,237
I440,237
I441,237
I442,237
I444,237
I445,237
I446,237
I447,237
I450,237
I451,237
I452,237
I453,237
I460,237
I471,237
I472,237
I480,237
I481,237
I482,237
I483,237
I484,237
I489,237
I491,237
I493,237
I495,237
I500,237
I501,237
I509,237
I510,237
I511,237
I512,237
I513,237
I514,237
I515,237
I517,237
I518,237
I600,237
I601,237
I602,237
I609,237
I610,237
I611,237
I612,237
I613,237
I614,237
I615,237
I616,237
I618,237
I619,237
I620,237
I629,237
I630,237
I631,237
I632,237
I633,237
I634,237
I635,237
I636,237
I638,237
I639,237
I64X,237
I650,237
I652,237
I653,237
I660,237
I661,237
I662,237
I663,237
I668,237
I669,237
I670,237
I671,237
I672,237
I674,237
I675,237
I677,237
I678,237
I679,237
I680,237
I690,237
I691,237
I692,237
I693,237
I694,237
I698,237
I700,237
I7000,237
I7001,237
I701,237
I7010,237
I7011,237
I7020,237
I7021,237
I708,237
I7080,237
I7081,237
I710,237
I711,237
I712,237
I713,237
I714,237
I716,237
I718,237
I719,237
I720,237
I723,237
I725,237
I726,237
I728,237
I730,237
I731,237
I738,237
I739,237
I740,237
I741,237
I742,237
I743,237
I744,237
I745,237
I748,237
I770,237
I771,237
I772,237
I774,237
I776,237
I778,237
I779,237
I788,237
I792,237
I801,237
I802,237
I820,237
I828,237
I830,237
I831,237
I832,237
I839,237
I850,237
I859,237
I868,237
I872,237
I890,237
I950,237
I951,237
I952,237
I958,237
I959,237
I971,237
J010,237
J012,237
J014,237
J018,237
J019,237
J050,237
J060,237
J068,237
J09X,237
J100,237
J101,237
J108,237
J110,237
J111,237
J118,237
J121,237
J122,237
J123,237
J128,237
J129,237
J13X,237
J14X,237
J150,237
J151,237
J152,237
J153,237
J154,237
J155,237
J156,237
J157,237
J158,237
J159,237
J168,237
J171,237
J172,237
J173,237
J180,237
J181,237
J182,237
J189,237
J202,237
J205,237
J208,237
J209,237
J210,237
J211,237
J218,237
J219,237
J22X,237
J320,237
J321,237
J322,237
J323,237
J324,237
J328,237
J329,237
J338,237
J348,237
J380,237
J410,237
J42X,237
J431,237
J432,237
J438,237
J439,237
J440,237
J441,237
J448,237
J449,237
J450,237
J451,237
J458,237
J459,237
J47X,237
J680,237
J684,237
J690,237
J698,237
J80X,237
J81X,237
J840,237
J841,237
J848,237
J849,237
J850,237
J851,237
J852,237
J860,237
J869,237
J90X,237
J91X,237
J920,237
J929,237
J930,237
J931,237
J938,237
J939,237
J940,237
J942,237
J948,237
J950,237
J960,237
J9600,237
J9601,237
J9609,237
J961,237
J9610,237
J9611,237
J9619,237
J969,237
J9690,237
J9691,237
J9699,237
J981,237
J984,237
J988,237
K028,237
K029,237
K046,237
K047,237
K088,237
K112,237
K117,237
K121,237
K20X,237
K210,237
K219,237
K221,237
K222,237
K250,237
K251,237
K253,237
K254,237
K255,237
K257,237
K259,237
K260,237
K261,237
K263,237
K264,237
K265,237
K266,237
K267,237
K269,237
K271,237
K274,237
K277,237
K279,237
K290,237
K291,237
K292,237
K293,237
K294,237
K295,237
K296,237
K297,237
K298,237
K299,237
K30X,237
K317,237
K318,237
K400,237
K402,237
K403,237
K404,237
K409,237
K410,237
K412,237
K413,237
K414,237
K419,237
K420,237
K421,237
K429,237
K430,237
K431,237
K432,237
K433,237
K435,237
K436,237
K437,237
K439,237
K440,237
K441,237
K449,237
K450,237
K458,237
K460,237
K461,237
K469,237
K500,237
K501,237
K508,237
K509,237
K510,237
K512,237
K513,237
K514,237
K515,237
K518,237
K519,237
K520,237
K521,237
K522,237
K523,237
K528,237
K529,237
K552,237
K562,237
K563,237
K564,237
K565,237
K566,237
K570,237
K571,237
K572,237
K573,237
K574,237
K575,237
K578,237
K579,237
K580,237
K589,237
K590,237
K592,237
K623,237
K625,237
K635,237
K640,237
K641,237
K642,237
K643,237
K644,237
K645,237
K648,237
K649,237
K700,237
K701,237
K702,237
K703,237
K704,237
K709,237
K711,237
K717,237
K720,237
K721,237
K729,237
K738,237
K740,237
K743,237
K744,237
K745,237
K746,237
K750,237
K754,237
K758,237
K760,237
K761,237
K763,237
K764,237
K766,237
K767,237
K768,237
K769,237
K800,237
K801,237
K802,237
K803,237
K804,237
K805,237
K830,237
K838,237
K850,237
K851,237
K852,237
K853,237
K858,237
K859,237
K860,237
K861,237
K868,237
K900,237
K918,237
K920,237
K921,237
K922,237
L024,237
L030,237
L031,237
L032,237
L033,237
L038,237
L039,237
L080,237
L081,237
L088,237
L089,237
L120,237
L22X,237
L270,237
L290,237
L292,237
L293,237
L298,237
L299,237
L300,237
L301,237
L303,237
L304,237
L308,237
L309,237
L400,237
L401,237
L402,237
L403,237
L404,237
L405,237
L408,237
L409,237
L500,237
L501,237
L502,237
L503,237
L505,237
L508,237
L509,237
L530,237
L538,237
L539,237
L813,237
L890,237
L891,237
L892,237
L893,237
L899,237
L97X,237
L980,237
L981,237
L982,237
L983,237
L984,237
L985,237
L986,237
L988,237
M0001,237
M0003,237
M0004,237
M0005,237
M0006,237
M0007,237
M0021,237
M0023,237
M0024,237
M0025,237
M0026,237
M0027,237
M0081,237
M0086,237
M009,237
M0090,237
M0091,237
M0092,237
M0093,237
M0094,237
M0095,237
M0096,237
M0097,237
M0186,237
M0220,237
M023,237
M0286,237
M029,237
M0290,237
M0294,237
M0295,237
M0296,237
M0297,237
M0366,237
M0367,237
M051,237
M0510,237
M052,237
M053,237
M058,237
M059,237
M0590,237
M0591,237
M0593,237
M0594,237
M0595,237
M0596,237
M0597,237
M0599,237
M060,237
M0600,237
M0604,237
M0605,237
M0606,237
M0608,237
M0609,237
M061,237
M0610,237
M063,237
M0630,237
M0634,237
M064,237
M0640,237
M0644,237
M0646,237
M0649,237
M068,237
M069,237
M0690,237
M0691,237
M0692,237
M0693,237
M0694,237
M0695,237
M0696,237
M0697,237
M0698,237
M0699,237
M070,237
M071,237
M0710,237
M073,237
M0730,237
M0731,237
M0732,237
M0736,237
M0737,237
M0738,237
M0739,237
M074,237
M075,237
M0750,237
M076,237
M080,237
M0800,237
M081,237
M082,237
M083,237
M0830,237
M088,237
M0886,237
M089,237
M0890,237
M0893,237
M0896,237
M0898,237
M0899,237
M100,237
M1000,237
M1002,237
M1003,237
M1004,237
M1006,237
M1007,237
M1008,237
M1009,237
M102,237
M1035,237
M104,237
M109,237
M1090,237
M1092,237
M1093,237
M1094,237
M1096,237
M1097,237
M1098,237
M1099,237
M112,237
M1120,237
M1121,237
M1122,237
M1123,237
M1124,237
M1125,237
M1126,237
M1127,237
M1129,237
M118,237
M1183,237
M1186,237
M119,237
M1190,237
M1191,237
M1193,237
M1196,237
M1197,237
M1199,237
M120,237
M1200,237
M123,237
M1230,237
M1233,237
M1251,237
M1253,237
M1257,237
M128,237
M1288,237
M130,237
M1300,237
M131,237
M1311,237
M1312,237
M1316,237
M1317,237
M1318,237
M138,237
M1380,237
M1381,237
M1383,237
M1385,237
M1386,237
M1387,237
M1389,237
M139,237
M1390,237
M1391,237
M1392,237
M1393,237
M1394,237
M1395,237
M1396,237
M1397,237
M1398,237
M1399,237
M142,237
M143,237
M145,237
M146,237
M148,237
M150,237
M151,237
M152,237
M154,237
M158,237
M159,237
M160,237
M162,237
M163,237
M166,237
M169,237
M170,237
M171,237
M173,237
M174,237
M175,237
M179,237
M180,237
M182,237
M183,237
M189,237
M190,237
M1901,237
M1904,237
M1907,237
M1911,237
M1913,237
M1915,237
M1917,237
M192,237
M1920,237
M1921,237
M1927,237
M198,237
M1982,237
M1987,237
M199,237
M1990,237
M1991,237
M1992,237
M1993,237
M1994,237
M1995,237
M1997,237
M1998,237
M1999,237
M213,237
M2130,237
M2133,237
M2137,237
M255,237
M2550,237
M2551,237
M2552,237
M2553,237
M2554,237
M2555,237
M2556,237
M2557,237
M2558,237
M2559,237
M313,237
M316,237
M320,237
M321,237
M329,237
M353,237
M400,237
M4014,237
M402,237
M4022,237
M4023,237
M4024,237
M4025,237
M4026,237
M410,237
M411,237
M412,237
M4120,237
M4125,237
M413,237
M4130,237
M4134,237
M4135,237
M414,237
M415,237
M4155,237
M4156,237
M418,237
M4180,237
M4185,237
M4186,237
M4187,237
M419,237
M4190,237
M4192,237
M4193,237
M4194,237
M4195,237
M4196,237
M4197,237
M4199,237
M436,237
M45X,237
M45X0,237
M45X2,237
M45X6,237
M45X7,237
M45X8,237
M45X9,237
M462,237
M4622,237
M4624,237
M4626,237
M4628,237
M4632,237
M4634,237
M4636,237
M464,237
M4640,237
M4642,237
M4644,237
M4646,237
M4647,237
M4650,237
M4656,237
M4657,237
M4658,237
M4710,237
M4712,237
M4716,237
M4717,237
M472,237
M4720,237
M4722,237
M4726,237
M4727,237
M4728,237
M478,237
M4780,237
M4782,237
M4783,237
M4784,237
M4785,237
M4786,237
M4787,237
M4788,237
M4789,237
M479,237
M4790,237
M4791,237
M4792,237
M4793,237
M4794,237
M4795,237
M4796,237
M4797,237
M4799,237
M480,237
M4800,237
M4802,237
M4803,237
M4804,237
M4805,237
M4806,237
M4807,237
M4808,237
M4809,237
M484,237
M4840,237
M4844,237
M4845,237
M4846,237
M4848,237
M490,237
M4900,237
M4902,237
M4904,237
M4906,237
M500,237
M502,237
M503,237
M510,237
M511,237
M512,237
M513,237
M541,237
M5410,237
M5412,237
M5413,237
M5414,237
M5415,237
M5416,237
M5417,237
M5418,237
M5419,237
M542,237
M5421,237
M5422,237
M5423,237
M543,237
M5430,237
M5435,237
M5436,237
M5437,237
M5438,237
M5439,237
M544,237
M5445,237
M5446,237
M5447,237
M5448,237
M545,237
M5450,237
M5455,237
M5456,237
M5457,237
M5458,237
M5459,237
M546,237
M5464,237
M5465,237
M548,237
M5480,237
M5481,237
M5482,237
M5483,237
M5484,237
M5486,237
M5487,237
M5489,237
M549,237
M5490,237
M5494,237
M5495,237
M5496,237
M5497,237
M5498,237
M5499,237
M600,237
M6005,237
M6006,237
M6008,237
M628,237
M6280,237
M6281,237
M6282,237
M6283,237
M6284,237
M6285,237
M6286,237
M6287,237
M6288,237
M6289,237
M653,237
M654,237
M6543,237
M6544,237
M671,237
M750,237
M751,237
M758,237
M790,237
M796,237
M7960,237
M7961,237
M7962,237
M7963,237
M7964,237
M7965,237
M7966,237
M7967,237
M798,237
M7980,237
M7981,237
M7982,237
M7983,237
M7984,237
M7985,237
M7986,237
M7987,237
M7988,237
M7989,237
M8040,237
M8048,237
M8080,237
M8085,237
M8086,237
M8088,237
M809,237
M8090,237
M8091,237
M8092,237
M8093,237
M8095,237
M8096,237
M8097,237
M8098,237
M810,237
M8100,237
M812,237
M814,237
M8148,237
M8149,237
M815,237
M8168,237
M818,237
M8180,237
M8185,237
M8188,237
M819,237
M8190,237
M8191,237
M8192,237
M8193,237
M8194,237
M8195,237
M8196,237
M8197,237
M8198,237
M8199,237
M821,237
M8431,237
M8433,237
M8435,237
M8437,237
M8438,237
M8440,237
M8441,237
M8442,237
M8445,237
M8447,237
M8448,237
M8611,237
M8613,237
M8614,237
M8616,237
M8617,237
M863,237
M8648,237
M866,237
M8661,237
M8662,237
M8663,237
M8665,237
M8666,237
M8667,237
M868,237
M8680,237
M8686,237
M8687,237
M869,237
M8690,237
M8691,237
M8692,237
M8694,237
M8695,237
M8696,237
M8697,237
M8698,237
M880,237
M888,237
M8880,237
M8885,237
M8887,237
M8888,237
M889,237
M8890,237
M8895,237
M9003,237
M9070,237
M9071,237
M9072,237
M9073,237
M9075,237
M9076,237
M9078,237
N031,237
N032,237
N039,237
N083,237
N12X,237
N130,237
N131,237
N132,237
N133,237
N170,237
N171,237
N172,237
N179,237
N181,237
N182,237
N183,237
N184,237
N185,237
N189,237
N19X,237
N200,237
N280,237
N281,237
N288,237
N311,237
N312,237
N318,237
N319,237
N328,237
N358,237
N359,237
N390,237
N393,237
N394,237
N40X,237
N430,237
N431,237
N432,237
N433,237
N450,237
N459,237
N47X,237
N508,237
N771,237
N800,237
N801,237
N802,237
N803,237
N804,237
N805,237
N806,237
N808,237
N809,237
N811,237
N830,237
N831,237
N832,237
N898,237
N920,237
N930,237
N938,237
N939,237
N990,237
P050,237
P051,237
P059,237
P070,237
P071,236
P072,237
P073,237
P111,237
P271,237
P288,237
P360,237
P361,237
P362,237
P363,237
P364,237
P368,237
P369,237
P375,237
P520,237
P521,237
P522,237
P523,237
P75X,237
P90X,237
P917,237
P920,235
P921,237
P922,237
P923,237
P924,237
P928,237
P942,237
Q02X,237
Q030,237
Q031,237
Q038,237
Q039,237
Q040,237
Q044,237
Q045,237
Q048,237
Q054,237
Q057,237
Q059,237
Q068,237
Q070,237
Q078,237
Q201,237
Q206,237
Q208,237
Q209,237
Q210,237
Q211,237
Q212,237
Q213,237
Q214,237
Q218,237
Q219,237
Q220,237
Q221,237
Q223,237
Q224,237
Q225,237
Q226,237
Q228,237
Q230,237
Q231,237
Q232,237
Q233,237
Q234,237
Q238,237
Q239,237
Q240,237
Q244,237
Q245,237
Q246,237
Q248,237
Q249,237
Q250,237
Q251,237
Q254,237
Q255,237
Q256,237
Q257,237
Q258,237
Q260,237
Q261,237
Q263,237
Q265,237
Q268,237
Q271,237
Q273,237
Q278,237
Q281,237
Q282,237
Q283,237
Q288,237
Q311,237
Q318,237
Q334,237
Q355,237
Q357,237
Q359,237
Q380,237
Q385,237
Q387,237
Q388,237
Q390,237
Q391,237
Q410,237
Q442,237
Q446,237
Q447,237
Q610,237
Q611,237
Q612,237
Q613,237
Q630,237
Q651,237
Q675,237
Q688,237
Q750,237
Q751,237
Q752,237
Q753,237
Q758,237
Q850,237
Q858,237
Q871,237
Q872,237
Q873,237
Q874,237
Q878,237
Q890,237
Q891,237
Q892,237
Q893,237
Q898,237
Q900,237
Q901,237
Q902,237
Q909,237
Q913,237
Q917,237
Q933,237
Q935,237
Q937,237
Q938,237
Q992,237
Q998,237
R000,237
R001,237
R002,237
R010,237
R011,237
R02X,237
R030,237
R031,237
R040,237
R042,237
R05X,237
R060,237
R061,237
R062,237
R064,237
R070,237
R071,237
R072,237
R073,237
R074,237
R090,237
R092,237
R098,237
R100,237
R101,237
R102,237
R103,237
R104,237
R11X,235
R13X,237
R14X,237
R15X,237
R160,237
R161,237
R162,237
R17X,237
R18X,237
R190,237
R194,237
R195,237
R202,237
R21X,237
R220,237
R221,237
R224,237
R230,237
R231,237
R232,237
R233,237
R234,237
R238,237
R251,237
R252,236
R253,237
R260,237
R262,236
R263,237
R268,235
R270,237
R278,237
R296,236
R300,237
R31X,237
R32X,236
R33X,237
R35X,237
R400,236
R401,237
R402,237
R410,237
R411,237
R412,237
R413,237
R418,237
R42X,237
R440,237
R441,237
R442,237
R443,237
R451,237
R454,237
R455,237
R456,237
R458,237
R460,237
R462,237
R464,237
R468,237
R470,237
R471,237
R478,236
R482,237
R490,237
R502,237
R508,237
R509,237
R51X,227
R521,237
R522,237
R529,237
R53X,237
R54X,237
R55X,237
R560,215
R570,237
R571,237
R572,237
R578,237
R579,237
R590,237
R591,237
R600,237
R601,237
R609,237
R620,236
R628,237
R629,236
R630,237
R631,237
R633,237
R634,237
R636,237
R638,237
R650,237
R651,237
R653,237
R680,237
R700,237
R72X,237
R748,237
R798,237
R836,237
R908,237
R91X,237
R930,233
R932,237
R933,237
R938,237
R940,237
R945,237
S000,237
S001,237
S002,237
S003,237
S004,237
S005,237
S007,237
S008,237
S009,237
S010,237
S011,237
S012,237
S013,237
S014,237
S015,237
S017,237
S018,237
S019,237
S0200,236
S0210,236
S0211,237
S0220,237
S0221,237
S0230,237
S0240,237
S0250,237
S0260,237
S0261,237
S0270,237
S0271,237
S0280,237
S0281,237
S0290,235
S051,237
S058,237
S0610,237
S062,237
S0620,237
S0630,237
S0640,237
S065,237
S0650,237
S0651,237
S066,237
S0660,237
S0661,237
S0680,237
S081,237
S090,237
S091,237
S092,237
S097,237
S098,237
S099,228
S1200,224
S1210,224
S1220,224
S127,224
S1270,224
S1280,224
S1290,224
S131,224
S140,224
S141,224
S202,237
S203,237
S204,237
S207,237
S208,237
S220,224
S2200,224
S2210,224
S223,224
S2230,224
S224,224
S2240,224
S241,224
S300,237
S301,237
S308,237
S320,237
S3200,237
S3201,237
S3210,224
S3220,224
S3230,224
S324,224
S3240,224
S325,224
S3250,224
S327,224
S3270,224
S3280,224
S331,237
S341,224
S360,224
S3600,224
S3601,224
S3610,224
S3611,224
S381,224
S400,237
S407,237
S408,237
S409,237
S430,224
S497,224
S498,224
S500,237
S501,237
S507,237
S508,237
S509,237
S510,224
S517,224
S518,224
S519,224
S5240,224
S5241,224
S600,237
S601,237
S602,237
S607,237
S608,237
S609,237
S610,224
S611,224
S617,224
S618,224
S619,224
S697,224
S698,224
S700,237
S701,237
S707,237
S708,237
S709,237
S7200,224
S7210,224
S722,224
S7220,224
S7230,224
S7231,224
S724,224
S7240,224
S7241,224
S7280,224
S7290,224
S730,224
S798,224
S800,237
S801,237
S807,237
S808,237
S809,237
S810,224
S817,224
S818,224
S819,224
S820,224
S8200,224
S8210,224
S8211,224
S8220,224
S8230,224
S8231,224
S8240,224
S8241,224
S8250,224
S8251,224
S826,224
S8260,224
S8261,224
S8270,224
S828,224
S8280,224
S8281,224
S830,224
S831,224
S832,224
S833,224
T0210,224
T0240,224
T0241,224
T0250,224
T064,237
T093,224
T174,237
T175,237
T178,237
T391,237
T68X,237
T795,224
T810,237
T813,237
T814,237
T818,237
T823,237
T824,237
T826,237
T827,237
T828,237
T830,237
T835,237
T840,237
T841,237
T842,237
T843,237
T844,237
T845,237
T850,237
T856,237
T857,237
T858,237
T860,237
T861,237
T868,237
T902,237
T905,237
T908,237
T911,237
U071,237
U072,237
Z030,237
Z035,237
Z043,237
Z048,237
Z21X,237
Z223,237
Z290,237
Z292,237
Z466,237
Z488,237
Z500,237
Z501,237
Z502,237
Z504,237
Z505,237
Z507,237
Z509,237
Z515,237
Z602,237
Z603,237
Z604,237
Z608,237
Z609,237
Z614,237
Z616,237
Z634,237
Z638,237
Z713,237
Z720,237
Z728,237
Z738,237
Z740,237
Z741,237
Z742,237
Z748,237
Z749,237
Z750,237
Z751,237
Z753,237
Z754,237
Z755,237
Z818,234
Z820,237
Z823,237
Z824,235
Z826,237
Z833,233
Z848,237
Z850,237
Z851,237
Z853,237
Z854,237
Z855,237
Z856,237
Z860,237
Z861,237
Z862,237
Z864,237
Z865,237
Z866,237
Z867,237
Z870,236
Z871,237
Z873,237
Z874,237
Z878,237
Z880,237
Z881,237
Z882,237
Z883,237
Z884,237
Z885,237
Z886,237
Z887,237
Z888,237
Z889,237
Z895,237
Z896,237
Z897,237
Z900,237
Z904,237
Z905,237
Z911,237
Z915,237
Z920,237
Z921,237
Z922,237
Z923,237
Z924,237
Z930,237
Z931,237
Z932,237
Z933,237
Z934,237
Z935,237
Z936,237
Z938,237
Z939,237
Z940,237
Z941,237
Z942,237
Z944,237
Z946,237
Z947,237
Z948,237
Z949,237
Z950,237
Z951,237
Z952,237
Z953,237
Z954,237
Z955,237
Z958,237
Z959,237
Z960,237
Z961,237
Z962,237
Z966,237
Z967,237
Z968,237
Z974,237
Z978,237
Z980,237
Z982,237
Z988,237
Z991,237
Z992,237
Z993,237
Z998,237
R568,212
