A009,107
A010,107
A014,107
A020,107
A021,107
A022,107
A028,107
A029,107
A031,107
A033,107
A039,107
A040,107
A042,107
A043,107
A044,107
A045,107
A046,107
A047,107
A048,107
A059,107
A071,107
A072,107
A080,107
A081,107
A083,107
A084,107
A085,107
A090,107
A099,107
A150,107
A151,107
A152,107
A153,107
A154,107
A156,107
A157,107
A160,107
A162,107
A163,107
A165,107
A169,107
A170,107
A178,107
A180,107
A182,107
A183,107
A190,107
A191,107
A199,107
A208,107
A280,107
A281,107
A310,107
A311,107
A318,107
A319,107
A328,107
A35X,107
A370,107
A379,107
A390,107
A394,107
A398,107
A399,107
A400,107
A401,107
A402,107
A403,107
A408,107
A409,107
A410,107
A411,107
A412,107
A414,107
A415,107
A418,107
A419,107
A480,107
A483,107
A490,107
A491,107
A492,107
A493,107
A498,107
A521,107
A523,107
A748,107
A810,107
A812,107
A850,107
A858,107
A86X,107
A870,107
A878,107
A879,107
A881,107
A888,107
A920,107
A971,107
A979,107
B000,107
B001,107
B002,107
B004,107
B005,107
B008,107
B009,107
B010,107
B011,107
B012,107
B018,107
B019,107
B020,107
B022,107
B023,107
B027,107
B028,107
B029,107
B059,107
B159,107
B169,107
B171,107
B172,107
B178,107
B179,107
B180,107
B181,107
B182,107
B188,107
B189,107
B199,107
B203,107
B204,107
B206,107
B209,107
B213,107
B220,107
B227,107
B232,107
B24X,107
B250,107
B251,107
B258,107
B259,107
B270,107
B271,107
B279,107
B351,107
B370,107
B371,107
B372,107
B373,107
B374,107
B377,107
B378,107
B379,107
B440,107
B441,107
B448,107
B449,107
B450,107
B470,107
B479,107
B481,107
B508,107
B509,107
B519,107
B54X,107
B573,107
B59X,107
B950,107
B951,107
B952,107
B953,107
B954,107
B955,107
B956,107
B957,107
B958,107
B960,107
B961,107
B962,107
B963,107
B964,107
B965,107
B966,107
B967,107
B968,107
B971,107
B972,107
B974,107
B976,107
B977,107
B978,107
C000,107
C01X,107
C022,107
C028,107
C029,107
C030,107
C031,107
C051,107
C060,107
C062,107
C069,107
C07X,107
C089,107
C090,107
C091,107
C099,107
C109,107
C112,107
C119,107
C12X,107
C130,107
C139,107
C140,107
C150,107
C153,107
C154,107
C155,107
C158,107
C159,107
C160,107
C161,107
C162,107
C163,107
C164,107
C165,107
C166,107
C168,107
C169,107
C170,107
C171,107
C172,107
C179,107
C180,107
C181,107
C182,107
C183,107
C184,107
C185,107
C186,107
C187,107
C188,107
C189,107
C19X,107
C20X,107
C210,107
C211,107
C218,107
C220,107
C221,107
C222,107
C229,107
C23X,107
C240,107
C241,107
C249,107
C250,107
C251,107
C252,107
C253,107
C257,107
C258,107
C259,107
C260,107
C268,107
C269,107
C300,107
C310,107
C313,107
C319,107
C320,107
C321,107
C322,107
C323,107
C329,107
C33X,107
C340,107
C341,107
C342,107
C343,107
C348,107
C349,107
C37X,107
C383,107
C400,107
C402,107
C410,107
C411,107
C412,107
C413,107
C414,107
C430,107
C431,107
C432,107
C433,107
C434,107
C435,107
C436,107
C437,107
C439,107
C440,107
C441,107
C442,107
C443,107
C444,107
C445,107
C446,107
C447,107
C449,107
C450,107
C451,107
C459,107
C460,107
C480,107
C481,107
C482,107
C490,107
C491,107
C492,107
C493,107
C494,107
C495,107
C496,107
C498,107
C499,107
C500,107
C501,107
C502,107
C503,107
C504,107
C505,107
C506,107
C508,107
C509,107
C511,107
C519,107
C52X,107
C530,107
C539,107
C541,107
C542,107
C543,107
C548,107
C549,107
C55X,107
C56X,107
C570,107
C578,107
C579,107
C600,107
C601,107
C609,107
C61X,107
C621,107
C629,107
C632,107
C64X,107
C65X,107
C66X,107
C670,107
C671,107
C672,107
C673,107
C674,107
C675,107
C676,107
C677,107
C678,107
C679,107
C680,107
C688,107
C689,107
C690,107
C692,107
C693,107
C694,107
C696,107
C700,107
C709,107
C710,107
C711,107
C712,107
C713,107
C714,107
C716,107
C718,107
C719,107
C723,107
C73X,107
C740,107
C749,107
C751,107
C755,107
C760,107
C761,107
C762,107
C763,107
C765,107
C767,107
C770,107
C771,107
C772,107
C773,107
C774,107
C775,107
C778,107
C779,107
C780,107
C781,107
C782,107
C783,107
C784,107
C785,107
C786,107
C787,107
C788,107
C790,107
C791,107
C792,107
C793,107
C794,107
C795,107
C796,107
C797,107
C798,107
C800,107
C810,107
C811,107
C812,107
C814,107
C817,107
C819,107
C820,107
C821,107
C822,107
C823,107
C824,107
C826,107
C827,107
C829,107
C830,107
C831,107
C833,107
C835,107
C837,107
C839,107
C840,107
C844,107
C846,107
C847,107
C848,107
C851,107
C852,107
C857,107
C859,107
C860,107
C861,107
C865,107
C866,107
C880,107
C884,107
C900,107
C902,107
C910,107
C911,107
C913,107
C914,107
C915,107
C917,107
C919,107
C920,107
C921,107
C922,107
C924,107
C925,107
C928,107
C930,107
C931,107
C944,107
C946,107
C950,107
C959,107
C965,107
C966,107
C97X,107
D000,107
D001,107
D010,107
D013,107
D017,107
D020,107
D075,107
D090,107
D091,107
D093,107
D107,107
D166,107
D168,107
D180,107
D250,107
D251,107
D252,107
D259,107
D300,107
D303,107
D320,107
D321,107
D329,107
D330,107
D331,107
D332,107
D333,107
D334,107
D339,107
D352,107
D355,107
D361,107
D371,107
D372,107
D374,107
D375,107
D376,107
D377,107
D384,107
D390,107
D391,107
D392,107
D400,107
D411,107
D413,107
D414,107
D421,107
D429,107
D430,107
D431,107
D432,107
D434,107
D443,107
D444,107
D445,107
D45X,107
D461,107
D462,107
D464,107
D465,107
D466,107
D467,107
D469,107
D477,107
D482,107
D500,107
D501,107
D508,107
D509,107
D510,107
D511,107
D513,107
D519,107
D521,107
D528,107
D529,107
D531,107
D539,107
D550,107
D552,107
D560,107
D561,107
D562,107
D563,107
D564,107
D568,107
D569,107
D570,107
D571,107
D572,107
D573,107
D580,107
D581,107
D582,107
D588,107
D589,107
D591,107
D593,107
D594,107
D595,107
D596,107
D599,107
D600,107
D608,107
D609,107
D610,107
D611,107
D612,107
D613,107
D618,107
D619,107
D62X,107
D630,107
D638,107
D643,107
D648,107
D649,107
D65X,107
D66X,107
D67X,107
D680,107
D681,107
D682,107
D683,107
D684,107
D685,107
D686,107
D688,107
D689,107
D690,107
D691,107
D692,107
D693,107
D694,107
D695,107
D696,107
D698,107
D699,107
D70X,107
D730,107
D758,107
D761,107
D763,107
D801,107
D802,107
D803,107
D804,107
D805,107
D806,107
D808,107
D811,107
D813,107
D818,107
D819,107
D820,107
D821,107
D824,107
D828,107
D830,107
D838,107
D839,107
D860,107
D861,107
D862,107
D863,107
D868,107
D869,107
E009,107
E031,107
E032,107
E034,107
E038,107
E039,107
E050,107
E051,107
E052,107
E054,107
E058,107
E059,107
E101,107
E102,107
E103,107
E104,107
E105,107
E106,107
E109,107
E110,107
E111,107
E112,107
E113,107
E114,107
E115,107
E116,107
E117,107
E119,107
E128,107
E131,107
E133,107
E134,107
E135,107
E136,107
E138,107
E139,107
E141,107
E142,107
E143,107
E144,107
E145,107
E146,107
E148,107
E149,107
E160,107
E161,107
E162,107
E201,107
E208,107
E209,107
E210,107
E211,107
E212,107
E213,107
E214,107
E215,107
E220,107
E221,107
E222,107
E228,107
E229,107
E230,107
E231,107
E232,107
E233,107
E236,107
E237,107
E240,107
E242,107
E243,107
E248,107
E249,107
E250,107
E260,107
E261,107
E268,107
E269,107
E270,107
E271,107
E272,107
E273,107
E274,107
E275,107
E278,107
E279,107
E320,107
E328,107
E41X,107
E559,107
E660,107
E661,107
E662,107
E668,107
E669,107
E700,107
E701,107
E702,107
E703,107
E710,107
E711,107
E713,107
E720,107
E721,107
E722,107
E723,107
E724,107
E728,107
E739,107
E740,107
E741,107
E742,107
E743,107
E748,107
E751,107
E752,107
E755,107
E760,107
E761,107
E762,107
E763,107
E790,107
E798,107
E800,107
E830,107
E834,107
E835,107
E838,107
E840,107
E841,107
E848,107
E849,107
E850,107
E851,107
E858,107
E86X,107
E870,107
E871,107
E872,107
E875,107
E876,107
E877,107
E878,107
E890,107
F000,107
F001,107
F002,107
F009,107
F011,107
F012,107
F013,107
F019,107
F020,107
F021,107
F022,107
F023,107
F028,107
F03X,107
F050,107
F051,107
F058,107
F059,107
F067,107
F070,107
F072,107
F101,107
F102,107
F103,107
F112,107
F121,107
F171,107
F181,107
F200,107
F202,107
F204,107
F209,107
F21X,107
F220,107
F228,107
F229,107
F230,107
F232,107
F233,107
F239,107
F28X,107
F310,107
F311,107
F312,107
F313,107
F314,107
F315,107
F316,107
F317,107
F318,107
F319,107
F320,107
F321,107
F322,107
F323,107
F328,107
F329,107
F332,107
F333,107
F334,107
F338,107
F339,107
F340,107
F341,107
F348,107
F349,107
F401,107
F410,107
F411,107
F412,107
F413,107
F418,107
F419,107
F420,107
F429,107
F430,107
F431,107
F432,107
F438,107
F439,107
F440,107
F444,107
F445,107
F447,107
F448,107
F449,107
F450,107
F452,107
F453,107
F454,107
F458,107
F459,107
F500,107
F501,107
F502,107
F505,107
F508,107
F509,107
F515,107
F600,107
F601,107
F602,107
F603,107
F604,107
F605,107
F606,107
F607,107
F608,107
F609,107
F700,107
F709,107
F711,107
F719,107
F721,107
F728,107
F729,107
F739,107
F781,107
F789,107
F800,107
F801,107
F802,107
F803,107
F808,107
F809,107
F810,107
F818,107
F819,107
F82X,107
F83X,107
F840,107
F841,107
F842,107
F845,107
F848,107
F849,107
F89X,107
F900,107
F909,107
F913,107
F919,107
F928,107
F929,107
F930,107
F932,107
F940,107
F942,107
G001,107
G002,107
G003,107
G008,107
G009,107
G01X,107
G020,107
G038,107
G039,107
G040,107
G041,107
G048,107
G049,107
G050,107
G051,107
G058,107
G060,107
G061,107
G062,107
G07X,107
G08X,107
G09X,107
G10X,107
G111,107
G112,107
G114,107
G118,107
G119,107
G120,107
G121,107
G122,107
G128,107
G129,107
G131,107
G20X,107
G210,107
G211,107
G214,107
G219,107
G230,107
G231,107
G232,107
G233,107
G238,107
G239,107
G240,107
G241,107
G243,107
G244,107
G245,107
G248,107
G249,107
G250,107
G251,107
G252,107
G253,107
G255,107
G258,107
G259,107
G300,107
G301,107
G308,107
G309,107
G310,107
G311,107
G312,107
G318,107
G319,107
G320,107
G328,107
G35X,107
G360,107
G372,107
G373,107
G378,107
G379,107
G400,107
G401,107
G402,107
G403,107
G404,107
G405,107
G406,107
G407,107
G408,107
G409,107
G410,107
G411,107
G412,107
G418,107
G419,107
G450,107
G453,107
G454,107
G458,107
G459,107
G464,107
G473,107
G550,107
G552,107
G610,107
G632,107
G700,107
G702,107
G708,107
G709,107
G710,107
G711,107
G712,107
G713,107
G720,107
G721,107
G724,107
G728,107
G729,107
G730,107
G731,107
G732,107
G737,107
G800,107
G801,107
G802,107
G803,107
G804,107
G808,107
G809,107
G810,107
G811,107
G819,107
G820,107
G821,107
G822,107
G824,107
G825,107
G830,107
G831,107
G832,107
G834,107
G835,107
G838,107
G839,107
G900,107
G901,107
G902,107
G904,107
G908,107
G909,107
G910,107
G911,107
G912,107
G913,107
G918,107
G919,107
G930,107
G931,107
G932,107
G933,107
G934,107
G935,107
G936,107
G938,107
G950,107
G951,107
G952,107
G960,107
G992,107
H050,107
H053,107
H100,107
H101,107
H103,107
H104,107
H105,107
H108,107
H109,107
H113,107
H171,107
H178,107
H179,107
H200,107
H201,107
H208,107
H209,107
H210,107
H215,107
H250,107
H251,107
H258,107
H259,107
H260,107
H261,107
H262,107
H263,107
H264,107
H268,107
H269,107
H302,107
H309,107
H311,107
H330,107
H332,107
H333,107
H335,107
H351,107
H360,107
H400,107
H401,107
H402,107
H403,107
H404,107
H405,107
H406,107
H408,107
H409,107
H431,107
H440,107
H441,107
H444,107
H46X,107
H470,107
H476,107
H477,107
H500,107
H501,107
H502,107
H503,107
H505,107
H506,107
H508,107
H509,107
H530,107
H531,107
H532,107
H533,107
H534,107
H535,107
H536,107
H538,107
H539,107
H540,107
H541,107
H542,107
H544,107
H545,107
H546,107
H600,107
H601,107
H602,107
H603,107
H604,107
H605,107
H608,107
H609,107
H690,107
H901,107
H906,107
H907,107
H910,107
H911,107
H912,107
H913,107
H918,107
I00X,107
I011,107
I019,107
I020,107
I050,107
I051,107
I052,107
I058,107
I059,107
I060,107
I071,107
I078,107
I079,107
I080,107
I081,107
I082,107
I083,107
I088,107
I089,107
I090,107
I098,107
I10X,107
I110,107
I119,107
I120,107
I129,107
I130,107
I131,107
I132,107
I139,107
I150,107
I152,107
I159,107
I200,107
I201,107
I208,107
I209,107
I210,107
I211,107
I212,107
I213,107
I214,107
I219,107
I220,107
I221,107
I229,107
I231,107
I240,107
I241,107
I248,107
I249,107
I250,107
I251,107
I252,107
I253,107
I254,107
I255,107
I256,107
I258,107
I259,107
I260,107
I269,107
I270,107
I272,107
I278,107
I279,107
I288,107
I301,107
I309,107
I311,107
I312,107
I313,107
I319,107
I330,107
I339,107
I340,107
I341,107
I342,107
I348,107
I349,107
I350,107
I351,107
I352,107
I358,107
I359,107
I361,107
I370,107
I371,107
I379,107
I38X,107
I420,107
I421,107
I422,107
I423,107
I424,107
I425,107
I426,107
I427,107
I428,107
I429,107
I431,107
I438,107
I440,107
I444,107
I445,107
I446,107
I447,107
I450,107
I451,107
I460,107
I461,107
I469,107
I470,107
I471,107
I472,107
I479,107
I480,107
I481,107
I482,107
I483,107
I484,107
I489,107
I490,107
I491,107
I492,107
I493,107
I494,107
I495,107
I498,107
I499,107
I500,107
I501,107
I509,107
I511,107
I512,107
I513,107
I517,107
I600,107
I601,107
I602,107
I609,107
I610,107
I611,107
I612,107
I613,107
I614,107
I615,107
I616,107
I618,107
I619,107
I620,107
I629,107
I630,107
I631,107
I632,107
I633,107
I634,107
I635,107
I636,107
I638,107
I639,107
I64X,107
I650,107
I652,107
I653,107
I660,107
I661,107
I662,107
I663,107
I668,107
I669,107
I670,107
I671,107
I672,107
I674,107
I675,107
I677,107
I678,107
I679,107
I680,107
I690,107
I691,107
I692,107
I693,107
I694,107
I698,107
I700,107
I7000,107
I7001,107
I7020,107
I7021,107
I708,107
I7080,107
I7081,107
I710,107
I711,107
I712,107
I713,107
I718,107
I723,107
I725,107
I726,107
I728,107
I740,107
I741,107
I742,107
I743,107
I744,107
I745,107
I748,107
I749,107
I772,107
I788,107
I801,107
I802,107
I81X,107
I820,107
I822,107
I823,107
I828,107
I829,107
I830,107
I832,107
I850,107
I859,107
I868,107
I971,107
J00X,107
J010,107
J012,107
J014,107
J018,107
J019,107
J020,107
J028,107
J029,107
J030,107
J038,107
J039,107
J040,107
J041,107
J042,107
J050,107
J051,107
J060,107
J068,107
J069,107
J09X,107
J100,107
J101,107
J108,107
J110,107
J111,107
J118,107
J121,107
J122,107
J123,107
J128,107
J129,107
J13X,107
J14X,107
J150,107
J151,107
J152,107
J153,107
J154,107
J155,107
J156,107
J157,107
J158,107
J159,107
J168,107
J171,107
J172,107
J173,107
J180,107
J181,107
J182,107
J189,107
J202,107
J205,107
J208,107
J209,107
J210,107
J211,107
J218,107
J219,107
J22X,107
J301,107
J323,107
J431,107
J432,107
J438,107
J439,107
J440,107
J441,107
J448,107
J449,107
J450,107
J46X,107
J47X,107
J680,107
J684,107
J690,107
J698,107
J80X,107
J81X,107
J82X,107
J840,107
J841,107
J848,107
J849,107
J850,107
J851,107
J852,107
J860,107
J869,107
J90X,107
J91X,107
J930,107
J931,107
J938,107
J939,107
J940,107
J942,107
J948,107
J958,107
J960,107
J9600,107
J9601,107
J9609,107
J961,107
J9610,107
J9611,107
J9619,107
J969,107
J9690,107
J9691,107
J9699,107
J980,107
J981,107
J982,107
J984,107
J985,107
J986,107
J988,107
K210,107
K219,107
K222,107
K250,107
K251,107
K253,107
K254,107
K255,107
K257,107
K259,107
K260,107
K261,107
K263,107
K264,107
K265,107
K266,107
K267,107
K269,107
K271,107
K274,107
K277,107
K279,107
K290,107
K291,107
K292,107
K293,107
K294,107
K295,107
K296,107
K297,107
K298,107
K299,107
K352,107
K353,107
K358,107
K36X,107
K37X,107
K381,107
K388,107
K440,107
K441,107
K449,107
K500,107
K501,107
K508,107
K509,107
K510,107
K512,107
K513,107
K514,107
K515,107
K518,107
K519,107
K520,107
K521,107
K522,107
K523,107
K528,107
K529,107
K560,107
K563,107
K564,107
K565,107
K566,107
K625,107
K650,107
K658,107
K659,107
K700,107
K701,107
K702,107
K703,107
K704,107
K709,107
K710,107
K711,107
K712,107
K716,107
K717,107
K718,107
K719,107
K720,107
K721,107
K729,107
K730,107
K732,107
K738,107
K739,107
K740,107
K743,107
K744,107
K745,107
K746,107
K750,107
K753,107
K754,107
K758,107
K759,107
K760,107
K761,107
K763,107
K764,107
K766,107
K767,107
K768,107
K769,107
K770,107
K778,107
K800,107
K801,107
K802,107
K803,107
K804,107
K805,107
K808,107
K810,107
K811,107
K818,107
K819,107
K820,107
K821,107
K822,107
K823,107
K824,107
K828,107
K829,107
K830,107
K831,107
K832,107
K833,107
K834,107
K835,107
K838,107
K839,107
K850,107
K851,107
K852,107
K853,107
K858,107
K859,107
K860,107
K861,107
K862,107
K863,107
K868,107
K869,107
K900,107
K901,107
K902,107
K904,107
K908,107
K909,107
K910,107
K911,107
K912,107
K913,107
K914,107
K918,107
K920,107
K921,107
K922,107
L00X,107
L011,107
L020,107
L021,107
L022,107
L023,107
L024,107
L028,107
L029,107
L030,107
L031,107
L032,107
L033,107
L038,107
L039,107
L040,107
L041,107
L042,107
L043,107
L048,107
L049,107
L080,107
L081,107
L088,107
L089,107
L130,107
L131,107
L138,107
L139,107
L208,107
L209,107
L210,107
L218,107
L219,107
L22X,107
L231,107
L232,107
L233,107
L236,107
L239,107
L244,107
L245,107
L248,107
L249,107
L251,107
L254,107
L258,107
L259,107
L26X,107
L270,107
L271,107
L278,107
L280,107
L281,107
L282,107
L290,107
L292,107
L293,107
L298,107
L299,107
L300,107
L301,107
L303,107
L304,107
L308,107
L309,107
L400,107
L401,107
L402,107
L403,107
L404,107
L405,107
L408,107
L409,107
L511,107
L512,107
L518,107
L530,107
L538,107
L539,107
L890,107
L891,107
L892,107
L893,107
L899,107
L940,107
L942,107
L943,107
L948,107
L949,107
L950,107
L958,107
L959,107
L97X,107
L984,107
M0001,107
M0003,107
M0004,107
M0005,107
M0006,107
M0007,107
M0021,107
M0023,107
M0024,107
M0025,107
M0026,107
M0027,107
M0081,107
M0086,107
M009,107
M0090,107
M0091,107
M0092,107
M0093,107
M0094,107
M0095,107
M0096,107
M0097,107
M0186,107
M0220,107
M023,107
M0286,107
M029,107
M0290,107
M0294,107
M0295,107
M0296,107
M0297,107
M0366,107
M0367,107
M051,107
M0510,107
M052,107
M053,107
M058,107
M059,107
M0590,107
M0591,107
M0593,107
M0594,107
M0595,107
M0596,107
M0597,107
M0599,107
M060,107
M0600,107
M0604,107
M0605,107
M0606,107
M0608,107
M0609,107
M061,107
M0610,107
M063,107
M0630,107
M0634,107
M064,107
M0640,107
M0644,107
M0646,107
M0649,107
M068,107
M069,107
M0690,107
M0691,107
M0692,107
M0693,107
M0694,107
M0695,107
M0696,107
M0697,107
M0698,107
M0699,107
M070,107
M071,107
M0710,107
M073,107
M0730,107
M0731,107
M0732,107
M0736,107
M0737,107
M0738,107
M0739,107
M074,107
M075,107
M0750,107
M076,107
M080,107
M0800,107
M081,107
M082,107
M083,107
M0830,107
M088,107
M0886,107
M089,107
M0890,107
M0893,107
M0896,107
M0898,107
M0899,107
M100,107
M1000,107
M1002,107
M1003,107
M1004,107
M1006,107
M1007,107
M1008,107
M1009,107
M102,107
M1035,107
M104,107
M109,107
M1090,107
M1092,107
M1093,107
M1094,107
M1096,107
M1097,107
M1098,107
M1099,107
M112,107
M1120,107
M1121,107
M1122,107
M1123,107
M1124,107
M1125,107
M1126,107
M1127,107
M1129,107
M118,107
M1183,107
M1186,107
M119,107
M1190,107
M1191,107
M1193,107
M1196,107
M1197,107
M1199,107
M120,107
M1200,107
M123,107
M1230,107
M1233,107
M1251,107
M1253,107
M1257,107
M128,107
M1288,107
M130,107
M1300,107
M131,107
M1311,107
M1312,107
M1316,107
M1317,107
M1318,107
M138,107
M1380,107
M1381,107
M1383,107
M1385,107
M1386,107
M1387,107
M1389,107
M139,107
M1390,107
M1391,107
M1392,107
M1393,107
M1394,107
M1395,107
M1396,107
M1397,107
M1398,107
M1399,107
M142,107
M143,107
M145,107
M146,107
M148,107
M150,107
M151,107
M152,107
M154,107
M158,107
M159,107
M160,107
M162,107
M163,107
M166,107
M169,107
M170,107
M171,107
M173,107
M174,107
M175,107
M179,107
M180,107
M182,107
M183,107
M189,107
M190,107
M1901,107
M1904,107
M1907,107
M1911,107
M1913,107
M1915,107
M1917,107
M192,107
M1920,107
M1921,107
M1927,107
M198,107
M1982,107
M1987,107
M199,107
M1990,107
M1991,107
M1992,107
M1993,107
M1994,107
M1995,107
M1997,107
M1998,107
M1999,107
M213,107
M2130,107
M2133,107
M2137,107
M300,107
M301,107
M303,107
M308,107
M310,107
M311,107
M313,107
M314,107
M315,107
M316,107
M317,107
M318,107
M319,107
M320,107
M321,107
M329,107
M330,107
M331,107
M332,107
M339,107
M340,107
M341,107
M348,107
M349,107
M350,107
M351,107
M352,107
M353,107
M357,107
M358,107
M359,107
M363,107
M410,107
M411,107
M412,107
M4120,107
M4125,107
M413,107
M4130,107
M4134,107
M4135,107
M414,107
M415,107
M4155,107
M4156,107
M418,107
M4180,107
M4185,107
M4186,107
M4187,107
M419,107
M4190,107
M4192,107
M4193,107
M4194,107
M4195,107
M4196,107
M4197,107
M4199,107
M45X,107
M45X0,107
M45X2,107
M45X6,107
M45X7,107
M45X8,107
M45X9,107
M462,107
M4622,107
M4624,107
M4626,107
M4628,107
M4632,107
M4634,107
M4636,107
M464,107
M4640,107
M4642,107
M4644,107
M4646,107
M4647,107
M4650,107
M4656,107
M4657,107
M4658,107
M4710,107
M4712,107
M4716,107
M4717,107
M484,107
M4840,107
M4844,107
M4845,107
M4846,107
M4848,107
M485,107
M4850,107
M4852,107
M4854,107
M4855,107
M4856,107
M4858,107
M490,107
M4900,107
M4902,107
M4904,107
M4906,107
M500,107
M600,107
M6005,107
M6006,107
M6008,107
M653,107
M654,107
M6543,107
M6544,107
M8040,107
M8048,107
M8080,107
M8085,107
M8086,107
M8088,107
M809,107
M8090,107
M8091,107
M8092,107
M8093,107
M8095,107
M8096,107
M8097,107
M8098,107
M8431,107
M8433,107
M8435,107
M8437,107
M8438,107
M8440,107
M8441,107
M8442,107
M8445,107
M8447,107
M8448,107
M8611,107
M8613,107
M8614,107
M8616,107
M8617,107
M863,107
M8648,107
M866,107
M8661,107
M8662,107
M8663,107
M8665,107
M8666,107
M8667,107
M868,107
M8680,107
M8686,107
M8687,107
M869,107
M8690,107
M8691,107
M8692,107
M8694,107
M8695,107
M8696,107
M8697,107
M8698,107
M8715,107
M8792,107
M8795,107
M9003,107
M9070,107
M9071,107
M9072,107
M9073,107
M9075,107
M9076,107
M9078,107
M966,107
N001,107
N002,107
N008,107
N009,107
N021,107
N022,107
N023,107
N025,107
N028,107
N029,107
N031,107
N032,107
N039,107
N040,107
N041,107
N043,107
N048,107
N049,107
N050,107
N051,107
N052,107
N057,107
N058,107
N059,107
N082,107
N083,107
N084,107
N085,107
N10X,107
N111,107
N118,107
N119,107
N12X,107
N130,107
N131,107
N132,107
N133,107
N134,107
N136,107
N137,107
N138,107
N151,107
N158,107
N159,107
N170,107
N171,107
N172,107
N179,107
N181,107
N182,107
N183,107
N184,107
N185,107
N189,107
N19X,107
N200,107
N201,107
N202,107
N209,107
N250,107
N251,107
N258,107
N280,107
N311,107
N312,107
N318,107
N319,107
N320,107
N358,107
N359,107
N390,107
N44X,107
N450,107
N459,107
N990,107
P050,107
P051,107
P059,107
P070,107
P071,107
P072,107
P073,107
P111,107
P113,107
P119,107
P210,107
P211,107
P219,107
P220,107
P221,107
P228,107
P229,107
P233,107
P239,107
P240,107
P241,107
P243,107
P249,107
P251,107
P269,107
P271,107
P278,107
P279,107
P280,107
P282,107
P283,107
P284,107
P285,107
P288,107
P289,107
P290,107
P291,107
P292,107
P293,107
P298,107
P351,107
P360,107
P361,107
P362,107
P363,107
P364,107
P368,107
P369,107
P375,107
P38X,107
P390,107
P391,107
P393,107
P394,107
P398,107
P399,107
P520,107
P521,107
P522,107
P523,107
P524,107
P540,107
P541,107
P543,107
P545,107
P546,107
P550,107
P551,107
P583,107
P590,107
P593,107
P598,107
P599,107
P610,107
P611,107
P612,107
P614,107
P616,107
P618,107
P700,107
P701,107
P702,107
P704,107
P708,107
P711,107
P718,107
P719,107
P722,107
P740,107
P741,107
P742,107
P743,107
P744,107
P748,107
P749,107
P75X,107
P760,107
P768,107
P769,107
P77X,107
P780,107
P782,107
P783,107
P788,107
P789,107
P808,107
P809,107
P810,107
P818,107
P830,107
P831,107
P833,107
P835,107
P838,107
P839,107
P90X,107
P912,107
P917,107
P920,107
P921,107
P922,107
P923,107
P924,107
P928,107
P941,107
P942,107
P948,107
P960,107
P961,107
P962,107
Q02X,107
Q030,107
Q031,107
Q038,107
Q039,107
Q040,107
Q043,107
Q044,107
Q045,107
Q046,107
Q048,107
Q049,107
Q054,107
Q057,107
Q059,107
Q068,107
Q070,107
Q078,107
Q112,107
Q120,107
Q130,107
Q131,107
Q134,107
Q141,107
Q150,107
Q158,107
Q161,107
Q163,107
Q201,107
Q206,107
Q208,107
Q209,107
Q210,107
Q211,107
Q212,107
Q213,107
Q214,107
Q218,107
Q219,107
Q220,107
Q221,107
Q223,107
Q224,107
Q225,107
Q226,107
Q228,107
Q230,107
Q231,107
Q232,107
Q233,107
Q234,107
Q238,107
Q239,107
Q240,107
Q244,107
Q245,107
Q246,107
Q248,107
Q249,107
Q250,107
Q251,107
Q254,107
Q255,107
Q256,107
Q257,107
Q258,107
Q260,107
Q261,107
Q263,107
Q265,107
Q268,107
Q270,107
Q271,107
Q272,107
Q273,107
Q278,107
Q279,107
Q281,107
Q282,107
Q283,107
Q288,107
Q300,107
Q310,107
Q311,107
Q315,107
Q318,107
Q319,107
Q320,107
Q321,107
Q322,107
Q330,107
Q332,107
Q334,107
Q336,107
Q338,107
Q339,107
Q341,107
Q348,107
Q355,107
Q357,107
Q359,107
Q369,107
Q371,107
Q373,107
Q374,107
Q375,107
Q378,107
Q379,107
Q380,107
Q381,107
Q382,107
Q383,107
Q385,107
Q387,107
Q388,107
Q390,107
Q391,107
Q396,107
Q399,107
Q400,107
Q401,107
Q402,107
Q403,107
Q408,107
Q410,107
Q419,107
Q420,107
Q423,107
Q429,107
Q430,107
Q431,107
Q433,107
Q436,107
Q438,107
Q439,107
Q441,107
Q442,107
Q444,107
Q445,107
Q446,107
Q447,107
Q451,107
Q453,107
Q458,107
Q600,107
Q601,107
Q602,107
Q605,107
Q610,107
Q611,107
Q612,107
Q613,107
Q614,107
Q615,107
Q618,107
Q619,107
Q620,107
Q621,107
Q622,107
Q650,107
Q651,107
Q652,107
Q654,107
Q656,107
Q658,107
Q660,107
Q661,107
Q662,107
Q663,107
Q664,107
Q665,107
Q666,107
Q667,107
Q668,107
Q669,107
Q740,107
Q741,107
Q742,107
Q743,107
Q748,107
Q750,107
Q751,107
Q764,107
Q772,107
Q790,107
Q791,107
Q792,107
Q793,107
Q795,107
Q796,107
Q798,107
Q803,107
Q808,107
Q809,107
Q810,107
Q812,107
Q819,107
Q824,107
Q850,107
Q858,107
Q860,107
Q870,107
Q871,107
Q872,107
Q873,107
Q874,107
Q875,107
Q878,107
Q900,107
Q901,107
Q902,107
Q909,107
Q913,107
Q917,107
Q928,107
Q933,107
Q937,107
Q938,107
Q998,107
R000,107
R001,107
R010,107
R02X,107
R031,107
R040,107
R05X,107
R092,107
R103,107
R13X,107
R15X,107
R162,107
R18X,107
R202,107
R21X,107
R220,107
R233,107
R260,107
R262,107
R263,107
R268,107
R31X,107
R32X,107
R33X,107
R400,107
R401,107
R402,107
R410,107
R411,107
R412,107
R413,107
R418,107
R42X,107
R440,107
R441,107
R442,107
R443,107
R451,107
R454,107
R458,107
R470,107
R482,107
R502,107
R508,107
R509,107
R54X,107
R570,107
R571,107
R572,107
R578,107
R579,107
R600,107
R601,107
R609,107
R628,107
R630,107
R634,107
R650,107
R651,107
R653,107
R836,107
R930,107
R945,107
S001,107
S0220,107
S0221,107
S0230,107
S202,107
S300,107
S301,107
S302,107
S307,107
S310,107
S320,107
S3200,106
S3201,107
S331,107
S400,107
S407,107
S420,62
S4200,60
S4201,62
S421,62
S4210,62
S422,62
S4220,62
S4221,62
S4230,62
S4231,62
S4240,59
S4241,62
S4280,62
S4290,57
S500,107
S501,107
S507,107
S508,107
S509,107
S510,62
S517,62
S518,62
S519,62
S5200,62
S5201,62
S5210,62
S5211,62
S5220,61
S5221,62
S5230,62
S5231,62
S5240,59
S5241,61
S525,62
S5250,59
S5251,62
S5260,59
S5270,62
S5280,62
S530,62
S531,62
S532,62
S533,62
S534,62
S540,62
S541,62
S542,62
S548,62
S550,62
S551,62
S552,62
S557,62
S560,62
S561,62
S562,62
S563,62
S564,62
S565,62
S567,62
S568,62
S598,62
S599,62
S600,107
S601,107
S602,107
S607,107
S610,62
S611,62
S617,62
S618,62
S619,60
S700,107
S701,107
S800,107
T002,107
T006,107
T0240,61
T0241,62
T064,107
T090,107
T110,107
T130,107
T174,107
T175,107
T178,107
T740,107
T741,107
T749,107
T810,107
T811,107
T813,107
T814,107
T817,107
T818,107
T820,107
T821,107
T822,107
T823,107
T824,107
T825,107
T826,107
T827,107
T828,107
T829,107
T830,107
T831,107
T832,107
T833,107
T834,107
T835,107
T836,107
T838,107
T839,107
T840,107
T841,107
T842,107
T843,107
T844,107
T845,107
T846,107
T847,107
T848,107
T849,107
T850,107
T852,107
T853,107
T854,107
T855,107
T856,107
T857,107
T858,107
T859,107
T860,107
T861,107
T868,107
T911,107
T913,107
U071,107
U072,107
Z030,107
Z21X,107
Z515,107
Z602,107
Z603,107
Z604,107
Z608,107
Z609,107
Z614,107
Z616,107
Z618,107
Z630,107
Z631,107
Z632,107
Z633,107
Z634,107
Z635,107
Z636,107
Z637,107
Z638,107
Z639,107
Z720,107
Z722,107
Z738,107
Z740,107
Z741,107
Z742,107
Z748,107
Z750,107
Z751,107
Z753,107
Z754,107
Z755,107
Z818,107
Z820,107
Z825,107
Z866,107
Z867,107
Z870,107
Z871,107
Z874,107
Z876,107
Z878,107
Z880,107
Z881,107
Z888,107
Z895,107
Z905,107
Z911,107
Z916,107
Z917,107
Z918,107
Z921,107
Z930,107
Z931,107
Z932,107
Z933,107
Z934,107
Z935,107
Z936,107
Z938,107
Z939,107
Z940,107
Z941,107
Z942,107
Z944,107
Z946,107
Z947,107
Z948,107
Z949,107
Z950,107
Z951,107
Z954,107
Z955,107
Z958,107
Z966,107
Z992,107
Z993,107
Z998,107
S7200,62
S7210,62
S722,64
S7220,64
S7230,64
S7231,64
S724,64
S7240,64
S7241,64
S7280,64
S7290,60
S730,64
S820,64
S8200,64
S8210,64
S8211,64
S8220,63
S8230,59
S8231,64
S8240,64
S8241,64
S8250,62
S8251,64
S826,64
S8260,64
S8261,64
S8270,64
S828,64
S8280,64
S8281,64
S830,63
S831,64
S832,64
S833,64
T0250,64
S011,45
S012,45
S018,41
S0200,45
S0210,45
S0211,45
S0240,45
S0250,45
S0260,45
S0261,45
S0270,45
S0271,45
S0280,45
S0281,45
S0290,45
S032,45
S058,45
S0600,45
S0610,45
S062,45
S0620,45
S0630,45
S0640,45
S065,45
S0650,45
S0651,45
S066,45
S0660,45
S0661,45
S0680,45
S0690,45
S1200,42
S1210,42
S1220,42
S127,42
S1270,42
S1280,42
S1290,42
S131,42
S140,42
S141,42
S220,42
S2200,42
S2210,40
S241,42
S270,36
S2700,36
S2701,36
S2710,36
S272,36
S2720,36
S2730,36
S2780,36
S3210,42
S3220,42
S3230,42
S324,42
S3240,42
S325,42
S3250,41
S327,42
S3270,42
S3280,39
S341,42
S360,36
S3600,36
S3601,36
S3610,36
S3611,36
S364,36
S3640,36
S3650,36
S3660,36
S3680,36
S3690,36
S381,42
S4270,36
S5261,61
T0210,42
T093,42
T795,37
