A009,584
A010,584
A014,584
A020,584
A021,584
A022,584
A028,584
A029,584
A031,584
A033,584
A039,584
A040,584
A042,584
A043,584
A044,584
A045,583
A046,584
A047,584
A048,584
A059,584
A071,584
A072,584
A080,584
A081,584
A083,584
A084,584
A085,584
A090,584
A099,582
A150,584
A151,584
A152,584
A153,584
A154,584
A156,584
A157,584
A160,584
A162,584
A163,584
A165,584
A169,584
A170,584
A178,584
A180,584
A182,584
A183,584
A190,584
A191,584
A199,584
A208,584
A280,584
A281,584
A310,583
A311,584
A318,584
A319,584
A328,584
A35X,584
A370,584
A379,584
A390,584
A394,584
A398,584
A399,583
A400,583
A401,581
A402,584
A403,584
A408,584
A409,580
A410,584
A411,584
A412,584
A414,584
A415,584
A418,583
A419,521
A480,584
A483,584
A490,580
A491,581
A492,584
A493,584
A498,584
A521,584
A523,584
A527,584
A530,584
A539,584
A600,584
A748,584
A810,584
A812,584
A850,584
A858,584
A86X,584
A870,579
A878,583
A881,584
A888,584
A920,584
A971,584
A979,584
B000,571
B001,584
B002,580
B004,584
B005,584
B008,584
B009,568
B010,584
B011,582
B012,584
B018,576
B019,561
B020,584
B022,584
B023,583
B027,584
B028,583
B029,582
B059,583
B081,584
B159,584
B169,584
B171,584
B172,584
B178,583
B179,584
B180,584
B181,584
B182,584
B188,584
B189,584
B199,584
B203,584
B204,584
B206,584
B209,584
B213,584
B220,584
B227,584
B232,584
B24X,584
B250,584
B251,584
B258,584
B259,584
B270,580
B271,584
B279,564
B348,582
B351,584
B353,584
B369,584
B370,584
B371,584
B372,584
B373,584
B374,583
B377,584
B378,584
B379,584
B440,584
B441,584
B448,584
B449,584
B450,584
B470,584
B479,584
B481,584
B488,584
B49X,583
B508,584
B509,584
B519,584
B54X,584
B573,584
B59X,584
B948,584
B950,583
B951,584
B952,579
B953,584
B954,584
B955,584
B956,577
B957,584
B958,583
B960,584
B961,582
B962,574
B963,584
B964,583
B965,583
B966,584
B967,584
B968,583
B971,584
B972,584
B974,583
B976,584
B977,584
B978,582
C000,584
C01X,584
C022,584
C028,584
C029,584
C030,584
C031,584
C051,584
C060,584
C062,584
C069,584
C07X,584
C089,584
C090,584
C091,584
C099,584
C109,584
C112,584
C119,584
C12X,584
C130,584
C139,584
C140,584
C150,584
C153,584
C154,584
C155,584
C158,584
C159,584
C160,584
C161,584
C162,584
C163,584
C164,584
C165,584
C166,584
C168,584
C169,584
C170,584
C171,584
C172,584
C179,584
C180,584
C181,584
C182,584
C183,584
C184,584
C185,584
C186,584
C187,584
C188,584
C189,584
C19X,584
C20X,584
C210,584
C211,584
C218,584
C220,584
C221,584
C222,584
C229,584
C23X,584
C240,584
C241,584
C249,584
C250,584
C251,584
C252,584
C253,584
C257,584
C258,584
C259,584
C260,584
C268,584
C269,584
C300,584
C310,584
C313,584
C319,584
C320,584
C321,584
C322,584
C323,584
C329,584
C33X,584
C340,584
C341,584
C342,584
C343,584
C348,584
C349,584
C37X,584
C383,584
C400,584
C402,584
C410,584
C411,584
C412,583
C413,584
C414,584
C430,584
C431,584
C432,584
C433,584
C434,584
C435,584
C436,584
C437,584
C439,584
C440,584
C441,584
C442,584
C443,584
C444,584
C445,584
C446,584
C447,584
C449,584
C450,584
C451,584
C459,584
C460,584
C480,584
C481,584
C482,584
C490,584
C491,584
C492,584
C493,584
C494,584
C495,584
C496,584
C498,584
C499,584
C500,584
C501,584
C502,584
C503,584
C504,584
C505,584
C506,584
C508,584
C509,584
C511,584
C519,584
C52X,584
C530,584
C539,584
C541,584
C542,584
C543,584
C548,584
C549,584
C55X,584
C56X,584
C570,584
C578,584
C579,584
C600,584
C601,584
C609,584
C61X,584
C621,584
C629,584
C632,584
C64X,584
C65X,584
C66X,584
C670,584
C671,584
C672,584
C673,584
C674,584
C675,584
C676,584
C677,584
C678,584
C679,584
C680,584
C688,584
C689,584
C690,584
C692,584
C693,584
C694,584
C696,584
C700,584
C709,584
C710,584
C711,584
C712,584
C713,584
C714,584
C716,584
C718,584
C719,584
C723,584
C73X,584
C740,584
C749,584
C751,584
C755,584
C760,584
C761,584
C762,584
C763,584
C765,584
C767,584
C770,584
C771,584
C772,584
C773,584
C774,584
C775,584
C778,584
C779,584
C780,584
C781,584
C782,584
C783,584
C784,584
C785,584
C786,584
C787,584
C788,584
C790,584
C791,584
C792,584
C793,584
C794,584
C795,584
C796,584
C797,584
C798,584
C800,584
C810,584
C811,584
C812,584
C814,584
C817,584
C819,584
C820,584
C821,584
C822,584
C823,584
C824,584
C826,584
C827,584
C829,584
C830,584
C831,584
C833,584
C835,584
C837,584
C839,584
C840,584
C844,584
C846,584
C847,584
C848,584
C851,584
C852,584
C857,584
C859,584
C860,584
C861,584
C865,584
C866,584
C880,584
C884,584
C900,584
C902,584
C910,582
C911,584
C913,584
C914,584
C915,584
C917,584
C919,584
C920,584
C921,584
C922,584
C924,584
C925,584
C928,584
C930,584
C931,584
C944,584
C946,584
C950,584
C959,584
C965,584
C966,584
C97X,584
D000,584
D001,584
D010,584
D013,584
D017,584
D020,584
D075,584
D090,584
D091,584
D093,584
D107,584
D166,584
D168,584
D180,584
D250,584
D251,584
D252,584
D259,584
D300,584
D303,584
D320,584
D321,584
D329,584
D330,584
D331,584
D332,584
D333,584
D334,584
D339,584
D352,584
D355,584
D361,584
D371,584
D372,584
D374,584
D375,584
D376,584
D377,584
D384,584
D390,584
D391,584
D392,584
D400,584
D411,584
D413,584
D414,584
D421,584
D429,584
D430,584
D431,584
D432,584
D434,584
D443,584
D444,584
D445,584
D45X,584
D470,584
D471,584
D472,584
D473,584
D474,584
D475,584
D477,584
D479,584
D482,584
D500,584
D501,584
D508,583
D509,583
D510,584
D511,584
D513,584
D519,584
D521,584
D528,584
D529,584
D531,584
D539,584
D550,584
D552,584
D560,584
D561,584
D562,584
D563,584
D564,584
D568,584
D569,584
D570,583
D571,583
D572,583
D573,584
D580,584
D581,584
D582,584
D588,584
D589,583
D591,584
D593,584
D594,584
D595,584
D596,584
D599,584
D600,584
D608,584
D609,584
D610,584
D611,584
D612,584
D613,584
D618,584
D619,584
D62X,584
D630,584
D638,584
D643,584
D648,584
D649,584
D65X,584
D66X,584
D67X,584
D680,584
D681,584
D682,584
D683,584
D684,584
D685,584
D686,584
D688,584
D689,583
D690,581
D691,584
D692,584
D693,584
D694,584
D695,584
D696,584
D698,584
D699,584
D70X,582
D761,584
D763,584
D801,584
D802,584
D803,584
D804,584
D805,584
D806,584
D808,584
D811,584
D813,584
D818,584
D819,584
D820,584
D821,584
D824,584
D828,584
D830,584
D838,584
D839,584
D848,584
D860,584
D861,584
D862,584
D863,584
D868,584
D869,584
D898,584
E009,584
E031,584
E032,584
E034,584
E038,584
E039,583
E101,584
E102,584
E103,584
E104,584
E105,584
E106,584
E109,584
E110,584
E111,584
E112,584
E113,584
E114,584
E115,584
E116,584
E117,584
E119,584
E128,584
E131,584
E133,584
E134,584
E135,584
E136,584
E138,584
E139,584
E141,584
E142,584
E143,584
E144,584
E145,584
E146,584
E148,584
E149,584
E161,584
E201,584
E208,584
E209,584
E210,584
E211,584
E212,584
E213,584
E214,584
E215,584
E220,584
E221,584
E222,584
E228,584
E229,584
E230,584
E231,584
E232,584
E233,584
E236,584
E237,584
E240,584
E242,584
E243,584
E248,584
E249,584
E250,584
E260,584
E261,584
E268,584
E269,584
E270,584
E271,584
E272,584
E273,584
E274,584
E275,584
E278,584
E279,584
E282,584
E301,584
E320,584
E328,584
E41X,584
E43X,584
E441,584
E46X,584
E538,584
E559,584
E611,584
E660,584
E661,584
E662,584
E668,584
E669,584
E700,584
E701,584
E702,584
E703,584
E710,584
E711,584
E713,584
E720,584
E721,584
E722,584
E723,584
E724,584
E728,584
E739,584
E740,584
E741,584
E742,584
E743,584
E748,584
E751,584
E752,584
E755,584
E760,584
E761,584
E762,584
E763,584
E780,584
E781,584
E782,584
E784,584
E785,584
E790,584
E798,584
E800,584
E806,584
E830,584
E834,584
E835,584
E838,584
E840,584
E841,584
E848,584
E849,584
E850,584
E851,584
E858,584
E86X,583
E870,584
E871,584
E872,584
E875,584
E876,584
E877,584
E878,584
E880,584
F000,584
F001,584
F002,584
F009,584
F011,584
F012,584
F013,584
F019,584
F020,584
F021,584
F022,584
F023,584
F028,584
F03X,584
F050,584
F051,584
F058,584
F059,584
F067,584
F070,584
F072,584
F101,584
F102,584
F112,584
F142,584
F171,584
F172,584
F181,584
F191,584
F192,584
F200,584
F202,584
F204,584
F209,584
F21X,584
F220,584
F228,584
F229,584
F230,584
F232,584
F233,584
F239,584
F24X,584
F250,584
F251,584
F252,584
F259,584
F28X,584
F29X,584
F310,584
F311,584
F312,584
F313,584
F314,584
F315,584
F316,584
F317,584
F318,584
F319,584
F320,584
F321,584
F322,584
F323,584
F328,584
F329,584
F332,584
F333,584
F334,584
F338,584
F339,584
F340,584
F341,584
F348,584
F349,584
F401,584
F410,584
F411,584
F412,584
F413,584
F418,584
F419,583
F420,584
F429,584
F430,584
F431,584
F432,584
F438,584
F439,584
F440,584
F444,584
F445,584
F447,584
F448,584
F449,584
F450,584
F452,584
F453,584
F454,584
F458,584
F459,584
F500,584
F501,584
F502,584
F505,584
F508,584
F509,584
F515,584
F700,584
F709,584
F711,584
F719,584
F721,584
F728,584
F729,584
F739,584
F781,584
F789,584
F800,584
F801,584
F802,584
F803,584
F808,584
F809,584
F810,584
F818,584
F819,584
F82X,584
F83X,584
F840,581
F841,584
F842,584
F845,584
F848,584
F849,584
F89X,584
F900,581
F909,584
F913,584
F919,584
F928,584
F929,584
F930,584
F932,584
F940,584
F942,584
G001,584
G002,581
G003,584
G008,584
G009,578
G01X,584
G020,579
G038,584
G039,580
G040,584
G041,584
G048,584
G049,582
G050,584
G051,582
G058,584
G060,577
G061,584
G062,584
G07X,584
G08X,584
G09X,584
G10X,584
G111,584
G112,584
G114,584
G118,584
G119,584
G120,584
G121,584
G122,584
G128,584
G129,584
G131,584
G20X,584
G210,584
G211,584
G214,584
G219,584
G230,584
G231,584
G232,584
G233,584
G238,584
G239,584
G240,584
G241,584
G243,584
G244,584
G245,584
G248,584
G249,584
G250,584
G251,584
G252,584
G253,584
G255,584
G258,584
G259,584
G300,584
G301,584
G308,584
G309,584
G310,584
G311,584
G312,584
G318,584
G319,584
G320,584
G328,584
G35X,584
G360,584
G372,584
G373,584
G378,584
G379,584
G400,584
G401,584
G402,584
G403,584
G404,584
G405,584
G406,584
G407,584
G408,584
G409,584
G410,584
G411,584
G412,584
G418,584
G419,584
G464,584
G473,584
G510,584
G610,582
G618,584
G619,582
G620,584
G621,584
G622,584
G628,584
G629,584
G631,584
G632,584
G633,584
G634,584
G635,584
G638,584
G700,584
G702,584
G708,584
G709,584
G710,584
G711,584
G712,584
G713,584
G720,584
G721,584
G724,584
G728,584
G729,584
G730,584
G731,584
G732,584
G737,584
G800,584
G801,584
G802,584
G803,584
G804,584
G808,584
G809,584
G810,584
G811,584
G819,584
G820,584
G821,584
G822,584
G824,584
G825,584
G830,584
G831,584
G832,584
G834,584
G835,584
G838,584
G839,584
G900,584
G901,584
G902,584
G904,584
G908,584
G909,584
G910,584
G911,584
G912,584
G913,584
G918,584
G919,584
G930,584
G931,584
G932,584
G933,584
G934,584
G935,584
G936,584
G938,584
G950,584
G951,584
G952,584
G992,584
H000,584
H024,584
H050,583
H053,584
H100,584
H101,584
H103,584
H104,584
H105,584
H108,584
H109,582
H113,584
H171,584
H178,584
H179,584
H200,584
H201,584
H208,584
H209,584
H210,584
H215,584
H260,584
H261,584
H262,584
H263,584
H264,584
H268,584
H269,584
H302,584
H309,584
H311,584
H330,584
H332,584
H333,584
H335,584
H350,584
H351,584
H360,584
H400,584
H401,584
H402,584
H403,584
H404,584
H405,584
H406,584
H408,584
H409,584
H431,584
H440,584
H441,584
H444,584
H46X,584
H470,584
H476,584
H477,584
H500,584
H501,584
H502,584
H503,584
H505,584
H506,584
H508,584
H509,584
H530,584
H531,584
H532,584
H533,584
H534,584
H535,584
H536,584
H538,584
H539,584
H540,584
H541,584
H542,584
H544,584
H545,584
H546,584
H55X,584
H578,584
H600,584
H601,584
H602,584
H603,584
H604,584
H605,584
H608,584
H609,583
H650,584
H651,584
H652,584
H653,584
H654,584
H659,584
H690,584
H700,584
H701,584
H708,584
H709,584
H901,584
H903,584
H906,584
H907,584
H910,584
H911,584
H912,584
H913,584
H918,584
H921,584
I00X,584
I011,584
I019,584
I020,584
I050,584
I051,584
I052,584
I058,584
I059,584
I060,584
I071,584
I078,584
I079,584
I080,584
I081,584
I082,584
I083,584
I088,584
I089,584
I090,584
I098,584
I10X,584
I110,584
I119,584
I120,584
I129,584
I130,584
I131,584
I132,584
I139,584
I150,584
I152,584
I159,584
I200,584
I201,584
I208,584
I209,584
I231,584
I240,584
I241,584
I248,584
I249,584
I250,584
I251,584
I252,584
I253,584
I254,584
I255,584
I256,584
I258,584
I259,584
I260,584
I269,584
I270,584
I272,584
I278,584
I279,584
I288,584
I301,584
I309,584
I311,584
I312,584
I313,584
I319,584
I330,584
I339,584
I340,584
I341,584
I342,584
I348,584
I349,584
I350,584
I351,584
I352,584
I358,584
I359,584
I361,584
I370,584
I371,584
I379,584
I38X,584
I420,584
I421,584
I422,584
I423,584
I424,584
I425,584
I426,584
I427,584
I428,584
I429,584
I431,584
I438,584
I456,584
I460,584
I461,584
I469,584
I470,584
I471,584
I472,584
I479,584
I480,584
I481,584
I482,584
I483,584
I484,584
I489,584
I490,584
I500,584
I501,584
I509,584
I511,584
I512,584
I513,584
I517,584
I600,584
I601,584
I602,584
I609,584
I610,584
I611,584
I612,584
I613,584
I614,584
I615,584
I616,584
I618,584
I619,584
I620,584
I629,584
I630,584
I631,584
I632,584
I633,584
I634,584
I635,584
I636,584
I638,584
I639,584
I64X,584
I650,584
I652,584
I653,584
I660,584
I661,584
I662,584
I663,584
I668,584
I669,584
I670,584
I671,584
I672,584
I674,584
I675,584
I677,584
I678,584
I679,584
I680,584
I690,584
I691,584
I692,584
I693,584
I694,584
I698,584
I700,584
I7000,584
I7001,584
I7020,584
I7021,584
I708,584
I7080,584
I7081,584
I710,584
I711,584
I712,584
I713,584
I718,584
I723,584
I725,584
I726,584
I728,584
I730,583
I731,584
I738,584
I739,584
I740,584
I741,584
I742,584
I743,584
I744,584
I745,584
I748,584
I749,584
I772,584
I788,584
I801,584
I802,584
I81X,584
I820,584
I822,584
I823,584
I828,584
I829,584
I830,584
I832,584
I850,584
I859,584
I868,584
I880,584
I881,584
I888,583
I889,571
I890,584
I950,584
I951,584
I952,584
I958,584
I959,584
I971,584
I982,584
I983,584
J010,584
J012,584
J014,584
J018,584
J019,584
J030,584
J038,584
J039,577
J09X,584
J100,584
J101,581
J108,581
J110,582
J111,582
J118,584
J121,584
J122,584
J123,583
J128,584
J129,583
J13X,584
J14X,584
J150,584
J151,584
J152,584
J153,584
J154,584
J155,584
J156,584
J157,584
J158,584
J159,584
J168,584
J171,584
J172,584
J173,584
J180,584
J181,584
J182,584
J189,584
J202,584
J205,584
J208,584
J209,584
J210,584
J211,584
J218,584
J219,584
J22X,583
J301,584
J302,584
J303,584
J304,584
J320,584
J321,584
J322,584
J323,584
J324,584
J328,584
J329,584
J351,583
J387,584
J392,584
J431,584
J432,584
J438,584
J439,584
J440,584
J441,584
J448,584
J449,584
J450,583
J46X,584
J47X,584
J680,584
J684,584
J690,584
J698,584
J80X,584
J81X,584
J82X,584
J840,584
J841,584
J848,584
J849,584
J850,584
J851,584
J852,584
J860,584
J869,584
J90X,584
J91X,584
J930,584
J931,584
J938,584
J939,584
J940,584
J942,584
J948,584
J960,584
J9600,584
J9601,584
J9609,584
J961,584
J9610,584
J9611,584
J9619,584
J969,584
J9690,584
J9691,584
J9699,584
J980,584
J981,584
J982,584
J984,584
J985,584
J986,584
J988,584
K028,584
K029,584
K130,584
K20X,584
K210,584
K219,583
K221,584
K222,584
K250,584
K251,584
K253,584
K254,584
K255,584
K257,584
K259,584
K260,584
K261,584
K263,584
K264,584
K265,584
K266,584
K267,584
K269,584
K271,584
K274,584
K277,584
K279,584
K290,584
K291,584
K292,584
K293,584
K294,584
K295,584
K296,584
K297,584
K298,584
K299,584
K352,584
K353,584
K358,584
K36X,584
K37X,584
K381,584
K388,584
K400,584
K402,584
K420,584
K421,584
K429,584
K440,584
K441,584
K449,584
K500,584
K501,584
K508,584
K509,584
K510,584
K512,584
K513,584
K514,584
K515,584
K518,584
K519,584
K520,584
K521,584
K522,584
K523,584
K528,584
K529,580
K560,584
K561,584
K562,584
K563,584
K564,584
K565,584
K567,584
K572,584
K573,584
K580,584
K589,584
K590,581
K598,584
K600,584
K601,584
K602,584
K625,584
K628,584
K638,584
K650,584
K658,584
K659,584
K700,584
K701,584
K702,584
K703,584
K704,584
K709,584
K710,584
K711,584
K712,584
K716,584
K717,584
K718,584
K719,584
K720,584
K721,584
K729,584
K730,584
K732,584
K738,584
K739,584
K740,584
K743,584
K744,584
K745,584
K746,584
K750,584
K753,584
K754,584
K758,584
K759,584
K760,584
K761,584
K763,584
K764,584
K766,584
K767,584
K768,584
K769,584
K770,583
K778,584
K800,584
K801,584
K802,584
K803,584
K804,584
K805,584
K808,584
K810,584
K811,584
K818,584
K819,584
K820,584
K821,584
K822,584
K823,584
K824,584
K828,584
K829,584
K830,584
K831,584
K832,584
K833,584
K834,584
K835,584
K838,584
K839,584
K850,584
K851,584
K852,584
K853,584
K858,584
K859,584
K860,584
K861,584
K862,584
K863,584
K868,584
K869,584
K900,584
K901,584
K902,584
K904,579
K908,584
K909,584
K910,584
K911,584
K912,584
K913,584
K914,584
K918,584
K920,584
K921,584
K922,584
L00X,584
L010,576
L011,581
L020,583
L021,579
L022,582
L023,581
L024,580
L028,583
L029,568
L030,572
L031,547
L032,580
L033,581
L038,579
L039,520
L040,553
L041,584
L042,584
L043,584
L048,584
L049,554
L080,584
L081,584
L088,584
L089,570
L130,584
L131,584
L138,584
L139,584
L208,584
L209,584
L210,584
L218,584
L219,584
L22X,584
L231,584
L232,584
L233,584
L236,584
L239,584
L244,584
L245,584
L248,584
L249,584
L251,584
L254,584
L258,584
L259,584
L26X,584
L270,583
L271,584
L278,584
L280,584
L281,584
L282,584
L290,584
L292,584
L293,584
L298,584
L299,584
L300,584
L301,584
L303,582
L304,584
L308,584
L309,577
L400,584
L401,584
L402,584
L403,584
L404,584
L405,584
L408,584
L409,584
L511,584
L512,584
L518,584
L530,584
L538,584
L539,584
L600,584
L730,584
L731,584
L732,584
L738,584
L739,584
L890,584
L891,584
L892,584
L893,584
L899,584
L940,584
L942,584
L943,584
L948,584
L949,584
L950,584
L958,584
L959,584
L97X,584
M0001,584
M0003,584
M0004,584
M0005,583
M0006,584
M0007,584
M0021,584
M0023,584
M0024,584
M0025,584
M0026,584
M0027,584
M0081,584
M0086,584
M009,579
M0090,579
M0091,579
M0092,579
M0093,579
M0094,579
M0095,579
M0096,579
M0097,579
M0186,584
M0220,584
M023,584
M0286,584
M029,584
M0290,584
M0294,584
M0295,584
M0296,584
M0297,584
M0366,584
M0367,584
M051,584
M0510,584
M052,584
M053,584
M058,584
M059,584
M0590,584
M0591,584
M0593,584
M0594,584
M0595,584
M0596,584
M0597,584
M0599,584
M060,584
M0600,584
M0604,584
M0605,584
M0606,584
M0608,584
M0609,584
M061,584
M0610,584
M063,584
M0630,584
M0634,584
M064,584
M0640,584
M0644,584
M0646,584
M0649,584
M068,584
M069,584
M0690,584
M0691,584
M0692,584
M0693,584
M0694,584
M0695,584
M0696,584
M0697,584
M0698,584
M0699,584
M070,584
M071,584
M0710,584
M073,584
M0730,584
M0731,584
M0732,584
M0736,584
M0737,584
M0738,584
M0739,584
M074,584
M075,584
M0750,584
M076,584
M080,584
M0800,584
M081,584
M082,584
M083,584
M0830,584
M088,584
M0886,584
M089,584
M0890,584
M0893,584
M0896,584
M0898,584
M0899,584
M100,584
M1000,584
M1002,584
M1003,584
M1004,584
M1006,584
M1007,584
M1008,584
M1009,584
M102,584
M1035,584
M104,584
M109,584
M1090,584
M1092,584
M1093,584
M1094,584
M1096,584
M1097,584
M1098,584
M1099,584
M112,584
M1120,584
M1121,584
M1122,584
M1123,584
M1124,584
M1125,584
M1126,584
M1127,584
M1129,584
M118,584
M1183,584
M1186,584
M119,584
M1190,584
M1191,584
M1193,584
M1196,584
M1197,584
M1199,584
M120,584
M1200,584
M123,584
M1230,584
M1233,584
M1251,584
M1253,584
M1257,584
M128,584
M1288,584
M130,584
M1300,584
M131,584
M1311,584
M1312,584
M1316,584
M1317,584
M1318,584
M138,584
M1380,584
M1381,584
M1383,584
M1385,584
M1386,584
M1387,584
M1389,584
M139,584
M1390,584
M1391,584
M1392,584
M1393,584
M1394,584
M1395,584
M1396,584
M1397,584
M1398,584
M1399,584
M142,584
M143,584
M145,584
M146,584
M148,584
M150,584
M151,584
M152,584
M154,584
M158,584
M159,584
M160,584
M162,584
M163,584
M166,584
M169,584
M170,584
M171,584
M173,584
M174,584
M175,584
M179,584
M180,584
M182,584
M183,584
M189,584
M190,584
M1901,584
M1904,584
M1907,584
M1911,584
M1913,584
M1915,584
M1917,584
M192,584
M1920,584
M1921,584
M1927,584
M198,584
M1982,584
M1987,584
M199,584
M1990,584
M1991,584
M1992,584
M1993,584
M1994,584
M1995,584
M1997,584
M1998,584
M1999,584
M300,584
M301,584
M303,584
M308,584
M310,584
M311,584
M313,584
M314,584
M315,584
M316,584
M317,584
M318,584
M319,584
M320,584
M321,584
M329,584
M330,584
M331,584
M332,584
M339,584
M340,584
M341,584
M348,584
M349,584
M350,584
M351,584
M352,584
M353,584
M357,584
M358,584
M359,584
M363,584
M410,584
M411,584
M412,584
M4120,584
M4125,584
M413,584
M4130,584
M4134,584
M4135,584
M414,584
M415,584
M4155,584
M4156,584
M418,584
M4180,584
M4185,584
M4186,584
M4187,584
M419,584
M4190,584
M4192,584
M4193,584
M4194,584
M4195,584
M4196,584
M4197,584
M4199,584
M436,584
M462,584
M4622,584
M4624,584
M4626,584
M4628,584
M4632,584
M4634,584
M4636,584
M464,584
M4640,584
M4642,584
M4644,584
M4646,584
M4647,584
M4650,584
M4656,584
M4657,584
M4658,584
M4710,584
M4712,584
M4716,584
M4717,584
M484,584
M4840,584
M4844,584
M4845,584
M4846,584
M4848,584
M490,584
M4900,584
M4902,584
M4904,584
M4906,584
M500,584
M542,584
M5421,584
M5422,584
M5423,584
M545,584
M5450,584
M5455,584
M5456,584
M5457,584
M5458,584
M5459,584
M548,584
M5480,584
M5481,584
M5482,584
M5483,584
M5484,584
M5486,584
M5487,584
M5489,584
M600,584
M6005,584
M6006,583
M6008,584
M653,584
M654,584
M6543,584
M6544,584
M791,584
M7910,584
M7911,584
M7915,584
M7916,584
M7918,584
M8080,584
M8085,584
M8086,584
M8088,584
M8431,584
M8433,584
M8435,584
M8437,584
M8438,584
M8440,584
M8441,584
M8442,584
M8445,584
M8447,584
M8448,584
M8611,584
M8613,582
M8614,584
M8616,584
M8617,584
M863,584
M8648,584
M866,584
M8661,584
M8662,584
M8663,584
M8665,584
M8666,584
M8667,583
M868,584
M8680,584
M8686,584
M8687,584
M869,571
M8690,571
M8691,571
M8692,571
M8694,571
M8695,571
M8696,571
M8697,571
M8698,571
M9003,584
M9070,584
M9071,584
M9072,584
M9073,584
M9075,584
M9076,584
M9078,584
N001,584
N002,584
N008,584
N009,584
N021,584
N022,584
N023,584
N025,584
N028,584
N029,584
N031,584
N032,584
N039,584
N040,584
N041,584
N043,584
N048,584
N049,584
N050,584
N051,584
N052,584
N057,584
N058,584
N059,584
N082,584
N083,584
N084,584
N085,584
N10X,584
N111,584
N118,584
N119,584
N12X,583
N130,584
N131,584
N132,584
N133,582
N134,584
N136,584
N137,583
N138,584
N151,584
N158,584
N159,584
N170,584
N171,584
N172,584
N179,584
N181,584
N182,584
N183,584
N184,584
N185,584
N189,584
N19X,584
N200,584
N201,584
N202,584
N209,584
N250,584
N251,584
N258,584
N280,584
N311,584
N312,584
N318,584
N319,584
N320,584
N328,584
N358,584
N359,584
N390,487
N40X,584
N44X,584
N450,584
N459,584
N481,584
N770,584
N771,584
N830,584
N831,584
N832,584
N920,584
N930,584
N938,584
N939,584
N990,584
P050,584
P051,584
P059,584
P070,584
P071,584
P072,584
P073,584
P111,584
P113,584
P119,584
P210,584
P211,584
P219,584
P220,584
P221,584
P228,584
P229,584
P233,584
P239,584
P240,584
P241,584
P243,584
P249,584
P251,584
P269,584
P271,584
P278,584
P279,584
P280,584
P282,584
P283,584
P284,584
P285,584
P288,584
P289,584
P290,584
P291,584
P292,584
P293,584
P298,584
P351,584
P360,584
P361,584
P362,584
P363,584
P364,584
P368,584
P369,584
P375,584
P38X,584
P390,584
P391,584
P393,584
P394,584
P398,584
P399,584
P520,584
P521,584
P522,584
P523,584
P524,584
P540,584
P541,584
P543,584
P545,584
P546,584
P550,584
P551,584
P583,584
P590,583
P593,584
P598,584
P599,584
P610,584
P611,584
P612,584
P614,584
P616,584
P618,584
P700,584
P701,584
P702,584
P704,584
P708,584
P711,584
P718,584
P719,584
P722,584
P740,584
P741,584
P742,584
P743,584
P744,584
P748,584
P749,584
P75X,584
P760,584
P768,584
P769,584
P77X,584
P780,584
P782,584
P783,584
P788,584
P789,584
P808,584
P809,584
P810,584
P818,584
P830,584
P831,584
P833,584
P835,584
P838,584
P839,584
P90X,584
P912,584
P917,584
P920,584
P921,584
P922,584
P923,584
P924,584
P928,584
P941,584
P942,584
P948,584
P960,584
P961,584
P962,584
P968,584
Q02X,584
Q030,584
Q031,584
Q038,584
Q039,584
Q040,584
Q043,584
Q044,584
Q045,584
Q046,584
Q048,584
Q049,584
Q054,584
Q057,584
Q059,584
Q068,584
Q070,584
Q078,584
Q112,584
Q120,584
Q130,584
Q131,584
Q134,584
Q141,584
Q150,584
Q158,582
Q161,584
Q163,584
Q201,584
Q206,584
Q208,584
Q209,584
Q210,584
Q211,584
Q212,584
Q213,584
Q214,584
Q218,584
Q219,584
Q220,584
Q221,584
Q223,584
Q224,584
Q225,584
Q226,584
Q228,584
Q230,584
Q231,584
Q232,584
Q233,584
Q234,584
Q238,584
Q239,584
Q240,584
Q244,584
Q245,584
Q246,584
Q248,584
Q249,584
Q250,584
Q251,584
Q254,584
Q255,584
Q256,584
Q257,584
Q258,584
Q260,584
Q261,584
Q263,584
Q265,584
Q268,584
Q270,584
Q271,584
Q272,584
Q273,584
Q278,584
Q279,584
Q281,584
Q282,584
Q283,584
Q288,584
Q300,584
Q310,584
Q311,584
Q315,583
Q318,584
Q319,584
Q320,584
Q321,584
Q322,584
Q330,584
Q332,584
Q334,584
Q336,584
Q338,584
Q339,584
Q341,584
Q348,584
Q355,584
Q357,584
Q359,584
Q369,584
Q371,584
Q373,584
Q374,584
Q375,584
Q378,584
Q379,584
Q380,584
Q381,583
Q382,584
Q383,584
Q385,584
Q387,584
Q388,584
Q390,584
Q391,584
Q396,584
Q399,584
Q400,584
Q401,584
Q402,584
Q403,584
Q408,584
Q410,584
Q419,584
Q420,584
Q423,584
Q429,584
Q430,584
Q431,584
Q433,584
Q436,584
Q438,584
Q439,584
Q441,584
Q442,584
Q444,584
Q445,584
Q446,584
Q447,584
Q451,584
Q453,584
Q458,584
Q540,584
Q541,584
Q542,584
Q544,584
Q548,584
Q549,584
Q600,583
Q601,584
Q602,584
Q605,584
Q610,584
Q611,584
Q612,584
Q613,584
Q614,583
Q615,584
Q618,584
Q619,584
Q620,584
Q621,584
Q622,584
Q631,584
Q638,584
Q650,584
Q651,584
Q652,584
Q654,584
Q656,584
Q658,584
Q660,584
Q661,584
Q662,584
Q663,584
Q664,584
Q665,584
Q666,584
Q667,584
Q668,584
Q669,584
Q673,584
Q675,584
Q688,584
Q740,584
Q741,584
Q742,584
Q743,584
Q748,584
Q750,584
Q751,584
Q752,584
Q753,584
Q758,584
Q764,584
Q772,584
Q790,584
Q791,584
Q792,584
Q793,584
Q795,584
Q796,584
Q798,584
Q803,584
Q808,584
Q809,584
Q810,584
Q812,584
Q819,584
Q824,584
Q825,584
Q828,584
Q850,584
Q858,584
Q860,584
Q870,584
Q871,584
Q872,584
Q873,584
Q874,584
Q875,584
Q878,584
Q900,584
Q901,584
Q902,584
Q909,584
Q913,584
Q917,584
Q928,584
Q933,584
Q937,584
Q938,584
Q998,584
R000,579
R001,584
R002,584
R010,584
R011,582
R02X,584
R030,584
R031,584
R040,584
R042,584
R060,584
R061,584
R062,584
R070,584
R071,584
R072,583
R073,584
R074,584
R092,584
R098,584
R101,584
R13X,584
R14X,584
R15X,584
R160,584
R161,584
R162,584
R17X,584
R18X,584
R190,584
R195,584
R202,584
R21X,583
R220,584
R233,584
R234,584
R252,584
R260,584
R262,584
R263,584
R268,584
R270,584
R31X,584
R32X,584
R33X,584
R35X,584
R400,584
R401,584
R402,584
R410,584
R411,584
R412,584
R413,584
R418,584
R42X,584
R440,584
R441,584
R442,584
R443,584
R451,584
R454,584
R470,584
R471,584
R478,584
R482,584
R508,584
R53X,583
R54X,584
R560,582
R568,584
R570,584
R571,584
R572,584
R578,584
R579,584
R590,578
R591,583
R599,578
R600,584
R601,584
R609,584
R610,584
R611,584
R619,584
R620,584
R628,580
R629,584
R630,584
R634,584
R636,584
R638,584
R650,584
R651,584
R653,584
R680,584
R681,584
R688,584
R72X,584
R730,584
R739,584
R778,584
R798,584
R827,584
R836,584
R845,584
R91X,584
R930,584
R944,584
R945,583
S018,584
S0200,584
S0210,584
S0211,584
S0220,584
S0221,584
S0230,584
S0240,584
S0250,584
S0260,584
S0261,584
S0270,584
S0271,584
S0280,584
S0281,584
S0290,584
S0600,584
S0610,584
S062,584
S0620,584
S0630,584
S0640,584
S065,584
S0650,584
S0651,584
S066,584
S0660,584
S0661,584
S0680,584
S0690,584
S1200,584
S1210,584
S1220,584
S127,584
S1270,584
S1280,584
S1290,584
S131,584
S140,584
S141,584
S220,584
S2200,584
S2210,584
S241,584
S270,584
S2700,584
S2701,584
S2710,584
S272,584
S2720,584
S2730,584
S2780,584
S308,584
S320,584
S3200,584
S3201,584
S3210,584
S3220,584
S3230,584
S324,584
S3240,584
S325,584
S3250,584
S327,584
S3270,584
S3280,584
S331,584
S341,584
S360,584
S3600,584
S3601,584
S3610,584
S3611,584
S364,584
S3640,584
S3650,584
S3660,584
S3680,584
S3690,584
S381,584
S420,584
S4200,584
S4201,584
S421,584
S4210,584
S422,584
S4220,584
S4221,584
S4230,584
S4231,584
S4240,584
S4241,584
S4270,584
S4280,584
S4290,584
S500,584
S501,584
S507,584
S508,584
S509,584
S510,584
S517,584
S518,584
S519,584
S5200,584
S5201,584
S5210,584
S5211,584
S5220,584
S5221,584
S5230,584
S5231,584
S5240,584
S5241,584
S525,584
S5250,584
S5251,584
S5260,584
S5261,584
S5270,584
S5280,584
S530,584
S531,584
S532,584
S533,584
S534,584
S540,584
S541,584
S542,584
S548,584
S550,584
S551,584
S552,584
S557,584
S560,584
S561,584
S562,584
S563,584
S564,584
S565,584
S567,584
S568,584
S598,584
S599,584
S7200,584
S7210,584
S722,584
S7220,584
S7230,584
S7231,584
S724,584
S7240,584
S7241,584
S7280,584
S7290,584
S730,584
S820,584
S8200,584
S8210,584
S8211,584
S8220,584
S8230,584
S8231,584
S8240,584
S8241,584
S8250,584
S8251,584
S826,584
S8260,584
S8261,584
S8270,584
S828,584
S8280,584
S8281,584
S830,584
S831,584
S832,584
S833,584
T0210,584
T0240,584
T0241,584
T0250,584
T064,584
T093,584
T174,584
T175,584
T178,584
T740,584
T741,584
T749,584
T795,584
T810,584
T811,584
T813,584
T814,572
T817,584
T818,584
T820,584
T821,584
T822,584
T823,584
T824,584
T825,584
T826,584
T827,584
T828,584
T829,584
T830,584
T831,584
T832,584
T833,584
T834,584
T835,584
T836,584
T838,584
T839,584
T840,584
T841,584
T842,584
T843,584
T844,584
T845,584
T846,584
T847,584
T848,584
T849,584
T850,584
T852,584
T853,584
T854,584
T855,584
T856,584
T857,584
T858,584
T859,584
T860,584
T861,584
T868,584
T920,584
T930,584
U071,580
U072,584
Z030,584
Z038,584
Z136,584
Z138,584
Z208,584
Z21X,584
Z223,584
Z290,584
Z292,584
Z452,584
Z500,584
Z501,584
Z502,584
Z504,584
Z505,584
Z507,584
Z509,584
Z515,584
Z588,584
Z590,584
Z602,584
Z603,584
Z604,584
Z608,584
Z609,584
Z614,584
Z628,584
Z638,584
Z713,584
Z720,584
Z721,584
Z722,584
Z738,584
Z740,584
Z741,584
Z742,584
Z748,584
Z750,584
Z751,584
Z753,584
Z754,584
Z755,584
Z812,584
Z813,584
Z825,584
Z826,584
Z830,584
Z831,584
Z834,583
Z836,584
Z840,584
Z843,584
Z848,584
Z850,584
Z854,584
Z855,584
Z856,582
Z858,584
Z860,584
Z861,581
Z864,584
Z865,584
Z866,582
Z867,583
Z870,574
Z871,583
Z872,584
Z873,584
Z876,581
Z880,583
Z881,584
Z882,584
Z883,584
Z884,584
Z885,584
Z886,584
Z887,584
Z888,584
Z889,584
Z895,584
Z904,584
Z905,584
Z910,584
Z911,584
Z916,584
Z917,584
Z918,584
Z921,584
Z922,584
Z923,584
Z928,584
Z930,584
Z931,584
Z932,584
Z933,584
Z934,584
Z935,584
Z936,584
Z940,583
Z941,584
Z942,584
Z944,584
Z955,584
Z958,582
Z960,584
Z966,584
Z968,584
Z974,584
Z978,584
Z980,584
Z982,584
Z991,584
Z992,584
Z993,584
A879,575
