A009,398
A010,398
A014,398
A020,398
A021,398
A022,398
A028,398
A029,398
A031,398
A033,398
A039,398
A040,398
A042,398
A043,398
A044,398
A045,398
A046,398
A047,398
A048,398
A059,398
A071,398
A072,398
A080,398
A081,398
A083,398
A084,398
A085,398
A090,398
A099,398
A150,398
A151,398
A152,398
A153,398
A154,398
A156,398
A157,398
A160,398
A162,398
A163,398
A165,398
A169,398
A170,398
A178,398
A180,398
A182,398
A183,398
A190,398
A191,398
A199,398
A208,398
A280,398
A281,398
A310,398
A311,398
A318,398
A319,398
A328,398
A35X,398
A370,398
A379,398
A390,398
A394,398
A398,398
A399,398
A400,398
A401,398
A402,398
A403,398
A408,398
A409,398
A410,398
A411,398
A412,398
A414,398
A415,398
A418,398
A419,398
A480,398
A483,398
A490,398
A491,398
A492,398
A493,398
A498,398
A521,398
A523,398
A630,398
A748,398
A810,398
A812,398
A850,398
A858,398
A86X,398
A870,398
A878,398
A879,398
A881,398
A888,398
A920,398
A971,398
A979,398
B000,398
B001,398
B002,398
B004,398
B005,398
B008,398
B009,398
B010,398
B011,398
B012,398
B018,398
B019,398
B020,398
B022,398
B023,398
B027,398
B028,398
B029,398
B059,398
B159,398
B169,398
B171,398
B172,398
B178,398
B179,398
B180,398
B181,398
B182,398
B188,398
B189,398
B199,398
B203,398
B204,398
B206,398
B209,398
B213,398
B220,398
B227,398
B232,398
B24X,398
B250,398
B251,398
B258,398
B259,398
B270,398
B271,398
B279,398
B348,398
B351,398
B370,398
B371,398
B372,398
B373,398
B374,398
B377,398
B378,398
B379,398
B440,398
B441,398
B448,398
B449,398
B450,398
B470,398
B479,398
B481,398
B508,398
B509,398
B519,398
B54X,398
B573,398
B59X,398
B850,398
B950,398
B951,398
B952,398
B953,398
B954,398
B955,398
B956,398
B957,398
B958,398
B960,398
B961,398
B962,398
B963,398
B964,398
B965,398
B966,398
B967,398
B968,398
B971,398
B972,398
B974,398
B976,398
B977,398
B978,398
C000,398
C01X,398
C022,398
C028,398
C029,398
C030,398
C031,398
C051,398
C060,398
C062,398
C069,398
C07X,398
C089,398
C090,398
C091,398
C099,398
C109,398
C112,398
C119,398
C12X,398
C130,398
C139,398
C140,398
C150,398
C153,398
C154,398
C155,398
C158,398
C159,398
C160,398
C161,398
C162,398
C163,398
C164,398
C165,398
C166,398
C168,398
C169,398
C170,398
C171,398
C172,398
C179,398
C180,398
C181,398
C182,398
C183,398
C184,398
C185,398
C186,398
C187,398
C188,398
C189,398
C19X,398
C20X,398
C210,398
C211,398
C218,398
C220,398
C221,398
C222,398
C229,398
C23X,398
C240,398
C241,398
C249,398
C250,398
C251,398
C252,398
C253,398
C257,398
C258,398
C259,398
C260,398
C268,398
C269,398
C300,398
C310,398
C313,398
C319,398
C320,398
C321,398
C322,398
C323,398
C329,398
C33X,398
C340,398
C341,398
C342,398
C343,398
C348,398
C349,398
C37X,398
C383,398
C400,398
C402,398
C410,398
C411,398
C412,398
C413,398
C414,398
C430,398
C431,398
C432,398
C433,398
C434,398
C435,398
C436,398
C437,398
C439,398
C440,398
C441,398
C442,398
C443,398
C444,398
C445,398
C446,398
C447,398
C449,398
C450,398
C451,398
C459,398
C460,398
C480,398
C481,398
C482,398
C490,398
C491,398
C492,398
C493,398
C494,398
C495,398
C496,398
C498,398
C499,398
C500,398
C501,398
C502,398
C503,398
C504,398
C505,398
C506,398
C508,398
C509,398
C511,398
C519,398
C52X,398
C530,398
C539,398
C541,398
C542,398
C543,398
C548,398
C549,398
C55X,398
C56X,398
C570,398
C578,398
C579,398
C600,398
C601,398
C609,398
C61X,398
C621,398
C629,398
C632,398
C64X,398
C65X,398
C66X,398
C670,398
C671,398
C672,398
C673,398
C674,398
C675,398
C676,398
C677,398
C678,398
C679,398
C680,398
C688,398
C689,398
C690,398
C692,398
C693,398
C694,398
C696,398
C700,398
C709,398
C710,398
C711,398
C712,398
C713,398
C714,398
C716,398
C718,398
C719,398
C723,398
C73X,398
C740,398
C749,398
C751,398
C755,398
C760,398
C761,398
C762,398
C763,398
C765,398
C767,398
C770,398
C771,398
C772,398
C773,398
C774,398
C775,398
C778,398
C779,398
C780,398
C781,398
C782,398
C783,398
C784,398
C785,398
C786,398
C787,398
C788,398
C790,398
C791,398
C792,398
C793,398
C794,398
C795,398
C796,398
C797,398
C798,398
C800,398
C810,398
C811,398
C812,398
C814,398
C817,398
C819,398
C820,398
C821,398
C822,398
C823,398
C824,398
C826,398
C827,398
C829,398
C830,398
C831,398
C833,398
C835,398
C837,398
C839,398
C840,398
C844,398
C846,398
C847,398
C848,398
C851,398
C852,398
C857,398
C859,398
C860,398
C861,398
C865,398
C866,398
C880,398
C884,398
C900,398
C902,398
C910,398
C911,398
C913,398
C914,398
C915,398
C917,398
C919,398
C920,398
C921,398
C922,398
C924,398
C925,398
C928,398
C930,398
C931,398
C944,398
C946,398
C950,398
C959,398
C965,398
C966,398
C97X,398
D000,398
D001,398
D010,398
D013,398
D017,398
D020,398
D075,398
D090,398
D091,398
D093,398
D107,398
D166,398
D168,398
D225,395
D300,398
D303,398
D320,398
D321,398
D329,398
D330,398
D331,398
D332,398
D333,398
D334,398
D339,398
D352,398
D355,398
D361,398
D371,398
D372,398
D374,398
D375,398
D376,398
D377,398
D384,398
D390,398
D391,398
D392,398
D400,398
D411,398
D413,398
D414,398
D421,398
D429,398
D430,398
D431,398
D432,398
D434,398
D443,398
D444,398
D445,398
D45X,398
D477,398
D482,398
D500,398
D501,398
D508,398
D509,398
D510,398
D511,398
D513,398
D519,398
D521,398
D528,398
D529,398
D531,398
D539,398
D550,398
D552,398
D560,398
D561,398
D562,398
D563,398
D564,398
D568,398
D569,398
D570,398
D571,398
D572,398
D573,398
D580,398
D581,398
D582,398
D588,398
D589,398
D591,398
D593,398
D594,398
D595,398
D596,398
D599,398
D600,398
D608,398
D609,398
D610,398
D611,398
D612,398
D613,398
D618,398
D619,398
D62X,398
D630,398
D638,398
D643,398
D648,398
D649,398
D65X,398
D66X,398
D67X,398
D680,398
D681,398
D682,398
D683,398
D684,398
D685,398
D686,398
D688,398
D689,398
D690,398
D691,398
D692,398
D693,398
D694,398
D695,398
D696,398
D698,398
D699,398
D70X,398
D730,398
D761,398
D763,398
D801,398
D802,398
D803,398
D804,398
D805,398
D806,398
D808,398
D811,398
D813,398
D818,398
D819,398
D820,398
D821,398
D824,398
D828,398
D830,398
D838,398
D839,398
D860,398
D861,398
D862,398
D863,398
D868,398
D869,398
E009,398
E031,398
E032,398
E034,398
E038,398
E039,398
E101,398
E102,398
E103,398
E104,398
E105,398
E106,398
E109,398
E110,398
E111,398
E112,398
E113,398
E114,398
E115,398
E116,398
E117,398
E119,398
E128,398
E131,398
E133,398
E134,398
E135,398
E136,398
E138,398
E139,398
E141,398
E142,398
E143,398
E144,398
E145,398
E146,398
E148,398
E149,398
E160,398
E161,398
E162,398
E201,398
E208,398
E209,398
E210,398
E211,398
E212,398
E213,398
E214,398
E215,398
E220,398
E221,398
E222,398
E228,398
E229,398
E230,398
E231,398
E232,398
E233,398
E236,398
E237,398
E240,398
E242,398
E243,398
E248,398
E249,398
E250,398
E260,398
E261,398
E268,398
E269,398
E270,398
E271,398
E272,398
E273,398
E274,398
E275,398
E278,398
E279,398
E282,398
E300,398
E320,398
E328,398
E41X,398
E43X,398
E441,398
E46X,398
E538,394
E559,398
E662,398
E668,398
E700,398
E701,398
E702,398
E703,398
E710,398
E711,398
E713,398
E720,398
E721,398
E722,398
E723,398
E724,398
E728,398
E739,398
E740,398
E741,398
E742,398
E743,398
E748,398
E751,398
E752,398
E755,398
E760,398
E761,398
E762,398
E763,398
E780,398
E790,398
E798,398
E800,398
E804,398
E806,398
E830,398
E834,398
E835,398
E838,398
E840,398
E841,398
E848,398
E849,398
E850,398
E851,398
E858,398
E86X,398
E870,397
E871,398
E872,398
E876,398
E877,398
E878,398
E880,398
F000,398
F001,398
F002,398
F009,398
F011,398
F012,398
F013,398
F019,398
F020,398
F021,398
F022,398
F023,398
F028,398
F03X,398
F050,398
F051,398
F058,398
F059,398
F067,398
F070,398
F072,398
F101,398
F102,398
F103,398
F111,398
F112,398
F122,398
F151,398
F171,398
F172,398
F181,398
F191,398
F192,398
F200,398
F202,398
F204,398
F209,398
F21X,398
F220,398
F228,398
F229,398
F230,398
F232,398
F233,398
F239,398
F28X,398
F300,398
F302,398
F309,398
F310,398
F311,398
F312,398
F313,398
F314,398
F315,398
F316,398
F317,398
F318,398
F319,398
F320,398
F321,398
F322,398
F323,398
F328,398
F329,398
F332,398
F333,398
F334,398
F338,398
F339,398
F340,398
F341,398
F348,398
F349,398
F388,398
F39X,398
F401,398
F410,398
F411,398
F412,398
F413,398
F418,398
F419,398
F420,398
F429,398
F430,398
F431,398
F432,398
F438,398
F439,398
F440,398
F444,398
F445,398
F447,398
F448,398
F449,398
F450,398
F452,398
F453,398
F454,398
F458,398
F459,398
F500,398
F501,398
F502,398
F505,398
F508,398
F509,398
F515,398
F603,398
F700,398
F709,398
F711,398
F719,398
F721,398
F728,398
F729,398
F739,398
F781,398
F789,398
F800,398
F801,398
F802,398
F803,398
F808,398
F809,398
F810,398
F818,398
F819,398
F82X,398
F83X,398
F840,397
F841,398
F842,398
F845,398
F848,398
F849,398
F89X,397
F900,398
F909,398
F913,398
F919,398
F928,398
F929,398
F930,398
F932,398
F940,398
F942,398
F952,398
G001,398
G002,398
G003,398
G008,398
G009,398
G01X,398
G020,398
G038,398
G039,398
G040,398
G041,398
G048,398
G049,398
G050,398
G051,398
G058,398
G060,398
G061,398
G062,398
G07X,398
G08X,398
G09X,398
G10X,398
G111,398
G112,398
G114,398
G118,398
G119,398
G120,398
G121,398
G122,398
G128,398
G129,398
G131,398
G20X,398
G210,398
G211,398
G214,398
G219,398
G230,398
G231,398
G232,398
G233,398
G238,398
G239,398
G240,398
G241,398
G243,398
G244,398
G245,398
G248,398
G249,398
G250,398
G251,398
G252,398
G253,398
G255,398
G258,398
G259,398
G300,398
G301,398
G308,398
G309,398
G310,398
G311,398
G312,398
G318,398
G319,398
G320,398
G328,398
G35X,398
G360,398
G372,398
G373,398
G378,398
G379,398
G400,398
G401,398
G402,397
G403,398
G404,398
G405,398
G406,398
G407,398
G408,398
G409,397
G410,398
G411,398
G412,398
G418,398
G419,398
G430,398
G431,398
G432,398
G433,398
G438,398
G439,398
G464,398
G470,398
G471,398
G472,398
G473,398
G474,398
G478,398
G479,398
G610,398
G618,398
G619,398
G620,398
G621,398
G622,398
G628,398
G629,398
G631,398
G632,398
G633,398
G634,398
G635,398
G638,398
G700,398
G702,398
G708,398
G709,398
G710,398
G711,398
G712,398
G713,398
G720,398
G721,398
G724,398
G728,398
G729,398
G730,398
G731,398
G732,398
G737,398
G800,398
G801,398
G802,398
G803,398
G804,398
G808,398
G809,398
G810,398
G811,398
G819,398
G820,398
G821,398
G822,398
G824,398
G825,398
G830,398
G831,398
G832,398
G834,398
G835,398
G838,398
G839,398
G900,398
G901,398
G902,398
G904,398
G908,398
G909,398
G910,398
G911,398
G912,398
G913,398
G918,398
G919,398
G930,398
G931,398
G932,398
G933,398
G934,398
G935,398
G936,398
G938,398
G950,398
G951,398
G952,398
G992,398
H050,398
H053,398
H100,398
H101,398
H103,398
H104,398
H105,398
H108,398
H109,398
H171,398
H178,398
H179,398
H200,398
H201,398
H208,398
H209,398
H210,398
H215,398
H302,398
H309,398
H311,398
H330,398
H332,398
H333,398
H335,398
H351,398
H356,398
H400,398
H401,398
H402,398
H403,398
H404,398
H405,398
H406,398
H408,398
H409,398
H431,398
H440,398
H441,398
H444,398
H46X,398
H470,398
H472,398
H476,398
H477,398
H500,397
H501,398
H502,398
H503,398
H505,398
H506,398
H508,398
H509,397
H530,398
H531,398
H532,398
H533,398
H534,398
H535,398
H536,398
H538,398
H539,398
H540,398
H541,398
H542,398
H544,398
H545,398
H546,398
H600,398
H601,398
H602,398
H603,398
H604,398
H605,398
H608,398
H609,398
H650,398
H651,398
H652,398
H653,398
H654,398
H659,398
H690,398
H738,398
H901,398
H906,398
H907,398
I00X,398
I011,398
I019,398
I020,398
I050,398
I051,398
I052,398
I058,398
I059,398
I060,398
I071,398
I078,398
I079,398
I080,398
I081,398
I082,398
I083,398
I088,398
I089,398
I090,398
I098,398
I10X,398
I110,398
I119,398
I120,398
I129,398
I130,398
I131,398
I132,398
I139,398
I150,398
I152,398
I159,398
I200,398
I201,398
I208,398
I209,398
I231,398
I240,398
I241,398
I248,398
I249,398
I250,398
I251,398
I252,398
I253,398
I254,398
I255,398
I256,398
I258,398
I259,398
I260,398
I269,398
I270,398
I272,398
I278,398
I279,398
I288,398
I301,398
I309,398
I311,398
I312,398
I313,398
I319,398
I330,398
I339,398
I340,398
I341,398
I342,398
I348,398
I349,398
I350,398
I351,398
I352,398
I358,398
I359,398
I361,398
I370,398
I371,398
I379,398
I38X,398
I420,398
I421,398
I422,398
I423,398
I424,398
I425,398
I426,398
I427,398
I428,398
I429,398
I431,398
I438,398
I450,398
I451,398
I460,398
I461,398
I469,398
I470,398
I471,398
I472,398
I479,398
I480,398
I481,398
I482,398
I483,398
I484,398
I489,398
I490,398
I498,398
I500,398
I501,398
I509,398
I511,398
I512,398
I513,398
I517,398
I600,398
I601,398
I602,398
I609,398
I610,398
I611,398
I612,398
I613,398
I614,398
I615,398
I616,398
I618,398
I619,398
I620,398
I629,398
I630,398
I631,398
I632,398
I633,398
I634,398
I635,398
I636,398
I638,398
I639,398
I64X,398
I650,398
I652,398
I653,398
I660,398
I661,398
I662,398
I663,398
I668,398
I669,398
I670,398
I671,398
I672,398
I674,398
I675,398
I677,398
I678,398
I679,398
I680,398
I690,398
I691,398
I692,398
I693,398
I694,398
I698,398
I700,398
I7000,398
I7001,398
I7020,398
I7021,398
I708,398
I7080,398
I7081,398
I710,398
I711,398
I712,398
I713,398
I718,398
I723,398
I725,398
I726,398
I728,398
I730,398
I740,398
I741,398
I742,398
I743,398
I744,398
I745,398
I748,398
I749,398
I772,398
I788,398
I81X,398
I820,398
I822,398
I823,398
I828,398
I829,398
I830,398
I832,398
I850,398
I859,398
I868,398
I950,398
I951,398
I952,398
I958,398
I959,398
I971,398
J020,398
J028,398
J029,398
J030,398
J038,398
J039,398
J09X,398
J100,398
J101,398
J108,398
J110,398
J111,398
J118,398
J121,398
J122,398
J123,398
J128,398
J129,398
J13X,398
J14X,398
J150,398
J151,398
J152,398
J153,398
J154,398
J155,398
J156,398
J157,398
J158,398
J159,398
J168,398
J171,398
J172,398
J173,398
J180,398
J181,397
J182,398
J189,398
J202,398
J205,398
J208,398
J209,398
J210,397
J211,398
J218,398
J219,398
J22X,397
J323,398
J387,398
J398,398
J440,398
J441,398
J448,398
J449,398
J46X,398
J47X,398
J680,398
J684,398
J690,398
J698,398
J80X,398
J81X,398
J82X,398
J840,398
J841,398
J848,398
J849,398
J850,398
J851,398
J852,398
J860,398
J869,398
J90X,398
J91X,398
J930,398
J931,398
J938,398
J939,398
J940,398
J942,398
J948,398
J960,398
J9600,398
J9601,398
J9609,398
J961,398
J9610,398
J9611,398
J9619,398
J969,398
J9690,398
J9691,398
J9699,398
J980,398
J981,398
J982,398
J984,398
J985,398
J986,398
J988,398
K046,398
K047,398
K070,398
K088,398
K121,398
K20X,398
K210,398
K219,397
K228,398
K250,398
K251,398
K253,398
K254,398
K255,398
K257,398
K259,398
K260,398
K261,398
K263,398
K264,398
K265,398
K266,398
K267,398
K269,398
K271,398
K274,398
K277,398
K279,398
K290,398
K291,398
K292,398
K293,398
K294,398
K295,398
K296,398
K297,398
K298,398
K299,398
K30X,398
K352,398
K353,398
K358,398
K36X,398
K37X,398
K381,398
K388,398
K400,398
K402,398
K403,398
K404,398
K409,398
K440,398
K441,398
K449,398
K500,398
K501,398
K508,398
K509,398
K510,398
K512,398
K513,398
K514,398
K515,398
K518,398
K519,398
K520,398
K521,398
K522,398
K523,398
K528,398
K529,398
K564,398
K580,398
K589,398
K590,398
K598,398
K625,398
K638,398
K650,398
K658,398
K659,398
K700,398
K701,398
K702,398
K703,398
K704,398
K709,398
K710,398
K711,398
K712,398
K716,398
K717,398
K718,398
K719,398
K720,398
K721,398
K729,398
K730,398
K732,398
K738,398
K739,398
K740,398
K743,398
K744,398
K745,398
K746,398
K750,398
K753,398
K754,398
K758,398
K759,398
K760,398
K761,398
K763,398
K764,398
K766,398
K767,398
K768,398
K769,398
K770,398
K778,398
K800,398
K801,398
K802,398
K803,398
K804,398
K805,398
K808,398
K810,398
K811,398
K818,398
K819,398
K820,398
K821,398
K822,398
K823,398
K824,398
K828,398
K829,398
K830,398
K831,398
K832,398
K833,398
K834,398
K835,398
K838,398
K839,398
K850,398
K851,398
K852,398
K853,398
K858,398
K859,398
K860,398
K861,398
K862,398
K863,398
K868,398
K869,398
K900,398
K901,398
K902,398
K904,398
K908,398
K909,398
K910,398
K911,398
K912,398
K913,398
K914,398
K918,398
K920,398
K921,398
K922,398
L00X,398
L011,398
L020,398
L021,398
L022,398
L023,398
L024,398
L028,398
L029,398
L030,398
L031,398
L032,398
L033,398
L038,398
L039,398
L040,398
L041,398
L042,398
L043,398
L048,398
L049,398
L080,398
L081,398
L088,398
L089,398
L130,398
L131,398
L138,398
L139,398
L208,398
L209,398
L210,398
L218,398
L219,397
L22X,398
L231,398
L232,398
L233,398
L236,398
L239,398
L244,398
L245,398
L248,398
L249,398
L251,398
L254,398
L258,398
L259,398
L26X,398
L270,398
L271,398
L278,398
L280,398
L281,398
L282,398
L290,398
L292,398
L293,398
L298,398
L299,398
L400,398
L401,398
L402,398
L403,398
L404,398
L405,398
L408,398
L409,398
L511,398
L512,398
L518,398
L700,398
L704,398
L709,398
L890,398
L891,398
L892,398
L893,398
L899,398
L940,398
L942,398
L943,398
L948,398
L949,398
L950,398
L958,398
L959,398
L97X,398
M0001,398
M0003,398
M0004,398
M0005,398
M0006,398
M0007,398
M0021,398
M0023,398
M0024,398
M0025,398
M0026,398
M0027,398
M0081,398
M0086,398
M009,398
M0090,398
M0091,398
M0092,398
M0093,398
M0094,398
M0095,398
M0096,398
M0097,398
M0186,398
M0220,398
M023,398
M0286,398
M029,398
M0290,398
M0294,398
M0295,398
M0296,398
M0297,398
M0366,398
M0367,398
M051,398
M0510,398
M052,398
M053,398
M058,398
M059,398
M0590,398
M0591,398
M0593,398
M0594,398
M0595,398
M0596,398
M0597,398
M0599,398
M060,398
M0600,398
M0604,398
M0605,398
M0606,398
M0608,398
M0609,398
M061,398
M0610,398
M063,398
M0630,398
M0634,398
M064,398
M0640,398
M0644,398
M0646,398
M0649,398
M068,398
M069,398
M0690,398
M0691,398
M0692,398
M0693,398
M0694,398
M0695,398
M0696,398
M0697,398
M0698,398
M0699,398
M070,398
M071,398
M0710,398
M073,398
M0730,398
M0731,398
M0732,398
M0736,398
M0737,398
M0738,398
M0739,398
M074,398
M075,398
M0750,398
M076,398
M080,398
M0800,398
M081,398
M082,398
M083,398
M0830,398
M088,398
M0886,398
M089,398
M0890,398
M0893,398
M0896,398
M0898,398
M0899,398
M100,398
M1000,398
M1002,398
M1003,398
M1004,398
M1006,398
M1007,398
M1008,398
M1009,398
M102,398
M1035,398
M104,398
M109,398
M1090,398
M1092,398
M1093,398
M1094,398
M1096,398
M1097,398
M1098,398
M1099,398
M112,398
M1120,398
M1121,398
M1122,398
M1123,398
M1124,398
M1125,398
M1126,398
M1127,398
M1129,398
M118,398
M1183,398
M1186,398
M119,398
M1190,398
M1191,398
M1193,398
M1196,398
M1197,398
M1199,398
M120,398
M1200,398
M123,398
M1230,398
M1233,398
M1251,398
M1253,398
M1257,398
M128,398
M1288,398
M130,398
M1300,398
M131,398
M1311,398
M1312,398
M1316,398
M1317,398
M1318,398
M138,398
M1380,398
M1381,398
M1383,398
M1385,398
M1386,398
M1387,398
M1389,398
M139,398
M1390,398
M1391,398
M1392,398
M1393,398
M1394,398
M1395,398
M1396,398
M1397,398
M1398,398
M1399,398
M142,398
M143,398
M145,398
M146,398
M148,398
M150,398
M151,398
M152,398
M154,398
M158,398
M159,398
M160,398
M162,398
M163,398
M166,398
M169,398
M170,398
M171,398
M173,398
M174,398
M175,398
M179,398
M180,398
M182,398
M183,398
M189,398
M190,398
M1901,398
M1904,398
M1907,398
M1911,398
M1913,398
M1915,398
M1917,398
M192,398
M1920,398
M1921,398
M1927,398
M198,398
M1982,398
M1987,398
M199,398
M1990,398
M1991,398
M1992,398
M1993,398
M1994,398
M1995,398
M1997,398
M1998,398
M1999,398
M300,398
M301,398
M303,398
M308,398
M310,398
M311,398
M313,398
M314,398
M315,398
M316,398
M317,398
M318,398
M319,398
M320,398
M321,398
M329,398
M330,398
M331,398
M332,398
M339,398
M340,398
M341,398
M348,398
M349,398
M350,398
M351,398
M352,398
M353,398
M357,398
M358,398
M359,398
M363,398
M410,398
M411,398
M412,398
M4120,398
M4125,398
M413,398
M4130,398
M4134,398
M4135,398
M414,398
M415,398
M4155,398
M4156,398
M418,398
M4180,398
M4185,398
M4186,398
M4187,398
M419,398
M4190,398
M4192,398
M4193,398
M4194,398
M4195,398
M4196,398
M4197,398
M4199,398
M462,398
M4622,398
M4624,398
M4626,398
M4628,398
M4632,398
M4634,398
M4636,398
M464,398
M4640,398
M4642,398
M4644,398
M4646,398
M4647,398
M4650,398
M4656,398
M4657,398
M4658,398
M4710,398
M4712,398
M4716,398
M4717,398
M484,398
M4840,398
M4844,398
M4845,398
M4846,398
M4848,398
M490,398
M4900,398
M4902,398
M4904,398
M4906,398
M500,398
M541,398
M5410,398
M5412,398
M5413,398
M5414,398
M5415,398
M5416,398
M5417,398
M5418,398
M5419,398
M542,398
M5421,398
M5422,398
M5423,398
M543,398
M5430,398
M5435,398
M5436,398
M5437,398
M5438,398
M5439,398
M544,398
M5445,398
M5446,398
M5447,398
M5448,398
M545,398
M5450,398
M5455,398
M5456,398
M5457,398
M5458,398
M5459,398
M546,398
M5464,398
M5465,398
M548,398
M5480,398
M5481,398
M5482,398
M5483,398
M5484,398
M5486,398
M5487,398
M5489,398
M549,398
M5490,398
M5494,398
M5495,398
M5496,398
M5497,398
M5498,398
M5499,398
M600,398
M6005,398
M6006,398
M6008,398
M653,398
M654,398
M6543,398
M6544,398
M758,398
M8040,398
M8048,398
M8080,398
M8085,398
M8086,398
M8088,398
M8431,398
M8433,398
M8435,398
M8437,398
M8438,398
M8440,398
M8441,398
M8442,398
M8445,398
M8447,398
M8448,398
M8611,398
M8613,398
M8614,398
M8616,398
M8617,398
M863,398
M8648,398
M866,398
M8661,398
M8662,398
M8663,398
M8665,398
M8666,398
M8667,398
M868,398
M8680,398
M8686,398
M8687,398
M869,398
M8690,398
M8691,398
M8692,398
M8694,398
M8695,398
M8696,398
M8697,398
M8698,398
M9003,398
M9070,398
M9071,398
M9072,398
M9073,398
M9075,398
M9076,398
M9078,398
N001,398
N002,398
N008,398
N009,398
N021,398
N022,398
N023,398
N025,398
N028,398
N029,398
N031,398
N032,398
N039,398
N040,398
N041,398
N043,398
N048,398
N049,398
N050,398
N051,398
N052,398
N057,398
N058,398
N059,398
N082,398
N083,398
N084,398
N085,398
N10X,398
N111,398
N118,398
N119,398
N12X,398
N130,398
N131,398
N132,398
N133,398
N134,398
N136,398
N137,398
N138,398
N151,398
N158,398
N159,398
N170,398
N171,398
N172,398
N179,398
N181,398
N182,398
N183,398
N184,398
N185,398
N189,398
N19X,398
N200,398
N201,398
N202,398
N209,398
N250,398
N251,398
N258,398
N280,398
N281,398
N311,398
N312,398
N318,398
N319,398
N320,398
N328,398
N358,398
N359,398
N390,398
N430,398
N431,398
N432,398
N433,398
N44X,398
N450,398
N459,398
N47X,398
N730,398
N731,398
N734,398
N735,398
N736,398
N739,398
N760,398
N771,398
N800,398
N801,398
N802,398
N803,398
N804,398
N805,398
N806,398
N808,398
N809,398
N830,398
N831,398
N832,398
N838,398
N854,398
N898,398
N920,398
N921,398
N930,398
N938,398
N939,398
N941,398
N990,398
P011,398
P013,398
P030,397
P032,398
P033,398
P050,398
P051,398
P059,398
P070,398
P071,398
P072,398
P073,398
P080,398
P082,398
P111,398
P113,398
P119,398
P120,398
P123,398
P154,398
P200,398
P201,398
P209,398
P210,398
P211,398
P219,398
P220,398
P221,397
P228,398
P229,398
P233,398
P239,398
P240,398
P241,398
P243,398
P249,398
P251,398
P269,398
P271,398
P278,398
P279,398
P280,398
P282,398
P283,398
P284,398
P285,398
P288,398
P289,398
P290,398
P291,397
P292,398
P293,398
P298,396
P351,398
P360,398
P361,398
P362,398
P363,398
P364,398
P368,398
P369,398
P375,398
P38X,398
P390,398
P391,398
P393,398
P394,398
P398,398
P399,398
P520,398
P521,398
P522,398
P523,398
P524,398
P540,398
P541,398
P543,398
P545,398
P546,398
P550,398
P551,398
P583,398
P590,396
P593,398
P598,398
P599,388
P610,398
P611,398
P612,398
P614,398
P616,398
P618,398
P700,398
P701,398
P702,398
P704,398
P708,398
P711,398
P718,398
P719,398
P722,398
P740,398
P741,398
P742,397
P743,398
P744,398
P748,398
P749,398
P75X,398
P760,398
P768,398
P769,398
P77X,398
P780,398
P782,398
P783,398
P788,398
P789,398
P808,397
P809,398
P810,398
P818,398
P830,398
P831,398
P833,398
P835,398
P838,397
P839,398
P90X,398
P912,398
P917,398
P920,397
P921,398
P922,398
P923,398
P924,398
P928,397
P941,398
P942,398
P948,398
P960,398
P961,398
P962,398
P968,397
Q02X,396
Q030,397
Q031,398
Q038,398
Q039,396
Q040,398
Q043,398
Q044,398
Q045,398
Q046,398
Q048,397
Q049,397
Q054,398
Q057,398
Q059,398
Q068,398
Q070,398
Q078,398
Q100,398
Q103,398
Q112,398
Q120,398
Q128,398
Q130,398
Q131,398
Q134,398
Q141,398
Q150,398
Q158,398
Q161,398
Q163,398
Q170,398
Q174,398
Q178,398
Q180,398
Q181,398
Q183,398
Q184,398
Q188,398
Q189,398
Q201,398
Q206,398
Q208,398
Q209,398
Q210,397
Q211,398
Q212,398
Q213,398
Q214,398
Q218,398
Q219,398
Q220,398
Q221,398
Q223,398
Q224,398
Q225,398
Q226,398
Q228,398
Q230,398
Q231,398
Q232,398
Q233,398
Q234,398
Q238,398
Q239,398
Q240,398
Q244,398
Q245,398
Q246,398
Q248,398
Q249,398
Q250,398
Q251,398
Q254,398
Q255,398
Q256,398
Q257,397
Q258,398
Q260,398
Q261,398
Q263,398
Q265,398
Q268,398
Q270,397
Q271,398
Q272,398
Q273,398
Q278,398
Q279,398
Q281,398
Q282,398
Q283,398
Q288,398
Q300,398
Q310,398
Q311,398
Q315,398
Q318,398
Q319,398
Q320,398
Q321,398
Q322,398
Q330,398
Q332,398
Q334,398
Q336,398
Q338,398
Q339,398
Q341,398
Q348,398
Q355,398
Q357,398
Q359,398
Q369,398
Q371,397
Q373,398
Q374,398
Q375,398
Q378,398
Q379,397
Q380,398
Q381,383
Q382,398
Q383,398
Q385,398
Q387,398
Q388,398
Q390,398
Q391,398
Q396,398
Q399,398
Q400,398
Q401,398
Q402,398
Q403,398
Q408,398
Q410,398
Q419,398
Q420,398
Q423,398
Q429,398
Q430,398
Q431,398
Q433,398
Q436,398
Q438,398
Q439,398
Q441,398
Q442,398
Q444,398
Q445,398
Q446,398
Q447,398
Q451,398
Q453,398
Q458,398
Q532,397
Q540,398
Q544,397
Q556,398
Q600,397
Q601,398
Q602,398
Q605,398
Q610,398
Q611,398
Q612,398
Q613,398
Q614,397
Q615,398
Q618,398
Q619,397
Q620,385
Q621,398
Q622,398
Q623,397
Q647,398
Q650,396
Q651,397
Q652,398
Q654,398
Q656,398
Q658,398
Q660,393
Q661,398
Q662,398
Q663,398
Q664,398
Q665,398
Q666,398
Q667,398
Q668,396
Q669,392
Q690,397
Q691,396
Q692,398
Q699,394
Q703,398
Q728,398
Q740,398
Q741,398
Q742,398
Q743,398
Q748,398
Q750,398
Q751,398
Q752,398
Q764,398
Q772,398
Q790,398
Q791,398
Q792,398
Q793,398
Q795,398
Q796,398
Q798,398
Q803,398
Q808,398
Q809,398
Q810,398
Q812,398
Q819,398
Q824,398
Q828,396
Q850,398
Q858,398
Q860,398
Q868,398
Q870,397
Q871,398
Q872,398
Q873,398
Q874,398
Q875,398
Q878,398
Q900,398
Q901,398
Q902,398
Q909,398
Q913,398
Q917,398
Q928,398
Q933,398
Q935,398
Q937,398
Q938,398
Q968,398
Q969,398
Q998,398
R000,398
R001,398
R002,398
R010,398
R02X,398
R030,398
R031,397
R040,398
R042,398
R060,398
R061,398
R073,398
R092,398
R098,398
R100,398
R101,396
R102,398
R103,367
R104,391
R11X,398
R13X,398
R14X,398
R15X,398
R160,398
R162,398
R17X,398
R18X,398
R190,398
R194,398
R195,398
R202,398
R230,398
R251,398
R252,398
R260,398
R262,398
R263,398
R268,398
R270,398
R294,393
R300,398
R31X,398
R32X,398
R33X,398
R35X,398
R391,398
R400,398
R401,398
R402,398
R410,398
R411,398
R412,397
R413,398
R418,395
R42X,398
R440,398
R441,398
R442,398
R443,398
R451,398
R452,398
R454,398
R456,398
R458,398
R462,398
R470,398
R480,398
R482,398
R508,398
R522,398
R53X,393
R54X,398
R55X,398
R560,398
R568,398
R570,398
R571,398
R572,398
R578,398
R579,398
R590,398
R591,398
R600,398
R601,398
R609,398
R610,398
R611,398
R619,398
R628,386
R630,398
R636,398
R638,398
R650,398
R651,398
R653,398
R748,398
R778,397
R798,391
R836,398
R933,398
R935,398
R943,398
R944,398
R945,398
S004,398
S018,398
S0200,398
S0210,398
S0211,398
S0220,398
S0221,398
S0230,398
S0240,398
S0250,398
S0260,398
S0261,398
S0270,398
S0271,398
S0280,398
S0281,398
S0290,398
S0600,398
S0610,398
S062,398
S0620,398
S0630,398
S0640,398
S065,398
S0650,398
S0651,398
S066,398
S0660,398
S0661,398
S0680,398
S0690,398
S1200,398
S1210,398
S1220,398
S127,398
S1270,398
S1280,398
S1290,398
S131,398
S140,398
S141,398
S220,398
S2200,398
S2210,398
S241,398
S270,398
S2700,398
S2701,398
S2710,398
S272,398
S2720,398
S2730,398
S2780,398
S320,398
S3200,398
S3201,398
S3210,398
S3220,398
S3230,398
S324,398
S3240,398
S325,398
S3250,398
S327,398
S3270,398
S3280,398
S331,398
S341,398
S360,398
S3600,398
S3601,398
S3610,398
S3611,398
S364,398
S3640,398
S3650,398
S3660,398
S3680,398
S3690,398
S381,398
S411,398
S420,398
S4200,398
S4201,398
S421,398
S4210,398
S422,398
S4220,398
S4221,398
S4230,398
S4231,398
S4240,398
S4241,398
S4270,398
S4280,398
S4290,398
S500,398
S501,398
S507,398
S508,398
S509,398
S510,398
S517,398
S518,398
S519,398
S5200,398
S5201,398
S5210,398
S5211,398
S5220,398
S5221,398
S5230,398
S5231,398
S5240,398
S5241,398
S525,398
S5250,398
S5251,398
S5260,398
S5261,398
S5270,398
S5280,398
S530,398
S531,398
S532,398
S533,398
S534,398
S540,398
S541,398
S542,398
S548,398
S550,398
S551,398
S552,398
S557,398
S560,398
S561,398
S562,398
S563,398
S564,398
S565,398
S567,398
S568,398
S598,398
S599,398
S610,398
S611,398
S617,398
S618,398
S619,398
S7200,398
S7210,398
S722,398
S7220,398
S7230,398
S7231,398
S724,398
S7240,398
S7241,398
S7280,398
S7290,398
S730,398
S820,398
S8200,398
S8210,398
S8211,398
S8220,398
S8230,398
S8231,398
S8240,398
S8241,398
S8250,398
S8251,398
S826,398
S8260,398
S8261,398
S8270,398
S828,398
S8280,398
S8281,398
S830,398
S831,398
S832,398
S833,398
T012,398
T0210,398
T0240,398
T0241,398
T0250,398
T064,398
T093,398
T111,398
T174,398
T175,398
T178,398
T360,398
T361,398
T364,398
T378,398
T381,398
T384,398
T385,398
T387,398
T388,398
T390,398
T391,389
T393,398
T402,398
T403,398
T404,398
T421,398
T424,398
T426,398
T427,398
T430,398
T431,398
T432,398
T433,398
T434,398
T435,398
T436,398
T443,398
T447,398
T450,398
T452,398
T454,398
T456,398
T461,398
T464,398
T465,398
T466,398
T470,398
T471,398
T474,398
T484,398
T485,398
T490,398
T500,398
T501,398
T502,398
T503,398
T504,397
T505,398
T506,398
T508,398
T509,397
T542,398
T543,398
T549,398
T740,398
T741,398
T749,398
T795,398
T810,352
T811,398
T813,398
T814,398
T817,398
T818,394
T820,398
T821,398
T822,398
T823,398
T824,398
T825,398
T826,398
T827,398
T828,398
T829,398
T830,398
T831,398
T832,398
T833,398
T834,398
T835,398
T836,398
T838,398
T839,398
T840,398
T841,398
T842,398
T843,398
T844,398
T845,398
T846,398
T847,398
T848,398
T849,398
T850,398
T852,398
T853,398
T854,398
T855,398
T856,398
T857,398
T858,398
T859,398
T860,398
T861,398
T868,398
U071,398
U072,398
Z030,398
Z032,398
Z035,398
Z038,350
Z205,398
Z21X,398
Z223,398
Z246,398
Z292,391
Z298,398
Z515,398
Z554,398
Z590,398
Z602,398
Z603,398
Z604,398
Z608,398
Z609,398
Z610,398
Z611,398
Z614,398
Z615,398
Z618,398
Z628,398
Z630,398
Z631,398
Z632,398
Z633,398
Z634,398
Z635,398
Z636,398
Z637,398
Z638,392
Z639,392
Z653,398
Z658,398
Z720,398
Z721,398
Z722,398
Z728,398
Z738,398
Z740,398
Z741,398
Z742,398
Z748,398
Z750,398
Z751,398
Z753,398
Z754,398
Z755,398
Z762,398
Z800,398
Z813,398
Z818,398
Z820,398
Z824,398
Z830,398
Z831,397
Z836,398
Z837,398
Z843,398
Z861,396
Z864,398
Z865,398
Z867,398
Z871,398
Z880,398
Z881,398
Z885,398
Z886,398
Z904,398
Z908,398
Z911,398
Z915,398
Z916,398
Z917,398
Z918,398
Z921,398
Z930,398
Z931,398
Z932,398
Z933,398
Z934,398
Z935,398
Z940,398
Z941,398
Z942,398
Z944,398
Z951,398
Z954,398
Z960,398
Z966,398
Z968,398
Z975,398
Z992,398
Z998,398
R634,359
