A047,1
A081,1
A408,1
A410,1
A411,1
A415,1
A418,1
A490,1
A498,1
B000,1
B001,1
B002,1
B004,1
B005,1
B008,1
B009,1
B020,1
B022,1
B023,1
B027,1
B028,1
B029,1
B169,1
B171,1
B181,1
B182,1
B250,1
B251,1
B258,1
B259,1
B348,1
B440,1
B441,1
B448,1
B449,1
B470,1
B479,1
B481,1
B488,1
B49X,1
B954,1
B956,1
B957,1
B958,1
B961,1
B962,1
B964,1
B965,1
B968,1
C150,1
C153,1
C154,1
C155,1
C158,1
C159,1
C160,1
C161,1
C162,1
C163,1
C164,1
C165,1
C166,1
C168,1
C169,1
C180,1
C181,1
C182,1
C183,1
C184,1
C185,1
C186,1
C187,1
C188,1
C189,1
C19X,1
C20X,1
C220,1
C221,1
C250,1
C251,1
C252,1
C253,1
C257,1
C258,1
C259,1
C340,1
C341,1
C342,1
C343,1
C348,1
C349,1
C501,1
C530,1
C539,1
C541,1
C56X,1
C61X,1
C621,1
C629,1
C64X,1
C670,1
C671,1
C672,1
C673,1
C674,1
C675,1
C676,1
C677,1
C678,1
C679,1
C710,1
C711,1
C712,1
C713,1
C714,1
C716,1
C718,1
C719,1
C770,1
C771,1
C772,1
C773,1
C774,1
C775,1
C778,1
C779,1
C780,1
C782,1
C784,1
C785,1
C786,1
C787,1
C788,1
C790,1
C792,1
C793,1
C794,1
C795,1
C797,1
C800,1
C811,1
C820,1
C821,1
C822,1
C823,1
C824,1
C826,1
C827,1
C829,1
C833,1
C851,1
C852,1
C857,1
C859,1
C880,1
C900,1
C902,1
C910,1
C911,1
C914,1
C920,1
C921,1
D180,1
D250,1
D251,1
D252,1
D259,1
D45X,1
D461,1
D462,1
D464,1
D465,1
D466,1
D467,1
D469,1
D473,1
D500,1
D501,1
D508,1
D509,1
D510,1
D511,1
D513,1
D519,1
D521,1
D528,1
D529,1
D531,1
D539,1
D550,1
D552,1
D560,1
D561,1
D562,1
D563,1
D564,1
D568,1
D569,1
D570,1
D571,1
D572,1
D573,1
D580,1
D581,1
D582,1
D588,1
D589,1
D591,1
D593,1
D594,1
D595,1
D596,1
D599,1
D600,1
D608,1
D610,1
D611,1
D612,1
D613,1
D618,1
D619,1
D62X,1
D630,1
D638,1
D643,1
D648,1
D649,1
D680,1
D681,1
D682,1
D683,1
D684,1
D685,1
D686,1
D688,1
D689,1
D693,1
D694,1
D695,1
D696,1
D70X,1
D860,1
D861,1
D862,1
D863,1
D868,1
D869,1
E031,1
E032,1
E034,1
E038,1
E039,1
E040,1
E041,1
E042,1
E049,1
E050,1
E051,1
E052,1
E054,1
E058,1
E059,1
E101,1
E102,1
E103,1
E104,1
E105,1
E106,1
E109,1
E110,1
E111,1
E112,1
E113,1
E114,1
E115,1
E116,1
E117,1
E119,1
E128,1
E131,1
E133,1
E134,1
E135,1
E136,1
E138,1
E139,1
E141,1
E142,1
E143,1
E144,1
E145,1
E146,1
E148,1
E149,1
E160,1
E161,1
E162,1
E210,1
E211,1
E212,1
E213,1
E222,1
E232,1
E271,1
E538,1
E559,1
E660,1
E661,1
E662,1
E668,1
E669,1
E780,1
E781,1
E782,1
E784,1
E785,1
E833,1
E834,1
E835,1
E850,1
E851,1
E853,1
E854,1
E858,1
E859,1
E86X,1
E870,1
E871,1
E872,1
E875,1
E876,1
E877,1
E878,1
E880,1
F000,1
F001,1
F002,1
F009,1
F011,1
F012,1
F013,1
F019,1
F020,1
F021,1
F022,1
F023,1
F028,1
F03X,1
F050,1
F051,1
F058,1
F059,1
F067,1
F101,1
F102,1
F112,1
F171,1
F172,1
F200,1
F202,1
F204,1
F209,1
F310,1
F311,1
F312,1
F313,1
F314,1
F315,1
F316,1
F317,1
F318,1
F319,1
F320,1
F321,1
F322,1
F323,1
F328,1
F329,1
F332,1
F333,1
F334,1
F338,1
F339,1
F402,1
F410,1
F411,1
F412,1
F413,1
F418,1
F419,1
F810,1
F818,1
F819,1
G20X,1
G300,1
G301,1
G308,1
G309,1
G310,1
G311,1
G312,1
G318,1
G319,1
G35X,1
G400,1
G401,1
G402,1
G403,1
G404,1
G405,1
G406,1
G407,1
G408,1
G409,1
G430,1
G431,1
G432,1
G433,1
G438,1
G439,1
G473,1
G550,1
G590,1
G610,1
G618,1
G619,1
G620,1
G621,1
G622,1
G628,1
G629,1
G631,1
G632,1
G633,1
G634,1
G635,1
G638,1
G700,1
G800,1
G801,1
G802,1
G803,1
G804,1
G808,1
G809,1
G810,1
G811,1
G819,1
G820,1
G821,1
G822,1
G952,1
G992,1
H100,1
H101,1
H103,1
H104,1
H105,1
H108,1
H109,1
H113,1
H250,1
H251,1
H258,1
H259,1
H260,1
H261,1
H262,1
H263,1
H264,1
H268,1
H269,1
H353,1
H368,1
H400,1
H401,1
H402,1
H403,1
H404,1
H405,1
H406,1
H408,1
H409,1
H538,1
H540,1
H541,1
H542,1
H544,1
H545,1
H546,1
H903,1
H904,1
H905,1
H910,1
H911,1
H912,1
H913,1
H918,1
H931,1
I071,1
I080,1
I081,1
I083,1
I10X,1
I120,1
I129,1
I200,1
I201,1
I208,1
I209,1
I210,1
I211,1
I212,1
I213,1
I214,1
I219,1
I248,1
I250,1
I251,1
I252,1
I253,1
I254,1
I255,1
I256,1
I258,1
I259,1
I260,1
I269,1
I270,1
I313,1
I340,1
I350,1
I351,1
I38X,1
I420,1
I440,1
I442,1
I444,1
I445,1
I446,1
I447,1
I450,1
I451,1
I460,1
I461,1
I469,1
I471,1
I480,1
I481,1
I482,1
I483,1
I484,1
I489,1
I490,1
I491,1
I492,1
I493,1
I494,1
I495,1
I498,1
I499,1
I500,1
I501,1
I509,1
I517,1
I518,1
I620,1
I630,1
I631,1
I632,1
I633,1
I634,1
I635,1
I636,1
I638,1
I639,1
I670,1
I671,1
I672,1
I674,1
I675,1
I677,1
I678,1
I679,1
I694,1
I700,1
I7000,1
I7001,1
I710,1
I711,1
I712,1
I713,1
I714,1
I716,1
I718,1
I719,1
I730,1
I731,1
I738,1
I739,1
I778,1
I802,1
I81X,1
I828,1
I830,1
I831,1
I832,1
I839,1
I850,1
I859,1
I871,1
I890,1
I950,1
I951,1
I952,1
I958,1
I959,1
J020,1
J028,1
J029,1
J060,1
J068,1
J09X,1
J100,1
J101,1
J108,1
J110,1
J111,1
J118,1
J121,1
J122,1
J123,1
J128,1
J129,1
J13X,1
J14X,1
J150,1
J151,1
J152,1
J153,1
J154,1
J155,1
J156,1
J157,1
J158,1
J159,1
J168,1
J171,1
J172,1
J173,1
J180,1
J181,1
J182,1
J189,1
J202,1
J205,1
J208,1
J209,1
J210,1
J211,1
J218,1
J219,1
J22X,1
J320,1
J321,1
J322,1
J323,1
J324,1
J328,1
J329,1
J431,1
J432,1
J438,1
J439,1
J440,1
J441,1
J448,1
J47X,1
J61X,1
J690,1
J81X,1
J840,1
J841,1
J848,1
J849,1
J90X,1
J91X,1
J920,1
J929,1
J960,1
J9600,1
J9601,1
J9609,1
J961,1
J9610,1
J9611,1
J9619,1
J969,1
J9690,1
J9691,1
J9699,1
J981,1
J984,1
J988,1
J998,1
K028,1
K029,1
K046,1
K047,1
K068,1
K120,1
K121,1
K140,1
K20X,1
K210,1
K219,1
K221,1
K222,1
K228,1
K250,1
K251,1
K253,1
K254,1
K255,1
K257,1
K259,1
K260,1
K261,1
K263,1
K264,1
K265,1
K266,1
K267,1
K269,1
K271,1
K274,1
K277,1
K279,1
K290,1
K291,1
K292,1
K293,1
K294,1
K295,1
K296,1
K297,1
K298,1
K299,1
K30X,1
K311,1
K312,1
K314,1
K315,1
K316,1
K317,1
K318,1
K319,1
K400,1
K402,1
K403,1
K404,1
K409,1
K420,1
K421,1
K429,1
K430,1
K431,1
K432,1
K433,1
K435,1
K436,1
K437,1
K439,1
K440,1
K441,1
K449,1
K520,1
K521,1
K522,1
K523,1
K528,1
K529,1
K552,1
K563,1
K564,1
K565,1
K566,1
K570,1
K571,1
K572,1
K573,1
K574,1
K575,1
K578,1
K579,1
K580,1
K589,1
K590,1
K600,1
K601,1
K602,1
K621,1
K625,1
K628,1
K635,1
K638,1
K640,1
K641,1
K642,1
K643,1
K644,1
K645,1
K648,1
K649,1
K703,1
K720,1
K721,1
K729,1
K740,1
K743,1
K744,1
K745,1
K746,1
K754,1
K760,1
K761,1
K763,1
K764,1
K766,1
K767,1
K768,1
K769,1
K800,1
K801,1
K802,1
K830,1
K831,1
K838,1
K861,1
K868,1
K920,1
K921,1
K922,1
L024,1
L030,1
L031,1
L032,1
L033,1
L038,1
L039,1
L080,1
L081,1
L088,1
L089,1
L270,1
L290,1
L292,1
L293,1
L298,1
L299,1
L300,1
L301,1
L303,1
L304,1
L308,1
L309,1
L530,1
L538,1
L539,1
L730,1
L731,1
L732,1
L738,1
L739,1
L890,1
L891,1
L892,1
L893,1
L899,1
L97X,1
L980,1
L981,1
L982,1
L983,1
L984,1
L985,1
L986,1
L988,1
M0001,1
M0003,1
M0004,1
M0005,1
M0006,1
M0007,1
M0021,1
M0023,1
M0024,1
M0025,1
M0026,1
M0027,1
M0081,1
M0086,1
M009,1
M0090,1
M0091,1
M0092,1
M0093,1
M0094,1
M0095,1
M0096,1
M0097,1
M0186,1
M0220,1
M023,1
M0286,1
M029,1
M0290,1
M0294,1
M0295,1
M0296,1
M0297,1
M0366,1
M0367,1
M051,1
M0510,1
M052,1
M053,1
M058,1
M059,1
M0590,1
M0591,1
M0593,1
M0594,1
M0595,1
M0596,1
M0597,1
M0599,1
M060,1
M0600,1
M0604,1
M0605,1
M0606,1
M0608,1
M0609,1
M061,1
M0610,1
M063,1
M0630,1
M0634,1
M064,1
M0640,1
M0644,1
M0646,1
M0649,1
M068,1
M069,1
M0690,1
M0691,1
M0692,1
M0693,1
M0694,1
M0695,1
M0696,1
M0697,1
M0698,1
M0699,1
M070,1
M071,1
M0710,1
M073,1
M0730,1
M0731,1
M0732,1
M0736,1
M0737,1
M0738,1
M0739,1
M074,1
M075,1
M0750,1
M076,1
M080,1
M0800,1
M081,1
M082,1
M083,1
M0830,1
M088,1
M0886,1
M089,1
M0890,1
M0893,1
M0896,1
M0898,1
M0899,1
M100,1
M1000,1
M1002,1
M1003,1
M1004,1
M1006,1
M1007,1
M1008,1
M1009,1
M102,1
M1035,1
M104,1
M109,1
M1090,1
M1092,1
M1093,1
M1094,1
M1096,1
M1097,1
M1098,1
M1099,1
M112,1
M1120,1
M1121,1
M1122,1
M1123,1
M1124,1
M1125,1
M1126,1
M1127,1
M1129,1
M118,1
M1183,1
M1186,1
M119,1
M1190,1
M1191,1
M1193,1
M1196,1
M1197,1
M1199,1
M120,1
M1200,1
M123,1
M1230,1
M1233,1
M1251,1
M1253,1
M1257,1
M128,1
M1288,1
M130,1
M1300,1
M131,1
M1311,1
M1312,1
M1316,1
M1317,1
M1318,1
M138,1
M1380,1
M1381,1
M1383,1
M1385,1
M1386,1
M1387,1
M1389,1
M139,1
M1390,1
M1391,1
M1392,1
M1393,1
M1394,1
M1395,1
M1396,1
M1397,1
M1398,1
M1399,1
M142,1
M143,1
M145,1
M146,1
M148,1
M150,1
M151,1
M152,1
M154,1
M158,1
M159,1
M160,1
M162,1
M163,1
M166,1
M169,1
M170,1
M171,1
M173,1
M174,1
M175,1
M179,1
M180,1
M182,1
M183,1
M189,1
M190,1
M1901,1
M1904,1
M1907,1
M1911,1
M1913,1
M1915,1
M1917,1
M192,1
M1920,1
M1921,1
M1927,1
M198,1
M1982,1
M1987,1
M199,1
M1990,1
M1991,1
M1992,1
M1993,1
M1994,1
M1995,1
M1997,1
M1998,1
M1999,1
M2137,1
M313,1
M316,1
M321,1
M353,1
M410,1
M411,1
M412,1
M4120,1
M4125,1
M413,1
M4130,1
M4134,1
M4135,1
M414,1
M415,1
M4155,1
M4156,1
M418,1
M4180,1
M4185,1
M4186,1
M4187,1
M419,1
M4190,1
M4192,1
M4193,1
M4194,1
M4195,1
M4196,1
M4197,1
M4199,1
M45X,1
M45X0,1
M45X2,1
M45X6,1
M45X7,1
M45X8,1
M45X9,1
M4710,1
M4712,1
M4716,1
M4717,1
M472,1
M4720,1
M4722,1
M4726,1
M4727,1
M4728,1
M478,1
M4780,1
M4782,1
M4783,1
M4784,1
M4785,1
M4786,1
M4787,1
M4788,1
M4789,1
M479,1
M4790,1
M4791,1
M4792,1
M4793,1
M4794,1
M4795,1
M4796,1
M4797,1
M4799,1
M480,1
M4800,1
M4802,1
M4803,1
M4804,1
M4805,1
M4806,1
M4807,1
M4808,1
M4809,1
M4950,1
M4952,1
M4954,1
M4956,1
M512,1
M513,1
M541,1
M5410,1
M5412,1
M5413,1
M5414,1
M5415,1
M5416,1
M5417,1
M5418,1
M5419,1
M542,1
M5421,1
M5422,1
M5423,1
M543,1
M5430,1
M5435,1
M5436,1
M5437,1
M5438,1
M5439,1
M544,1
M5445,1
M5446,1
M5447,1
M5448,1
M545,1
M5450,1
M5455,1
M5456,1
M5457,1
M5458,1
M5459,1
M546,1
M5464,1
M5465,1
M548,1
M5480,1
M5481,1
M5482,1
M5483,1
M5484,1
M5486,1
M5487,1
M5489,1
M549,1
M5490,1
M5494,1
M5495,1
M5496,1
M5497,1
M5498,1
M5499,1
M758,1
M8040,1
M8048,1
M8080,1
M8085,1
M8086,1
M8088,1
M809,1
M8090,1
M8091,1
M8092,1
M8093,1
M8095,1
M8096,1
M8097,1
M8098,1
M810,1
M8100,1
M812,1
M814,1
M8148,1
M8149,1
M815,1
M8168,1
M818,1
M8180,1
M8185,1
M8188,1
M819,1
M8190,1
M8191,1
M8192,1
M8193,1
M8194,1
M8195,1
M8196,1
M8197,1
M8198,1
M8199,1
M821,1
M858,1
M8580,1
M8581,1
M8582,1
M8583,1
M8584,1
M8585,1
M8586,1
M8587,1
M8588,1
M8589,1
M8715,1
M8725,1
M8795,1
M9070,1
M9071,1
M9072,1
M9073,1
M9075,1
M9076,1
M9078,1
N031,1
N032,1
N039,1
N040,1
N041,1
N043,1
N048,1
N049,1
N050,1
N051,1
N052,1
N057,1
N058,1
N059,1
N130,1
N131,1
N132,1
N133,1
N170,1
N171,1
N172,1
N179,1
N181,1
N182,1
N183,1
N184,1
N185,1
N189,1
N19X,1
N200,1
N26X,1
N280,1
N281,1
N288,1
N328,1
N390,1
N40X,1
N508,1
N771,1
N800,1
N801,1
N802,1
N803,1
N804,1
N805,1
N806,1
N808,1
N809,1
N830,1
N831,1
N832,1
N898,1
N930,1
N938,1
N939,1
O268,1
O360,1
Q054,1
Q057,1
Q059,1
Q610,1
Q850,1
R000,1
R001,1
R002,1
R010,1
R011,1
R02X,1
R030,1
R031,1
R040,1
R042,1
R05X,1
R060,1
R070,1
R071,1
R072,1
R073,1
R074,1
R090,1
R100,1
R101,1
R102,1
R103,1
R104,1
R11X,1
R14X,1
R15X,1
R160,1
R161,1
R162,1
R17X,1
R18X,1
R190,1
R194,1
R195,1
R202,1
R21X,1
R233,1
R260,1
R262,1
R263,1
R268,1
R296,1
R300,1
R31X,1
R32X,1
R33X,1
R35X,1
R400,1
R401,1
R402,1
R410,1
R411,1
R412,1
R413,1
R418,1
R42X,1
R440,1
R441,1
R442,1
R443,1
R451,1
R470,1
R471,1
R478,1
R502,1
R508,1
R509,1
R51X,1
R521,1
R522,1
R53X,1
R54X,1
R55X,1
R560,1
R568,1
R570,1
R572,1
R590,1
R591,1
R600,1
R601,1
R609,1
R620,1
R628,1
R629,1
R630,1
R634,1
R636,1
R638,1
R651,1
R653,1
R730,1
R739,1
R836,1
R945,1
S008,1
S018,1
S090,1
S091,1
S092,1
S097,1
S098,1
T810,1
T814,1
T825,1
T827,1
T828,1
T857,1
T861,1
T881,1
T884,1
T885,1
T886,1
T887,1
U071,1
U072,1
Z515,1
Z602,1
Z614,1
Z720,1
Z738,1
Z740,1
Z741,1
Z742,1
Z748,1
Z750,1
Z751,1
Z753,1
Z754,1
Z755,1
Z894,1
Z896,1
Z902,1
Z911,1
Z921,1
Z922,1
Z923,1
Z924,1
Z928,1
Z930,1
Z931,1
Z932,1
Z933,1
Z934,1
Z935,1
Z936,1
Z938,1
Z939,1
Z940,1
Z941,1
Z942,1
Z944,1
Z946,1
Z947,1
Z948,1
Z949,1
Z950,1
Z951,1
Z952,1
Z953,1
Z954,1
Z960,1
Z966,1
Z968,1
Z978,1
Z992,1
Z993,1
Z998,1
R13X,1