A040,264
A042,264
A043,264
A044,264
A045,264
A046,264
A047,264
A048,264
A081,264
A150,264
A151,264
A152,264
A153,264
A154,264
A156,264
A157,264
A160,264
A162,264
A163,264
A165,264
A169,264
A400,264
A401,264
A402,264
A403,264
A408,264
A409,264
A410,264
A411,264
A412,264
A414,264
A415,264
A418,264
A419,264
A490,264
A491,264
A492,264
A493,264
A498,264
B000,264
B001,264
B002,264
B004,264
B005,264
B008,264
B009,264
B020,264
B022,264
B023,264
B027,264
B028,264
B029,264
B169,264
B171,264
B172,264
B178,264
B203,264
B204,264
B206,264
B209,264
B213,264
B220,264
B227,264
B232,264
B24X,264
B250,264
B251,264
B258,264
B259,264
B351,264
B352,264
B353,264
B354,264
B356,264
B359,264
B370,264
B371,264
B372,264
B373,264
B374,264
B377,264
B378,264
B379,264
B440,264
B441,264
B448,264
B449,264
B59X,264
B86X,264
B950,264
B951,264
B952,264
B953,264
B954,264
B955,264
B956,264
B957,264
B958,264
B960,264
B961,264
B962,264
B963,264
B964,264
B965,264
B966,264
B967,264
B968,264
D500,264
D501,264
D508,264
D509,264
D510,264
D511,264
D513,264
D519,264
D521,264
D528,264
D529,264
D531,264
D539,264
D550,264
D552,264
D560,264
D561,264
D562,264
D563,264
D564,264
D568,264
D569,264
D570,264
D571,264
D572,264
D573,264
D580,264
D581,264
D582,264
D588,264
D589,264
D591,264
D593,264
D594,264
D595,264
D596,264
D599,264
D600,264
D608,264
D609,264
D610,264
D611,264
D612,264
D613,264
D618,264
D619,264
D62X,264
D630,264
D638,264
D643,264
D648,264
D649,264
D680,264
D681,264
D682,264
D683,264
D684,264
D685,264
D686,264
D688,264
D689,264
D690,264
D691,264
D692,264
D693,264
D694,264
D695,264
D696,264
E031,264
E032,264
E034,264
E038,264
E039,264
E538,264
E539,264
E611,264
F101,264
F102,264
F103,264
F104,264
F105,264
F106,264
F107,264
F111,264
F112,264
F113,264
F115,264
F117,264
F132,264
F190,264
F191,264
F192,264
F193,264
F195,264
F480,264
F481,264
F489,264
F500,264
F501,264
F502,264
F505,264
F508,264
F509,264
F700,264
F709,264
F711,264
F719,264
F721,264
F728,264
F729,264
F739,264
F840,264
F841,264
F842,264
F845,264
F848,264
F849,264
G510,264
G550,264
G551,264
G552,264
G553,264
G558,264
H400,264
H401,264
H402,264
H403,264
H404,264
H405,264
H406,264
H408,264
H409,264
H612,264
H910,264
H911,264
H912,264
H913,264
H918,264
I071,264
I080,264
I081,264
I082,264
I083,264
I088,264
I089,264
I220,264
I221,264
I229,264
I330,264
I339,264
I830,264
I831,264
I832,264
I839,264
I872,264
J14X,264
K046,264
K047,264
K210,264
K219,264
K400,264
K402,264
K403,264
K404,264
K409,264
K420,264
K421,264
K429,264
K640,264
K641,264
K642,264
K643,264
K644,264
K645,264
K648,264
K649,264
K660,264
K661,264
K668,264
K669,264
M100,264
M1000,264
M1002,264
M1003,264
M1004,264
M1006,264
M1007,264
M1008,264
M1009,264
M102,264
M1035,264
M104,264
M109,264
M1090,264
M1092,264
M1093,264
M1094,264
M1096,264
M1097,264
M1098,264
M1099,264
M213,264
M2133,264
M2137,264
M254,264
M2540,264
M2541,264
M2542,264
M2543,264
M2544,264
M2545,264
M2546,264
M2547,264
M255,264
M2550,264
M2551,264
M2552,264
M2553,264
M2554,264
M2555,264
M2556,264
M2557,264
M2558,264
M2559,264
M410,264
M411,264
M412,264
M4120,264
M4125,264
M413,264
M4130,264
M4134,264
M4135,264
M414,264
M415,264
M4155,264
M4156,264
M418,264
M4180,264
M4185,264
M4186,264
M4187,264
M419,264
M4190,264
M4192,264
M4193,264
M4194,264
M4195,264
M4196,264
M4197,264
M4199,264
M750,264
M751,264
M752,264
M753,264
M754,264
M755,264
M758,264
M759,264
N450,264
N459,264
N480,264
N481,264
N482,264
N483,264
N484,264
N485,264
N486,264
N488,264
N489,264
N500,264
N501,264
N508,264
N509,264
N890,264
N893,264
N895,264
N896,264
N897,264
N898,264
N899,264
P050,264
P051,264
P059,264
P070,264
P071,264
P072,264
P073,264
R001,264
R02X,264
R031,264
R040,264
R13X,264
R15X,264
R21X,264
R251,264
R260,264
R262,264
R263,264
R268,264
R31X,264
R32X,264
R33X,264
R400,264
R401,264
R402,264
R410,264
R411,264
R412,264
R413,264
R418,264
R440,264
R441,264
R442,264
R443,264
R451,264
R460,264
R462,264
R464,264
R466,264
R468,264
R521,263
R522,261
R529,259
R54X,264
R570,264
R572,264
R600,264
R601,264
R609,264
R620,264
R628,264
R629,264
R651,264
R653,264
R836,264
R945,264
S000,264
S001,264
S002,264
S003,264
S004,264
S005,264
S007,264
S008,264
S009,264
S010,264
S011,264
S012,264
S013,264
S014,264
S015,264
S017,264
S018,264
S019,264
S300,264
S301,264
S302,264
S307,264
S308,264
S309,264
S400,264
S407,264
S408,264
S409,264
S525,264
S5250,264
S5251,264
S5260,264
S5261,264
S700,264
S701,264
S707,264
S708,264
S709,264
T381,264
T420,264
T430,264
T446,264
T447,264
T500,264
T501,264
T502,264
T503,264
T791,264
T793,264
T795,264
T796,264
T797,264
T798,264
Z223,264
Z290,264
Z466,264
Z500,264
Z501,264
Z502,264
Z504,264
Z505,264
Z507,264
Z509,264
Z515,264
Z590,264
Z591,264
Z602,264
Z614,264
Z634,264
Z635,264
Z713,264
Z731,264
Z738,264
Z740,264
Z741,264
Z742,264
Z748,264
Z749,264
Z750,264
Z751,264
Z753,264
Z754,264
Z755,264
Z930,264
Z931,264
Z932,264
Z933,264
Z934,264
Z935,264
Z936,264
Z938,264
Z939,264
Z940,264
Z941,264
Z942,264
Z944,264
Z946,264
Z947,264
Z948,264
Z949,264
Z966,264
Z967,264
Z981,264
