F841,1
F842,1
A047,1
A081,1
A085,1
A154,1
A157,1
A163,1
A400,1
A401,1
A402,1
A403,1
A408,1
A409,1
A410,1
A411,1
A412,1
A414,1
A415,1
A418,1
A419,1
A480,1
A490,1
A491,1
A492,1
A493,1
A498,1
B159,1
B171,1
B172,1
B178,1
B182,1
B203,1
B204,1
B206,1
B209,1
B213,1
B220,1
B227,1
B232,1
B24X,1
B250,1
B251,1
B258,1
B259,1
B370,1
B371,1
B372,1
B373,1
B374,1
B377,1
B378,1
B379,1
B86X,1
B950,1
B951,1
B952,1
B953,1
B954,1
B955,1
B956,1
B957,1
B958,1
B961,1
B962,1
B964,1
B965,1
B968,1
C160,1
C161,1
C162,1
C163,1
C164,1
C165,1
C166,1
C168,1
C169,1
C170,1
C171,1
C172,1
C179,1
C180,1
C181,1
C182,1
C183,1
C184,1
C185,1
C186,1
C187,1
C188,1
C189,1
C210,1
C211,1
C218,1
C23X,1
C340,1
C341,1
C342,1
C343,1
C348,1
C349,1
C432,1
C440,1
C441,1
C442,1
C443,1
C444,1
C445,1
C446,1
C447,1
C449,1
C480,1
C530,1
C539,1
C541,1
C61X,1
C670,1
C671,1
C672,1
C673,1
C674,1
C675,1
C676,1
C677,1
C678,1
C679,1
C751,1
C755,1
C761,1
C762,1
C763,1
C765,1
C793,1
C851,1
C852,1
C857,1
C859,1
C900,1
C910,1
C911,1
C920,1
C921,1
D180,1
D250,1
D251,1
D252,1
D259,1
D45X,1
D461,1
D462,1
D464,1
D465,1
D466,1
D467,1
D469,1
D471,1
D473,1
D500,1
D501,1
D508,1
D509,1
D510,1
D511,1
D513,1
D519,1
D521,1
D528,1
D529,1
D531,1
D539,1
D550,1
D552,1
D560,1
D561,1
D562,1
D563,1
D564,1
D568,1
D569,1
D570,1
D571,1
D572,1
D573,1
D580,1
D581,1
D582,1
D588,1
D589,1
D591,1
D593,1
D594,1
D595,1
D596,1
D599,1
D600,1
D608,1
D609,1
D610,1
D611,1
D612,1
D613,1
D618,1
D619,1
D62X,1
D630,1
D638,1
D643,1
D648,1
D649,1
D65X,1
D66X,1
D67X,1
D680,1
D681,1
D682,1
D683,1
D684,1
D685,1
D686,1
D688,1
D689,1
D694,1
D695,1
D696,1
D698,1
D70X,1
D730,1
D751,1
D758,1
E031,1
E032,1
E034,1
E038,1
E039,1
E040,1
E041,1
E042,1
E049,1
E050,1
E051,1
E052,1
E054,1
E058,1
E059,1
E101,1
E102,1
E103,1
E104,1
E105,1
E106,1
E109,1
E110,1
E111,1
E112,1
E113,1
E114,1
E115,1
E116,1
E117,1
E119,1
E128,1
E131,1
E133,1
E134,1
E135,1
E136,1
E138,1
E139,1
E141,1
E142,1
E143,1
E144,1
E145,1
E146,1
E148,1
E149,1
E160,1
E161,1
E162,1
E348,1
E41X,1
E43X,1
E441,1
E46X,1
E538,1
E559,1
E660,1
E661,1
E662,1
E668,1
E669,1
E834,1
E835,1
E840,1
E841,1
E848,1
E849,1
E86X,1
E870,1
E871,1
E872,1
E873,1
E874,1
E875,1
E876,1
E877,1
E878,1
E880,1
E888,1
F000,1
F001,1
F002,1
F009,1
F011,1
F012,1
F013,1
F019,1
F020,1
F021,1
F022,1
F023,1
F028,1
F03X,1
F050,1
F051,1
F058,1
F059,1
F062,1
F067,1
F101,1
F102,1
F103,1
F111,1
F112,1
F171,1
F228,1
F320,1
F321,1
F322,1
F323,1
F328,1
F329,1
F332,1
F333,1
F334,1
F338,1
F339,1
F410,1
F411,1
F412,1
F413,1
F418,1
F419,1
F810,1
F818,1
F819,1
F845,1
F848,1
F849,1
G20X,1
G300,1
G301,1
G308,1
G309,1
G310,1
G311,1
G312,1
G318,1
G319,1
G35X,1
G430,1
G431,1
G432,1
G433,1
G438,1
G439,1
G450,1
G453,1
G454,1
G458,1
G459,1
G467,1
G473,1
G510,1
G546,1
G548,1
G560,1
G561,1
G562,1
G563,1
G568,1
G570,1
G571,1
G572,1
G573,1
G575,1
G576,1
G610,1
G618,1
G619,1
G620,1
G621,1
G622,1
G628,1
G629,1
G631,1
G632,1
G633,1
G634,1
G635,1
G638,1
G700,1
G720,1
G721,1
G724,1
G728,1
G729,1
G800,1
G801,1
G802,1
G803,1
G804,1
G808,1
G809,1
G810,1
G811,1
G819,1
G820,1
G821,1
G822,1
G824,1
G825,1
G835,1
G838,1
G910,1
G911,1
G912,1
G913,1
G918,1
G919,1
G931,1
G970,1
G971,1
H260,1
H261,1
H262,1
H263,1
H264,1
H268,1
H269,1
H332,1
H353,1
H400,1
H401,1
H402,1
H403,1
H404,1
H405,1
H406,1
H408,1
H409,1
H531,1
H532,1
H540,1
H541,1
H542,1
H544,1
H545,1
H546,1
H741,1
H742,1
H910,1
H911,1
H912,1
H913,1
H918,1
H922,1
I00X,1
I011,1
I019,1
I050,1
I051,1
I052,1
I058,1
I059,1
I060,1
I071,1
I078,1
I079,1
I080,1
I081,1
I082,1
I083,1
I088,1
I089,1
I090,1
I092,1
I098,1
I099,1
I10X,1
I120,1
I129,1
I130,1
I131,1
I132,1
I139,1
I200,1
I210,1
I211,1
I212,1
I213,1
I214,1
I219,1
I220,1
I221,1
I229,1
I231,1
I232,1
I233,1
I236,1
I240,1
I241,1
I248,1
I249,1
I252,1
I255,1
I260,1
I269,1
I270,1
I272,1
I278,1
I279,1
I281,1
I288,1
I301,1
I309,1
I311,1
I312,1
I313,1
I319,1
I330,1
I339,1
I340,1
I341,1
I342,1
I348,1
I349,1
I350,1
I351,1
I352,1
I358,1
I359,1
I361,1
I370,1
I371,1
I379,1
I38X,1
I420,1
I421,1
I422,1
I423,1
I424,1
I425,1
I426,1
I427,1
I428,1
I429,1
I440,1
I441,1
I442,1
I443,1
I444,1
I445,1
I446,1
I447,1
I450,1
I451,1
I452,1
I453,1
I454,1
I455,1
I456,1
I458,1
I459,1
I460,1
I470,1
I471,1
I472,1
I479,1
I480,1
I481,1
I482,1
I483,1
I484,1
I489,1
I490,1
I491,1
I492,1
I493,1
I494,1
I495,1
I498,1
I499,1
I500,1
I501,1
I509,1
I510,1
I511,1
I512,1
I513,1
I514,1
I515,1
I517,1
I518,1
I600,1
I601,1
I602,1
I609,1
I610,1
I611,1
I612,1
I613,1
I614,1
I615,1
I616,1
I618,1
I619,1
I620,1
I629,1
I630,1
I631,1
I632,1
I633,1
I634,1
I635,1
I636,1
I638,1
I639,1
I64X,1
I650,1
I652,1
I653,1
I660,1
I661,1
I662,1
I663,1
I668,1
I669,1
I670,1
I671,1
I672,1
I674,1
I675,1
I677,1
I678,1
I679,1
I693,1
I694,1
I700,1
I7000,1
I7001,1
I701,1
I7010,1
I7011,1
I7021,1
I708,1
I7080,1
I7081,1
I710,1
I711,1
I712,1
I713,1
I714,1
I716,1
I718,1
I719,1
I720,1
I721,1
I722,1
I723,1
I724,1
I725,1
I726,1
I728,1
I729,1
I730,1
I731,1
I738,1
I739,1
I741,1
I742,1
I743,1
I744,1
I745,1
I748,1
I770,1
I771,1
I772,1
I774,1
I776,1
I778,1
I779,1
I792,1
I800,1
I801,1
I802,1
I803,1
I808,1
I809,1
I81X,1
I820,1
I822,1
I823,1
I828,1
I829,1
I830,1
I831,1
I832,1
I839,1
I870,1
I871,1
I872,1
I878,1
I890,1
I891,1
I950,1
I951,1
I952,1
I958,1
I959,1
I971,1
I972,1
I978,1
I982,1
I983,1
J09X,1
J100,1
J101,1
J108,1
J110,1
J111,1
J118,1
J121,1
J122,1
J123,1
J128,1
J129,1
J13X,1
J14X,1
J150,1
J151,1
J152,1
J153,1
J154,1
J155,1
J156,1
J157,1
J158,1
J159,1
J168,1
J171,1
J172,1
J173,1
J180,1
J181,1
J182,1
J189,1
J202,1
J205,1
J208,1
J209,1
J210,1
J211,1
J218,1
J219,1
J22X,1
J384,1
J385,1
J386,1
J431,1
J432,1
J438,1
J439,1
J440,1
J441,1
J448,1
J449,1
J47X,1
J690,1
J80X,1
J81X,1
J841,1
J851,1
J852,1
J860,1
J869,1
J90X,1
J91X,1
J920,1
J929,1
J930,1
J931,1
J938,1
J939,1
J940,1
J941,1
J942,1
J948,1
J949,1
J950,1
J955,1
J958,1
J960,1
J9600,1
J9601,1
J9609,1
J961,1
J9610,1
J9611,1
J9619,1
J969,1
J9690,1
J9691,1
J9699,1
J980,1
J981,1
J982,1
J984,1
J985,1
J986,1
J988,1
K113,1
K118,1
K210,1
K219,1
K220,1
K221,1
K222,1
K250,1
K251,1
K253,1
K254,1
K255,1
K257,1
K259,1
K260,1
K261,1
K263,1
K264,1
K265,1
K266,1
K267,1
K269,1
K271,1
K274,1
K277,1
K279,1
K290,1
K291,1
K292,1
K293,1
K294,1
K295,1
K296,1
K297,1
K298,1
K299,1
K30X,1
K311,1
K312,1
K314,1
K315,1
K316,1
K317,1
K318,1
K319,1
K400,1
K402,1
K403,1
K404,1
K409,1
K410,1
K412,1
K413,1
K414,1
K419,1
K420,1
K421,1
K429,1
K430,1
K431,1
K432,1
K433,1
K435,1
K436,1
K437,1
K439,1
K440,1
K441,1
K449,1
K450,1
K458,1
K510,1
K512,1
K513,1
K514,1
K515,1
K518,1
K519,1
K520,1
K521,1
K522,1
K523,1
K528,1
K529,1
K550,1
K551,1
K552,1
K558,1
K559,1
K560,1
K561,1
K562,1
K563,1
K564,1
K565,1
K566,1
K567,1
K570,1
K571,1
K572,1
K573,1
K574,1
K575,1
K578,1
K579,1
K580,1
K589,1
K590,1
K591,1
K592,1
K593,1
K594,1
K598,1
K599,1
K612,1
K614,1
K625,1
K630,1
K631,1
K632,1
K633,1
K634,1
K635,1
K638,1
K639,1
K640,1
K641,1
K642,1
K643,1
K644,1
K645,1
K648,1
K649,1
K650,1
K658,1
K659,1
K660,1
K661,1
K668,1
K669,1
K700,1
K701,1
K702,1
K703,1
K704,1
K709,1
K710,1
K711,1
K712,1
K716,1
K717,1
K718,1
K719,1
K720,1
K721,1
K729,1
K740,1
K743,1
K744,1
K745,1
K746,1
K750,1
K753,1
K754,1
K758,1
K759,1
K760,1
K761,1
K763,1
K764,1
K766,1
K767,1
K768,1
K769,1
K770,1
K778,1
K800,1
K801,1
K802,1
K803,1
K804,1
K805,1
K808,1
K820,1
K821,1
K822,1
K823,1
K824,1
K828,1
K829,1
K830,1
K831,1
K832,1
K833,1
K834,1
K835,1
K838,1
K839,1
K850,1
K851,1
K852,1
K853,1
K858,1
K859,1
K860,1
K861,1
K862,1
K863,1
K868,1
K869,1
K900,1
K901,1
K902,1
K904,1
K908,1
K909,1
K910,1
K911,1
K912,1
K913,1
K914,1
K918,1
K920,1
K921,1
K922,1
K928,1
L022,1
L024,1
L030,1
L031,1
L032,1
L033,1
L038,1
L039,1
L080,1
L081,1
L088,1
L089,1
L300,1
L301,1
L303,1
L304,1
L308,1
L309,1
L400,1
L401,1
L402,1
L403,1
L404,1
L405,1
L408,1
L409,1
L740,1
L744,1
L748,1
L88X,1
L890,1
L891,1
L892,1
L893,1
L899,1
L921,1
L940,1
L942,1
L943,1
L948,1
L949,1
L950,1
L958,1
L959,1
L97X,1
L980,1
L981,1
L982,1
L983,1
L984,1
L985,1
L986,1
L988,1
M0001,1
M0003,1
M0004,1
M0005,1
M0006,1
M0007,1
M0021,1
M0023,1
M0024,1
M0025,1
M0026,1
M0027,1
M0081,1
M0086,1
M009,1
M0090,1
M0091,1
M0092,1
M0093,1
M0094,1
M0095,1
M0096,1
M0097,1
M0186,1
M0220,1
M023,1
M0286,1
M029,1
M0290,1
M0294,1
M0295,1
M0296,1
M0297,1
M0366,1
M0367,1
M051,1
M0510,1
M052,1
M053,1
M058,1
M059,1
M0590,1
M0591,1
M0593,1
M0594,1
M0595,1
M0596,1
M0597,1
M0599,1
M060,1
M0600,1
M0604,1
M0605,1
M0606,1
M0608,1
M0609,1
M061,1
M0610,1
M063,1
M0630,1
M0634,1
M064,1
M0640,1
M0644,1
M0646,1
M0649,1
M068,1
M069,1
M0690,1
M0691,1
M0692,1
M0693,1
M0694,1
M0695,1
M0696,1
M0697,1
M0698,1
M0699,1
M070,1
M071,1
M0710,1
M073,1
M0730,1
M0731,1
M0732,1
M0736,1
M0737,1
M0738,1
M0739,1
M074,1
M075,1
M0750,1
M076,1
M080,1
M0800,1
M081,1
M082,1
M083,1
M0830,1
M088,1
M0886,1
M089,1
M0890,1
M0893,1
M0896,1
M0898,1
M0899,1
M100,1
M1000,1
M1002,1
M1003,1
M1004,1
M1006,1
M1007,1
M1008,1
M1009,1
M102,1
M1035,1
M104,1
M109,1
M1090,1
M1092,1
M1093,1
M1094,1
M1096,1
M1097,1
M1098,1
M1099,1
M112,1
M1120,1
M1121,1
M1122,1
M1123,1
M1124,1
M1125,1
M1126,1
M1127,1
M1129,1
M118,1
M1183,1
M1186,1
M119,1
M1190,1
M1191,1
M1193,1
M1196,1
M1197,1
M1199,1
M120,1
M1200,1
M123,1
M1230,1
M1233,1
M1251,1
M1253,1
M1257,1
M128,1
M1288,1
M130,1
M1300,1
M131,1
M1311,1
M1312,1
M1316,1
M1317,1
M1318,1
M138,1
M1380,1
M1381,1
M1383,1
M1385,1
M1386,1
M1387,1
M1389,1
M139,1
M1390,1
M1391,1
M1392,1
M1393,1
M1394,1
M1395,1
M1396,1
M1397,1
M1398,1
M1399,1
M142,1
M143,1
M145,1
M146,1
M148,1
M150,1
M151,1
M152,1
M154,1
M158,1
M159,1
M160,1
M162,1
M163,1
M166,1
M169,1
M170,1
M171,1
M173,1
M174,1
M175,1
M179,1
M180,1
M182,1
M183,1
M189,1
M190,1
M1901,1
M1904,1
M1907,1
M1911,1
M1913,1
M1915,1
M1917,1
M192,1
M1920,1
M1921,1
M1927,1
M198,1
M1982,1
M1987,1
M199,1
M1990,1
M1991,1
M1992,1
M1993,1
M1994,1
M1995,1
M1997,1
M1998,1
M1999,1
M2106,1
M2107,1
M213,1
M2130,1
M2133,1
M2137,1
M218,1
M2180,1
M2181,1
M2183,1
M2185,1
M2186,1
M2187,1
M2401,1
M2402,1
M2405,1
M2407,1
M241,1
M2411,1
M2413,1
M2414,1
M2415,1
M2416,1
M2417,1
M242,1
M2421,1
M2422,1
M2423,1
M2424,1
M2426,1
M2427,1
M2428,1
M2431,1
M2434,1
M2436,1
M2437,1
M2440,1
M2441,1
M2444,1
M2445,1
M2446,1
M2447,1
M2450,1
M2451,1
M2452,1
M2453,1
M2454,1
M2455,1
M2456,1
M2457,1
M2464,1
M2466,1
M2467,1
M2468,1
M247,1
M2480,1
M2481,1
M2482,1
M2483,1
M2485,1
M2486,1
M2487,1
M2491,1
M250,1
M2506,1
M2507,1
M2512,1
M257,1
M2570,1
M2571,1
M2572,1
M2573,1
M2574,1
M2575,1
M2576,1
M2577,1
M2578,1
M316,1
M341,1
M348,1
M350,1
M351,1
M352,1
M353,1
M410,1
M411,1
M412,1
M4120,1
M4125,1
M413,1
M4130,1
M4134,1
M4135,1
M414,1
M415,1
M4155,1
M4156,1
M418,1
M4180,1
M4185,1
M4186,1
M4187,1
M419,1
M4190,1
M4192,1
M4193,1
M4194,1
M4195,1
M4196,1
M4197,1
M4199,1
M4320,1
M4322,1
M4323,1
M4326,1
M4327,1
M4328,1
M45X,1
M45X0,1
M45X2,1
M45X6,1
M45X7,1
M45X8,1
M45X9,1
M4606,1
M462,1
M4622,1
M4624,1
M4626,1
M4628,1
M4632,1
M4634,1
M4636,1
M4650,1
M4656,1
M4657,1
M4658,1
M468,1
M4680,1
M4682,1
M4686,1
M4687,1
M4710,1
M4712,1
M4716,1
M4717,1
M472,1
M4720,1
M4722,1
M4726,1
M4727,1
M4728,1
M478,1
M4780,1
M4782,1
M4783,1
M4784,1
M4785,1
M4786,1
M4787,1
M4788,1
M4789,1
M479,1
M4790,1
M4791,1
M4792,1
M4793,1
M4794,1
M4795,1
M4796,1
M4797,1
M4799,1
M484,1
M4840,1
M4844,1
M4845,1
M4846,1
M4848,1
M485,1
M4850,1
M4852,1
M4854,1
M4855,1
M4856,1
M4858,1
M490,1
M4900,1
M4902,1
M4904,1
M4906,1
M4950,1
M4952,1
M4954,1
M4956,1
M500,1
M501,1
M502,1
M503,1
M512,1
M513,1
M541,1
M5410,1
M5412,1
M5413,1
M5414,1
M5415,1
M5416,1
M5417,1
M5418,1
M5419,1
M542,1
M5421,1
M5422,1
M5423,1
M543,1
M5430,1
M5435,1
M5436,1
M5437,1
M5438,1
M5439,1
M544,1
M5445,1
M5446,1
M5447,1
M5448,1
M545,1
M5450,1
M5455,1
M5456,1
M5457,1
M5458,1
M5459,1
M546,1
M5464,1
M5465,1
M548,1
M5480,1
M5481,1
M5482,1
M5483,1
M5484,1
M5486,1
M5487,1
M5489,1
M549,1
M5490,1
M5494,1
M5495,1
M5496,1
M5497,1
M5498,1
M5499,1
M652,1
M6521,1
M6523,1
M6525,1
M6526,1
M658,1
M6581,1
M6583,1
M6584,1
M6585,1
M6586,1
M6587,1
M7112,1
M7116,1
M7117,1
M712,1
M7146,1
M760,1
M7605,1
M761,1
M7615,1
M763,1
M764,1
M765,1
M766,1
M7666,1
M7667,1
M767,1
M7677,1
M7685,1
M7686,1
M7687,1
M774,1
M775,1
M790,1
M796,1
M7960,1
M7961,1
M7962,1
M7963,1
M7964,1
M7965,1
M7966,1
M7967,1
M8040,1
M8048,1
M8080,1
M8085,1
M8086,1
M8088,1
M809,1
M8090,1
M8091,1
M8092,1
M8093,1
M8095,1
M8096,1
M8097,1
M8098,1
M810,1
M8100,1
M812,1
M814,1
M8148,1
M8149,1
M815,1
M8168,1
M818,1
M8180,1
M8185,1
M8188,1
M819,1
M8190,1
M8191,1
M8192,1
M8193,1
M8194,1
M8195,1
M8196,1
M8197,1
M8198,1
M8199,1
M821,1
M838,1
M840,1
M8400,1
M8401,1
M8402,1
M8403,1
M8404,1
M8405,1
M8406,1
M8407,1
M8410,1
M8411,1
M8412,1
M8413,1
M8414,1
M8415,1
M8416,1
M8417,1
M8418,1
M8423,1
M8424,1
M8426,1
M8431,1
M8433,1
M8435,1
M8437,1
M8438,1
M848,1
M8484,1
M8485,1
M8486,1
M8487,1
M8611,1
M8613,1
M8614,1
M8616,1
M8617,1
M863,1
M8648,1
M866,1
M8661,1
M8662,1
M8663,1
M8665,1
M8666,1
M8667,1
M868,1
M8680,1
M8686,1
M8687,1
M869,1
M8690,1
M8691,1
M8692,1
M8694,1
M8695,1
M8696,1
M8697,1
M8698,1
M8707,1
M8715,1
M8718,1
M8721,1
M8725,1
M8738,1
M878,1
M8784,1
M8787,1
M879,1
M8790,1
M8791,1
M8792,1
M8793,1
M8794,1
M8795,1
M8796,1
M8797,1
M8921,1
M8950,1
M8951,1
M8954,1
M8955,1
M8956,1
M8957,1
M8958,1
M9070,1
M9071,1
M9072,1
M9073,1
M9075,1
M9076,1
M9078,1
M940,1
M941,1
M9418,1
M942,1
M9425,1
M9426,1
M9427,1
M948,1
M9480,1
M9481,1
M9485,1
M9486,1
M9487,1
M9490,1
M9496,1
M9497,1
M9960,1
M9961,1
M9963,1
N025,1
N031,1
N032,1
N039,1
N12X,1
N130,1
N131,1
N132,1
N133,1
N134,1
N135,1
N136,1
N137,1
N138,1
N139,1
N170,1
N171,1
N172,1
N179,1
N181,1
N182,1
N183,1
N184,1
N185,1
N189,1
N19X,1
N200,1
N201,1
N202,1
N209,1
N210,1
N211,1
N218,1
N23X,1
N251,1
N26X,1
N280,1
N281,1
N288,1
N328,1
N390,1
N40X,1
N47X,1
N508,1
N830,1
N831,1
N832,1
N990,1
P050,1
P051,1
P059,1
P071,1
P072,1
P073,1
P220,1
P251,1
P293,1
P298,1
P590,1
P704,1
P917,1
Q210,1
Q211,1
Q250,1
Q271,1
Q272,1
Q273,1
Q796,1
Q874,1
Q900,1
Q901,1
Q902,1
Q909,1
R000,1
R001,1
R02X,1
R030,1
R031,1
R040,1
R042,1
R05X,1
R060,1
R070,1
R071,1
R072,1
R073,1
R074,1
R090,1
R092,1
R100,1
R101,1
R102,1
R103,1
R104,1
R11X,1
R13X,1
R15X,1
R160,1
R161,1
R17X,1
R18X,1
R190,1
R202,1
R21X,1
R260,1
R262,1
R263,1
R268,1
R296,1
R31X,1
R32X,1
R33X,1
R34X,1
R390,1
R392,1
R400,1
R401,1
R402,1
R410,1
R411,1
R412,1
R413,1
R418,1
R42X,1
R440,1
R441,1
R442,1
R443,1
R451,1
R470,1
R471,1
R478,1
R490,1
R491,1
R502,1
R508,1
R509,1
R51X,1
R521,1
R522,1
R53X,1
R54X,1
R55X,1
R560,1
R568,1
R570,1
R572,1
R58X,1
R590,1
R591,1
R600,1
R601,1
R609,1
R628,1
R630,1
R634,1
R651,1
R653,1
R680,1
R730,1
R739,1
R798,1
R836,1
R91X,1
R936,1
R942,1
R943,1
R944,1
R945,1
R946,1
R947,1
S008,1
S018,1
S045,1
S048,1
S0600,1
S0630,1
S065,1
S0650,1
S0651,1
S0680,1
S090,1
S091,1
S092,1
S097,1
S098,1
S1200,1
S1280,1
S150,1
S151,1
S153,1
S16X,1
S220,1
S2200,1
S2210,1
S222,1
S2220,1
S223,1
S2230,1
S224,1
S2240,1
S2250,1
S2290,1
S250,1
S290,1
S297,1
S298,1
S300,1
S301,1
S302,1
S307,1
S308,1
S309,1
S311,1
S3210,1
S3220,1
S3230,1
S3280,1
S360,1
S3600,1
S3601,1
S3610,1
S3611,1
S364,1
S3640,1
S3650,1
S3660,1
S3680,1
S3690,1
S3700,1
S3710,1
S3720,1
S3721,1
S3730,1
S3760,1
S3761,1
S3780,1
S379,1
S3790,1
S390,1
S398,1
S421,1
S4210,1
S4280,1
S430,1
S431,1
S432,1
S434,1
S435,1
S453,1
S458,1
S460,1
S461,1
S462,1
S463,1
S467,1
S468,1
S497,1
S498,1
S507,1
S5200,1
S5201,1
S5210,1
S5211,1
S5220,1
S5221,1
S5230,1
S5231,1
S5240,1
S5241,1
S525,1
S5250,1
S5251,1
S5260,1
S5261,1
S5270,1
S5280,1
S530,1
S532,1
S534,1
S550,1
S551,1
S552,1
S557,1
S640,1
S641,1
S642,1
S643,1
S644,1
S650,1
S651,1
S654,1
S655,1
S658,1
S7280,1
S731,1
S750,1
S758,1
S759,1
S800,1
S801,1
S807,1
S808,1
S809,1
S810,1
S817,1
S818,1
S819,1
S820,1
S8200,1
S8250,1
S8251,1
S841,1
S848,1
S849,1
S850,1
S853,1
S859,1
S860,1
S861,1
S862,1
S863,1
S868,1
S869,1
S898,1
S900,1
S901,1
S902,1
S903,1
S907,1
S908,1
S909,1
S910,1
T510,1
T791,1
T795,1
T796,1
T797,1
T810,1
T811,1
T813,1
T814,1
T817,1
T818,1
T823,1
T825,1
T827,1
T828,1
T861,1
T874,1
T875,1
T876,1
T881,1
T884,1
T885,1
T886,1
T887,1
U071,1
U072,1
Z038,1
Z21X,1
Z223,1
Z292,1
Z298,1
Z501,1
Z507,1
Z515,1
Z590,1
Z602,1
Z614,1
Z713,1
Z722,1
Z738,1
Z740,1
Z741,1
Z742,1
Z748,1
Z749,1
Z750,1
Z751,1
Z753,1
Z754,1
Z755,1
Z804,1
Z857,1
Z860,1
Z861,1
Z870,1
Z871,1
Z880,1
Z894,1
Z895,1
Z896,1
Z897,1
Z911,1
Z921,1
Z930,1
Z931,1
Z932,1
Z933,1
Z934,1
Z935,1
Z936,1
Z938,1
Z939,1
Z940,1
Z941,1
Z942,1
Z944,1
Z946,1
Z947,1
Z948,1
Z949,1
Z950,1
Z952,1
Z954,1
Z960,1
Z966,1
Z982,1
Z988,1
Z990,1
Z991,1
Z992,1
Z993,1
Z998,1
Z999,1
