A047,95
A400,95
A401,95
A402,95
A403,95
A408,95
A409,95
A410,95
A411,95
A412,95
A414,95
A415,95
A418,95
A419,95
A490,95
B182,95
B203,95
B204,95
B206,95
B209,95
B213,95
B220,95
B227,95
B232,95
B24X,95
B954,95
B956,95
B957,95
B962,95
B964,95
B965,95
B968,95
C20X,95
C340,95
C341,95
C342,95
C343,95
C348,95
C349,95
C500,95
C501,95
C502,95
C503,95
C504,95
C505,95
C506,95
C508,95
C509,95
C61X,95
C64X,95
C670,95
C671,95
C672,95
C673,95
C674,95
C675,95
C676,95
C677,95
C678,95
C679,95
C780,95
C787,95
C793,95
C795,95
C798,95
C800,95
C900,95
C902,95
C911,95
C920,95
D250,95
D251,95
D252,95
D259,95
D461,95
D462,95
D464,95
D465,95
D466,95
D467,95
D469,95
D500,95
D501,95
D508,95
D509,95
D510,95
D511,95
D513,95
D519,95
D521,95
D528,95
D529,95
D531,95
D539,95
D550,95
D552,95
D560,95
D561,95
D562,95
D563,95
D564,95
D568,95
D569,95
D570,95
D571,95
D572,95
D573,95
D580,95
D581,95
D582,95
D588,95
D589,95
D591,95
D593,95
D594,95
D595,95
D596,95
D599,95
D600,95
D608,95
D609,95
D610,95
D611,95
D612,95
D613,95
D618,95
D619,95
D62X,95
D630,95
D638,95
D643,95
D648,95
D649,95
D66X,95
D680,95
D682,95
D683,95
D693,95
D694,95
D695,95
D696,95
D70X,95
D730,95
E031,95
E032,95
E034,95
E038,95
E039,95
E050,95
E051,95
E052,95
E054,95
E058,95
E059,95
E101,95
E102,95
E103,95
E104,95
E105,95
E106,95
E109,95
E110,95
E111,95
E112,95
E113,95
E114,95
E115,95
E116,95
E117,95
E119,95
E160,95
E161,95
E162,95
E559,95
E660,95
E661,95
E662,95
E668,95
E669,95
E835,95
E86X,95
E871,95
E872,95
E875,95
E876,95
E890,95
F000,95
F001,95
F002,95
F009,95
F011,95
F012,95
F013,95
F019,95
F020,95
F021,95
F022,95
F023,95
F028,95
F03X,95
F050,95
F051,95
F058,95
F059,95
F101,95
F102,95
F103,95
F112,95
F200,95
F202,95
F204,95
F209,95
F310,95
F311,95
F312,95
F313,95
F314,95
F315,95
F316,95
F317,95
F318,95
F319,95
F840,95
F841,95
F842,95
F845,95
F848,95
F849,95
G061,95
G122,95
G20X,95
G300,95
G301,95
G308,95
G309,95
G310,95
G311,95
G312,95
G318,95
G319,95
G35X,95
G400,95
G401,95
G402,95
G403,95
G404,95
G405,95
G406,95
G407,95
G408,95
G409,95
G410,95
G411,95
G412,95
G418,95
G419,95
G450,95
G453,95
G454,95
G458,95
G459,95
G473,95
G550,95
G552,95
G800,95
G801,95
G802,95
G803,95
G804,95
G808,95
G809,95
G810,95
G811,95
G819,95
G820,95
G821,95
G822,95
G824,95
G825,95
G834,95
G910,95
G911,95
G912,95
G913,95
G918,95
G919,95
G932,95
G950,95
G951,95
G952,95
G960,95
G992,95
H250,95
H251,95
H258,95
H259,95
H260,95
H261,95
H262,95
H263,95
H264,95
H268,95
H269,95
H360,95
H540,95
H544,95
H910,95
H911,95
H912,95
H913,95
H918,95
I080,95
I081,95
I10X,95
I120,95
I129,95
I200,95
I201,95
I208,95
I209,95
I210,95
I211,95
I212,95
I213,95
I214,95
I219,95
I220,95
I221,95
I229,95
I252,95
I260,95
I269,95
I270,95
I340,95
I350,95
I351,95
I440,95
I444,95
I445,95
I446,95
I447,95
I450,95
I451,95
I460,95
I471,95
I480,95
I481,95
I482,95
I483,95
I484,95
I489,95
I490,95
I491,95
I492,95
I493,95
I494,95
I495,95
I498,95
I499,95
I500,95
I501,95
I509,95
I517,95
I652,95
I672,95
I693,95
I694,95
I801,95
I802,95
J09X,95
J100,95
J101,95
J108,95
J110,95
J111,95
J118,95
J121,95
J122,95
J123,95
J128,95
J129,95
J13X,95
J14X,95
J150,95
J151,95
J152,95
J153,95
J154,95
J155,95
J156,95
J157,95
J158,95
J159,95
J168,95
J171,95
J172,95
J173,95
J180,95
J181,95
J182,95
J189,95
J202,95
J205,95
J208,95
J209,95
J210,95
J211,95
J218,95
J219,95
J22X,95
J431,95
J432,95
J438,95
J439,95
J440,95
J441,95
J448,95
J449,95
J47X,95
J690,95
J90X,95
J960,95
J9600,95
J9601,95
J9609,95
J961,95
J9610,95
J9611,95
J9619,95
J969,95
J9690,95
J9691,95
J9699,95
J981,95
K264,95
K440,95
K441,95
K449,95
K625,95
K700,95
K701,95
K702,95
K703,95
K704,95
K709,95
K740,95
K743,95
K744,95
K745,95
K746,95
K861,95
K920,95
K921,95
K922,95
L031,95
L080,95
L081,95
L088,95
L089,95
L890,95
L891,95
L892,95
L893,95
L899,95
L97X,95
M051,95
M0510,95
M052,95
M053,95
M058,95
M059,95
M0590,95
M0591,95
M0593,95
M0594,95
M0595,95
M0596,95
M0597,95
M0599,95
M060,95
M0600,95
M0604,95
M0605,95
M0606,95
M0608,95
M0609,95
M061,95
M0610,95
M063,95
M0630,95
M0634,95
M064,95
M0640,95
M0644,95
M0646,95
M0649,95
M068,95
M069,95
M0690,95
M0691,95
M0692,95
M0693,95
M0694,95
M0695,95
M0696,95
M0697,95
M0698,95
M0699,95
M2137,95
M316,95
M353,95
M45X,95
M45X0,95
M45X2,95
M45X6,95
M45X7,95
M45X8,95
M45X9,95
M485,95
M4850,95
M4852,95
M4854,95
M4855,95
M4856,95
M4858,95
M500,95
M8040,95
M8048,95
M8080,95
M8085,95
M8086,95
M8088,95
M809,95
M8090,95
M8091,95
M8092,95
M8093,95
M8095,95
M8096,95
M8097,95
M8098,95
M8440,95
M8441,95
M8442,95
M8445,95
M8447,95
M8448,95
M9070,95
M9071,95
M9072,95
M9073,95
M9075,95
M9076,95
M9078,95
N031,95
N032,95
N039,95
N083,95
N130,95
N131,95
N132,95
N133,95
N170,95
N171,95
N172,95
N179,95
N181,95
N182,95
N183,95
N184,95
N185,95
N189,95
N19X,95
N390,95
N990,95
P050,95
P051,95
P059,95
P070,95
P071,95
P072,95
P073,95
P917,95
Q054,95
Q057,95
Q059,95
Q070,95
R000,95
R001,95
R02X,95
R031,95
R040,95
R092,95
R13X,95
R15X,95
R260,95
R262,95
R263,95
R268,95
R31X,95
R32X,95
R33X,95
R400,95
R401,95
R402,95
R410,95
R411,95
R412,95
R413,95
R418,95
R440,95
R441,95
R442,95
R443,95
R451,95
R54X,95
R570,95
R572,95
R600,95
R601,95
R609,95
R651,95
R653,95
R836,95
R945,95
S1200,95
S1210,87
S1220,83
S127,95
S1270,95
S140,95
S141,95
S220,95
S2200,88
S2210,92
S320,95
S3200,79
S3201,95
S325,95
S3250,95
T810,95
T813,95
T814,95
T817,95
T818,95
T846,95
T911,95
T913,95
U071,95
U072,95
Z515,95
Z602,95
Z614,95
Z738,95
Z740,95
Z741,95
Z742,95
Z748,95
Z750,95
Z751,95
Z753,95
Z754,95
Z755,95
Z895,95
Z905,95
Z921,95
Z930,95
Z931,95
Z932,95
Z933,95
Z934,95
Z935,95
Z936,95
Z938,95
Z939,95
Z940,95
Z941,95
Z942,95
Z944,95
Z946,95
Z947,95
Z948,95
Z949,95
Z950,95
Z951,95
Z954,95
Z955,95
Z958,95
Z992,95
Z993,95
S224,57
S2240,57
S2710,57
S272,57
S2720,57
S730,57
